customer_id,dob,primary_state,fico8,vantage4,tradelines_total,tradelines_open,revolving_limit_sum,revolving_balance_sum,revolving_utilization,total_balance_sum,delinq_24mo_count,worst_delinq_24mo,inquiries_12mo_hard,inquiries_12mo_soft,has_collection,collection_balance_total,has_bankruptcy,months_since_oldest_account,avg_account_age_months,avg_tx_amount,total_tx_amount,n_daily_tx,avg_daily_spend,total_spend,last_tx_date,n_fraud_tx,total_tx,fraud_rate,monthly_salary,gender,age,experience_years,utilization_ratio,fraud_flag,thin_file_flag,ym,good,open_ratio,rev_limit_per_line,rev_share_total_bal,util_clip,balance_to_income,revolving_to_income,limit_to_income,any_delinq_24m,worst_delinq_1plus,hard_inq_3plus,inq_per_open_line,experienced_worker,recency_days,tx_frequency,avg_ticket,spend_to_income,daily_spend_to_income,util_x_thin,inq_x_thin,seasoned_x_util,income_x_util,log1p_revolving_limit_sum,log1p_revolving_balance_sum,log1p_total_balance_sum,log1p_total_tx_amount,log1p_total_spend,log1p_monthly_salary,last_tx_ts,last_amount,zscore_last_amount_90d,ratio_last_amount_to_p50_90d,burst_flag,consecutive_declines,rt_utilization,rt_util_clip,thin_x_inactivity,cf_expense_entropy_30d,beh_cash_intensity_30d,beh_seasonality_index_12m,beh_holiday_spike_flag,income,utilization,dti,delinq_12m,inquiries_6m,tradelines,thin_file,high_util
1,1972-01-24,NJ,572,663,4,2.5,48500,20848.4875,0.6686,344960.88,18.5,3.0,1.0,0.0,0,0,0,144.0,98.2,35.47,35.47,238.0,236.44625,53705.59,2022-07-03 19:24:00,0.0,1322,0.0,5050,Female,53,5,0.668607833,0,0,2022-07-01,0,0.75,2500.0,0.1162928098,0.668607833,16.56077196,1.925898704,2.880460874,1,1,0,0.3333333333,1,545,238.0,35.47,9.574367739,1.206855497,0.0,0,0.668607833,4073.358225,11.00211651,10.59956718,12.7511892,3.596490005,11.02688793,8.634298168,2025-11-03 05:37:35.641484,35.47,0,1,0,0,0.6686078333,0.6686078333,0.0,1.115727281,0,0.1972919904,1,5050,0.6686,16.56077196,18.5,1.0,4,0,0.668607833
10,1978-06-04,TX,649,505,2,1.0,30000,10484.9,0.3495,129079.22,3.0,1.0,0.0,2.0,0,0,0,83.0,74.5,142.85,142.85,231.0,236.44625,53705.59,2022-11-11 21:25:00,10.0,1244,0.008038585,5050,Female,47,15,0.349496667,1,1,2022-11-01,0,0.5,2500.0,0.08122841151,0.349496667,2.382854347,0.1935554735,0.5538120731,1,1,0,0.0,1,414,231.0,142.85,3.787009599,0.4918183496,0.349496667,0,0.349496667,4073.358225,10.30898599,9.257786777,11.76818935,4.96877109,11.02688793,8.634298168,2025-11-03 05:38:35.641484,142.85,0,1,0,0,0.3494966667,0.3494966667,19.3918774,1.194786392,0,0.1441017327,0,5050,0.3495,2.382854347,3.0,0.0,2,1,0.349496667
100,1981-09-16,NJ,640,593,2,0.0,1000,813.45,0.0,407623.94,7.0,2.0,1.0,2.0,0,0,0,75.0,63.5,94.93,94.93,242.0,169.12,40928.07,2022-12-03 17:36:00,10.0,1008,0.009920635,3700,Male,44,0,0.81345,1,1,2022-12-01,0,0.0,0.0,0.001995589366,0.81345,110.1686324,0.2198513514,0.2702702703,1,1,0,0.0,0,392,242.0,94.93,11.06164054,1.371243243,0.5846375,1,0.81345,3009.765,6.908754779,6.702513039,12.91810277,4.563618759,10.61959585,8.216358332,2025-11-03 05:37:35.641484,94.93,0,1,0,0,0.81345,0.81345,20.3918774,1.21850103,0,0.1580596049,0,3700,0.0,110.1686324,7.0,1.0,2,1,0.81345
1000,1966-07-26,VA,693,773,4,2.0,30000,6739.13,0.2246,59645.98,11.0,3.0,0.0,1.0,0,0,0,155.0,94.2,283.46,283.46,238.0,112.79,26843.09,2022-12-08 04:59:00,0.0,0,0.0,3100,Male,59,0,0.224637667,0,0,2022-12-01,1,0.5,2500.0,0.1129854854,0.224637667,19.24063871,2.173912903,9.677419355,1,1,0,0.0,0,388,238.0,283.46,8.65906129,1.091516129,0.0,0,0.224637667,696.3767677,10.30898599,8.815834492,10.9961988,5.650592646,10.19780096,8.039479919,2025-11-03 05:39:35.641484,283.46,0,1,0,0,0.2246376667,0.2246376667,0.0,1.334404394,0,0.1172217036,1,3100,0.2246,19.24063871,11.0,0.0,4,0,0.224637667
1001,1995-09-26,CO,769,652,2,1.0,20000,17631.52,0.8816,296765.19,6.0,3.0,0.0,0.0,0,0,0,143.0,72.0,30.21,30.21,233.0,133.44,31092.11,2023-03-09 00:35:00,0.0,0,0.0,4200,Male,30,0,0.881576,0,1,2023-03-01,1,0.5,2500.0,0.05941235898,0.881576,70.65837857,4.197980952,4.761904762,1,1,0,0.0,0,297,233.0,30.21,7.402883333,0.9531428571,0.5846375,0,0.881576,3702.6192,9.903537551,9.777500203,12.60069987,3.440738556,10.34474153,8.343077871,2025-11-03 05:36:35.641484,30.21,0,1,0,0,0.881576,0.881576,21.3918774,1.15419159,0,0.1681198761,1,4200,0.8816,70.65837857,6.0,0.0,2,1,0.881576
1002,1987-10-17,NC,723,550,3,1.0,1000,292.04,0.0,205167.87,7.0,3.0,1.0,1.0,0,0,0,110.0,53.3,302.99,302.99,203.0,193.35,39250.99,2022-01-03 01:39:00,0.0,0,0.0,3200,Female,38,0,0.29204,0,0,2022-01-01,1,0.3333333333,1000.0,0.001423419759,0.29204,64.11495938,0.0912625,0.3125,1,1,0,1.0,0,727,203.0,302.99,12.26593438,1.81265625,0.0,0,0.29204,934.528,6.908754779,5.680309118,12.23158868,5.716994806,10.57775742,8.07121854,2025-11-03 05:36:35.641484,302.99,0,1,0,0,0.29204,0.29204,0.0,1.231358902,0,0.1776549876,1,3200,0.0,64.11495938,7.0,1.0,3,0,0.29204
1003,1989-05-06,CA,710,556,4,0.0,5000,3334.75,0.667,307466.82,15.0,3.0,1.0,0.0,0,0,0,186.0,103.0,94.27,94.27,242.0,132.57,32082.33,2023-02-23 08:33:00,0.0,0,0.0,2900,Male,36,0,0.66695,0,0,2023-02-01,1,0.0,0.0,0.01084588574,0.66695,106.0230414,1.149913793,1.724137931,1,1,0,0.0,0,311,242.0,94.27,11.06287241,1.371413793,0.0,0,0.66695,1934.155,8.517393171,8.112452821,12.63612571,4.556714966,10.37609186,7.972810784,2025-11-03 05:38:35.641484,94.27,0,1,0,0,0.66695,0.66695,0.0,1.225498676,0,0.1085682127,1,2900,0.667,106.0230414,15.0,1.0,4,0,0.66695
1004,1985-10-08,CA,525,678,3,0.0,10000,6478.85,0.6479,331035.5,9.0,3.0,2.0,1.0,1,1016,0,101.0,52.0,515.01,515.01,232.0,180.42,41858.12,2022-06-14 13:03:00,0.0,0,0.0,2600,Female,40,0,0.647885,0,0,2022-06-01,0,0.0,0.0,0.0195714659,0.647885,127.3213462,2.491865385,3.846153846,1,1,0,0.0,0,564,232.0,515.01,16.09927692,2.081769231,0.0,0,0.647885,1684.501,9.210440367,8.776452641,12.70998392,6.246126145,10.64206497,7.863651265,2025-11-03 05:39:35.641484,515.01,0,1,0,0,0.647885,0.647885,0.0,1.368347019,0,0.1686751416,1,2600,0.6479,127.3213462,9.0,2.0,3,0,0.647885
1005,1982-01-26,CO,682,756,2,0.0,30000,4974.46,0.1658,11567.96,4.0,3.0,0.0,0.0,0,0,0,149.0,109.0,266.55,266.55,230.0,140.7,32360.83,2022-05-30 05:10:00,0.0,0,0.0,2600,Male,43,0,0.165815333,0,1,2022-05-01,1,0.0,0.0,0.4300205049,0.165815333,4.449215385,1.913253846,11.53846154,1,1,0,0.0,0,580,230.0,266.55,12.44647308,1.623461538,0.165815333,0,0.165815333,431.1198658,10.30898599,8.512273108,9.356080929,5.589306465,10.38473492,7.863651265,2025-11-03 05:39:35.641484,266.55,0,1,0,0,0.1658153333,0.1658153333,18.3918774,1.347572223,0,0.1690241373,1,2600,0.1658,4.449215385,4.0,0.0,2,1,0.165815333
1006,1998-06-25,MO,706,525,2,0.0,20000,11851.09,0.5926,68989.83,7.0,3.0,0.0,2.0,0,0,0,184.0,107.5,414.46,414.46,211.0,186.46,39343.44,2022-11-03 07:02:00,0.0,0,0.0,3400,Male,27,0,0.5925545,0,1,2022-11-01,1,0.0,0.0,0.1717802465,0.5925545,20.29112647,3.485614706,5.882352941,1,1,0,0.0,0,423,211.0,414.46,11.5716,1.645235294,0.5846375,0,0.5925545,2014.6853,9.903537551,9.380259502,11.14172888,6.02938634,10.58010995,8.131824785,2025-11-03 05:36:35.641484,414.46,0,1,0,0,0.5925545,0.5925545,21.3918774,1.310402792,0,0.1867347827,0,3400,0.5926,20.29112647,7.0,0.0,2,1,0.5925545
1007,1979-03-04,OH,492,767,3,0.0,22000,11772.09,0.5351,13430.28,8.0,3.0,1.0,0.0,0,0,0,169.0,71.7,125.05,125.05,226.0,178.5,40340.34,2022-04-14 12:44:00,0.0,0,0.0,3100,Male,46,0,0.535095,0,0,2022-04-01,0,0.0,0.0,0.4889038178,0.535095,4.332348387,3.797448387,7.096774194,1,1,0,0.0,0,625,226.0,125.05,13.0130129,1.727419355,0.0,0,0.535095,1658.7945,9.998843186,9.373571698,9.505341594,4.836678654,10.60513203,8.039479919,2025-11-03 05:36:35.641484,125.05,0,1,0,0,0.535095,0.535095,0.0,1.234237885,0,0.1997538512,0,3100,0.5351,4.332348387,8.0,1.0,3,0,0.535095
1008,1980-05-18,NY,766,578,4,1.0,5000,1932.92,0.3866,299727.85,10.0,3.0,1.0,1.0,0,0,0,70.0,51.0,1120.67,1120.67,245.0,152.28,37307.56,2023-01-02 12:18:00,0.0,0,0.0,3800,Male,45,0,0.386584,0,0,2023-01-01,1,0.25,2500.0,0.006448916909,0.386584,78.87575,0.5086631579,1.315789474,1,1,0,1.0,0,362,245.0,1120.67,9.817778947,1.202210526,0.0,0,0.386584,1469.0192,8.517393171,7.56730431,12.61063351,7.79289378,10.52697807,8.243019469,2025-11-03 05:38:35.641484,1120.67,0,1,0,0,0.386584,0.386584,0.0,1.357318441,0,0.2788010113,1,3800,0.3866,78.87575,10.0,1.0,4,0,0.386584
1009,1979-10-28,PA,771,723,4,0.0,1000,347.73,0.0,191810.7,10.0,3.0,0.0,2.5,0,0,0,185.0,124.2,1120.67,1120.67,243.0,98.22,23868.56,2022-11-27 05:15:00,0.0,0,0.0,4600,Male,45,0,0.34773,0,0,2022-11-01,1,0.0,0.0,0.001812881137,0.34773,41.69797826,0.07559347826,0.2173913043,1,1,0,0.0,0,399,243.0,1120.67,5.188817391,0.6405652174,0.0,0,0.34773,1599.558,6.908754779,5.854297984,12.16426944,7.929194904,10.08035929,8.43402895,2025-11-03 05:37:35.641484,1120.67,0,1,0,0,0.34773,0.34773,0.0,1.233926877,0,0.1902801685,1,4600,0.0,41.69797826,10.0,0.0,4,0,0.34773
101,1968-02-21,MI,621,548,2,0.0,15000,9869.76,0.658,9869.76,5.0,2.0,0.0,0.0,0,0,0,67.0,51.0,521.53,521.53,221.0,157.84,34882.39,2022-08-12 11:50:00,0.0,1040,0.0,3800,Male,57,0,0.657984,0,1,2022-08-01,0,0.0,0.0,0.4889038178,0.657984,2.597305263,2.597305263,3.947368421,1,1,0,0.0,0,505,221.0,521.53,9.179576316,1.246105263,0.5846375,0,0.657984,2500.3392,9.615872145,9.19733213,9.19733213,6.258682398,10.45976606,8.243019469,2025-11-03 05:39:35.641484,521.53,0,1,0,0,0.657984,0.657984,18.3918774,1.374626958,0,0.2063459807,1,3800,0.658,2.597305263,5.0,0.0,2,1,0.657984
1010,1987-03-06,OH,541,489,3,0.0,10000,5573.36,0.5573,478569.43,9.0,3.0,0.0,0.0,0,0,0,144.0,82.0,419.66,419.66,223.0,177.61,39606.42,2022-03-02 07:16:00,0.0,0,0.0,2600,Male,38,0,0.557336,0,0,2022-03-01,0,0.0,0.0,0.0116458755,0.557336,183.5765946,2.1436,3.846153846,1,1,0,0.0,0,669,223.0,419.66,15.23323846,2.049346154,0.0,0,0.557336,1449.0736,9.210440367,8.625932792,13.07855867,6.041824906,10.58677175,7.863651265,2025-11-03 05:39:35.641484,419.66,0,1,0,0,0.557336,0.557336,0.0,1.350148082,0,0.1571452593,1,2600,0.5573,183.5765946,9.0,0.0,3,0,0.557336
1011,2002-06-26,VA,585,776,3,1.0,1000,595.19,0.0,229985.56,15.0,3.0,0.0,2.5,0,0,0,185.0,158.0,162.35,162.35,206.0,138.66,28564.9,2022-01-23 01:41:00,0.0,0,0.0,3000,Female,23,0,0.59519,0,0,2022-01-01,0,0.3333333333,1000.0,0.002587945087,0.59519,76.66185333,0.1983966667,0.3333333333,1,1,0,0.0,0,707,206.0,162.35,9.521633333,1.3866,0.0,0,0.59519,1785.57,6.908754779,6.390559408,12.34577615,5.095895138,10.25996898,8.006700845,2025-11-03 05:37:35.641484,162.35,0,1,0,0,0.59519,0.59519,0.0,1.282747407,0,0.1989512825,0,3000,0.0,76.66185333,15.0,0.0,3,0,0.59519
1012,2002-01-23,VA,523,685,3,0.0,2000,543.73,0.2719,294563.69,10.0,3.0,1.0,2.0,0,0,0,176.0,85.3,687.12,687.12,224.0,127.12,28474.86,2022-06-28 15:37:00,0.0,0,0.0,2600,Male,23,0,0.271865,0,0,2022-06-01,0,0.0,0.0,0.001845882634,0.271865,113.2937269,0.2091269231,0.7692307692,1,1,0,0.0,0,550,224.0,687.12,10.95186923,1.466769231,0.0,0,0.271865,706.849,7.601402335,6.300290259,12.59325392,6.533963241,10.25681199,7.863651265,2025-11-03 05:39:35.641484,687.12,0,1,0,0,0.271865,0.271865,0.0,1.369163345,0,0.157510179,1,2600,0.2719,113.2937269,10.0,1.0,3,0,0.271865
1013,2001-10-05,MO,731,654,4,0.0,47000,20848.4875,0.5778,27157.28,10.0,3.0,0.0,2.5,0,0,0,131.0,95.5,1120.67,1120.67,241.0,122.35,29485.4,2023-06-28 01:01:00,0.0,0,0.0,3400,Male,24,0,0.577814468,0,0,2023-06-01,1,0.0,0.0,0.4889038178,0.577814468,7.987435294,6.45558796,13.82352941,1,1,0,0.0,0,186,241.0,1120.67,8.672176471,1.079558824,0.0,0,0.577814468,1964.569191,10.75792416,10.20943725,10.20943725,7.929119285,10.29168442,8.131824785,2025-11-03 05:39:35.641484,1120.67,0,1,0,0,0.5778144681,0.5778144681,0.0,1.309757869,0,0.1955118421,0,3400,0.5778,7.987435294,10.0,0.0,4,0,0.577814468
1014,1977-08-18,GA,572,492,4,0.0,20000,1561.36,0.0781,171039.44,12.0,3.0,0.0,0.0,0,0,1,58.0,44.5,24.81,24.81,219.0,181.14,39670.44,2023-12-26 12:55:00,0.0,0,0.0,2900,Female,48,0,0.078068,0,0,2023-12-01,0,0.0,0.0,0.009128654771,0.078068,58.97911724,0.5384,6.896551724,1,1,0,0.0,0,4,219.0,24.81,13.67946207,1.873862069,0.0,0,0.078068,226.3972,9.903537551,7.353952778,12.0496553,3.250762014,10.58838681,7.972810784,2025-11-03 05:37:35.641484,24.81,0,1,0,0,0.078068,0.078068,0.0,1.102912508,0,0.1921718004,1,2900,0.0781,58.97911724,12.0,0.0,4,0,0.078068
1015,1976-08-02,TX,675,526,2,1.0,5000,3781.49,0.7563,18815.49,6.0,3.0,0.0,1.0,0,0,0,106.0,58.0,309.08,309.08,242.0,166.41,40271.98,2022-10-15 01:38:00,0.0,0,0.0,3600,Female,49,0,0.756298,0,1,2022-10-01,1,0.5,2500.0,0.2009774925,0.756298,5.226525,1.050413889,1.388888889,1,1,0,0.0,0,442,242.0,309.08,11.18666111,1.38675,0.5846375,0,0.756298,2722.6728,8.517393171,8.238137802,9.842488892,5.736830329,10.60343605,8.188966864,2025-11-03 05:39:35.641484,309.08,0,1,0,0,0.756298,0.756298,18.3918774,1.335526701,0,0.1908239198,0,3600,0.7563,5.226525,6.0,0.0,2,1,0.756298
1016,1968-04-20,OH,530,626,3,0.0,48500,18580.31,0.3716,26766.44,7.0,3.0,0.0,0.0,0,0,0,131.0,58.0,251.82,251.82,237.0,121.84,28877.07,2022-05-03 07:22:00,0.0,0,0.0,3400,Female,57,0,0.3716062,0,0,2022-05-01,0,0.0,0.0,0.4889038178,0.3716062,7.872482353,5.464797059,14.70588235,1,1,0,0.0,0,607,237.0,251.82,8.493255882,1.075058824,0.0,0,0.3716062,1263.46108,10.81979828,9.829911516,10.1949415,5.532677773,10.27083776,8.131824785,2025-11-03 05:37:35.641484,251.82,0,1,0,0,0.3716062,0.3716062,0.0,1.333484073,0,0.3168724568,0,3400,0.3716,7.872482353,7.0,0.0,3,0,0.3716062
1017,1966-09-16,CA,573,525,3,0.0,1000,851.93,0.0,183583.24,4.0,2.0,1.0,0.0,0,0,0,166.0,108.3,501.8,501.8,243.0,128.03,31110.38,2023-11-14 23:54:00,0.0,0,0.0,3200,Female,59,0,0.85193,0,0,2023-11-01,0,0.0,0.0,0.004640565228,0.85193,57.3697625,0.266228125,0.3125,1,1,0,0.0,0,46,243.0,501.8,9.72199375,1.20028125,0.0,0,0.85193,2726.176,6.908754779,6.748677481,12.12042891,6.220192477,10.34532895,8.07121854,2025-11-03 05:39:35.641484,501.8,0,1,0,0,0.85193,0.85193,0.0,1.369737599,0,0.1653759393,1,3200,0.0,57.3697625,4.0,1.0,3,0,0.85193
1018,1986-10-07,IL,637,566,4,0.0,2000,451.37,0.2257,83993.16,9.0,3.0,2.0,1.0,0,0,0,167.0,124.2,119.85,119.85,238.0,144.22,34324.29,2022-10-27 21:28:00,0.0,0,0.0,2800,Male,39,0,0.225685,0,0,2022-10-01,0,0.0,0.0,0.005373889969,0.225685,29.99755714,0.1612035714,0.7142857143,1,1,0,0.0,0,429,238.0,119.85,12.258675,1.545214286,0.0,0,0.225685,631.918,7.601402335,6.114500429,11.33850255,4.794550107,10.44363768,7.937731775,2025-11-03 05:39:35.641484,119.85,0,1,0,0,0.225685,0.225685,0.0,1.255033297,0,0.1398280039,1,2800,0.2257,29.99755714,9.0,2.0,4,0,0.225685
1019,1986-12-06,NC,794,572,3,0.0,20000,17524.62,0.8762,109051.81,10.0,3.0,0.0,0.0,0,0,0,181.0,162.0,30.93,30.93,221.0,164.34,36319.07,2022-12-07 20:38:00,0.0,0,0.0,3100,Male,38,0,0.876231,0,0,2022-12-01,1,0.0,0.0,0.1606999462,0.876231,35.17800323,5.653103226,6.451612903,1,1,0,0.0,0,388,221.0,30.93,11.71582903,1.590387097,0.0,0,0.876231,2716.3161,9.903537551,9.771419089,11.59958754,3.463546007,10.50012576,8.039479919,2025-11-03 05:37:35.641484,30.93,0,1,0,0,0.876231,0.876231,0.0,1.135657877,0,0.1854641869,1,3100,0.8762,35.17800323,10.0,0.0,3,0,0.876231
102,1982-01-01,NC,725,708,3,0.0,20000,13578.64,0.6789,327009.65,6.0,3.0,2.0,0.0,0,0,1,176.0,118.3,56.48,56.48,219.0,157.61,34516.34,2023-12-30 05:33:00,0.0,1002,0.0,2500,Female,43,0,0.678932,0,0,2023-12-01,1,0.0,0.0,0.04152366757,0.678932,130.80386,5.431456,8.0,1,1,0,0.0,0,1,219.0,56.48,13.806536,1.89132,0.0,0,0.678932,1697.33,9.903537551,9.516326891,12.69774802,4.051437061,10.44921709,7.824445931,2025-11-03 05:38:35.641484,56.48,0,1,0,0,0.678932,0.678932,0.0,1.179829495,0,0.2169043008,0,2500,0.6789,130.80386,6.0,2.0,3,0,0.678932
1020,1968-01-05,MO,509,679,3,0.0,12000,5993.33,0.4994,5993.33,11.0,3.0,2.0,0.0,0,0,0,175.0,108.0,69.6,69.6,237.0,154.86,36701.67,2022-02-01 16:40:00,0.0,0,0.0,3200,Female,57,0,0.499444167,0,0,2022-02-01,0,0.0,0.0,0.4889038178,0.499444167,1.872915625,1.872915625,3.75,1,1,0,0.0,0,697,237.0,69.6,11.46927188,1.4518125,0.0,0,0.499444167,1598.221334,9.392745259,8.698569301,8.698569301,4.257030144,10.51060478,8.07121854,2025-11-03 05:36:35.641484,69.6,0,1,0,0,0.4994441667,0.4994441667,0.0,1.203160742,0,0.1969230569,0,3200,0.4994,1.872915625,11.0,2.0,3,0,0.499444167
1021,1974-02-28,TN,643,691,2,0.0,30000,7553.87,0.2518,7553.87,9.0,3.0,0.0,2.0,0,0,0,147.0,75.5,143.79,143.79,212.0,159.16,33742.18,2023-01-30 20:12:00,0.0,0,0.0,3900,Female,51,0,0.251795667,0,1,2023-01-01,0,0.0,0.0,0.4889038178,0.251795667,1.936889744,1.936889744,7.692307692,1,1,0,0.0,0,334,212.0,143.79,8.651841026,1.224307692,0.251795667,0,0.251795667,982.0031013,10.30898599,8.929947667,8.929947667,4.975284417,10.4265336,8.26898821,2025-11-03 05:36:35.641484,143.79,0,1,0,0,0.2517956667,0.2517956667,21.3918774,1.251233991,0,0.1571937343,0,3900,0.2518,1.936889744,9.0,0.0,2,1,0.251795667
1022,1988-02-12,PA,612,541,2,0.0,1000,528.33,0.0,580391.195,7.0,3.0,0.0,1.0,0,0,0,177.0,143.0,66.64,66.64,219.0,147.95,32400.09,2022-08-21 18:52:00,0.0,0,0.0,2600,Male,37,0,0.52833,0,1,2022-08-01,0,0.0,0.0,0.0008683744923,0.52833,183.5765946,0.2032038462,0.3846153846,1,1,0,0.0,0,496,219.0,66.64,12.46157308,1.707115385,0.52833,0,0.52833,1373.658,6.908754779,6.271612056,13.31861023,4.214199524,10.38594734,7.863651265,2025-11-03 05:38:35.641484,66.64,0,1,0,0,0.52833,0.52833,19.3918774,1.205555607,0,0.2270108099,1,2600,0.0,183.5765946,7.0,0.0,2,1,0.52833
1023,2002-02-11,GA,583,785,2,0.0,10000,7263.88,0.7264,14609.83,8.0,3.0,0.0,0.0,0,0,0,87.0,72.0,283.74,283.74,234.0,101.07,23650.59,2022-02-19 21:30:00,0.0,0,0.0,3900,Female,23,0,0.726388,0,1,2022-02-01,0,0.0,0.0,0.4889038178,0.726388,3.746110256,1.862533333,2.564102564,1,1,0,0.0,0,679,234.0,283.74,6.064253846,0.7774615385,0.5846375,0,0.726388,2832.9132,9.210440367,8.890807058,9.589518314,5.651576483,10.07118562,8.26898821,2025-11-03 05:39:35.641484,283.74,0,1,0,0,0.726388,0.726388,18.3918774,1.328316414,0,0.2381480344,1,3900,0.7264,3.746110256,8.0,0.0,2,1,0.726388
1024,1985-03-06,MI,732,538,2,0.0,2000,464.97,0.2325,898.9,4.0,2.0,0.0,0.0,0,0,0,147.0,126.0,7.43,7.43,219.0,154.12,33752.3,2023-08-17 22:22:00,0.0,0,0.0,3000,Female,40,0,0.232485,0,1,2023-08-01,1,0.0,0.0,0.4889038178,0.232485,0.2996333333,0.15499,0.6666666667,1,1,0,0.0,0,135,219.0,7.43,11.25076667,1.5412,0.232485,0,0.232485,697.455,7.601402335,6.144121254,6.802283646,2.131796772,10.42683347,8.006700845,2025-11-03 05:38:35.641484,7.43,0,1,0,0,0.232485,0.232485,19.3918774,1.08261185,0,0.1669893576,1,3000,0.2325,0.2996333333,4.0,0.0,2,1,0.232485
1025,1996-11-11,WA,511,717,2,0.0,20000,6545.62,0.3273,15747.74,4.0,2.0,0.0,0.0,0,0,0,81.0,65.5,232.96,232.96,238.0,134.66,32048.32,2022-01-30 09:09:00,0.0,0,0.0,2300,Male,28,0,0.327281,0,1,2022-01-01,0,0.0,0.0,0.4156545638,0.327281,6.846843478,2.845921739,8.695652174,1,1,0,0.0,0,700,238.0,232.96,13.93405217,1.756434783,0.327281,0,0.327281,752.7463,9.903537551,8.786704165,9.664515641,5.455150161,10.37503125,7.74109909,2025-11-03 05:37:35.641484,232.96,0,1,0,0,0.327281,0.327281,20.3918774,1.325544324,0,0.1619617305,1,2300,0.3273,6.846843478,4.0,0.0,2,1,0.327281
1026,2000-12-20,VA,513,494,2,0.0,1000,704.83,0.7048,243199.73,3.0,3.0,1.0,0.0,1,1005,0,57.0,50.0,51.02,51.02,231.0,138.52,31998.03,2022-05-04 07:53:00,0.0,0,0.0,2400,Male,24,0,0.70483,0,1,2022-05-01,0,0.0,0.0,0.002898152889,0.70483,101.3332208,0.2936791667,0.4166666667,1,1,0,0.0,0,606,231.0,51.02,13.3325125,1.7315,0.5846375,1,0.70483,1691.592,6.908754779,6.559374415,12.40164243,3.95162826,10.37346087,7.783640596,2025-11-03 05:36:35.641484,51.02,0,1,0,0,0.70483,0.70483,21.3918774,1.190581661,0,0.2574001399,1,2400,0.7048,101.3332208,3.0,1.0,2,1,0.70483
1027,1979-11-19,WA,599,617,4,0.0,11000,8523.57,0.7749,393295.56,8.0,2.0,0.0,1.0,0,0,0,170.0,134.8,274.66,274.66,218.0,155.14,33821.34,2022-09-20 19:31:00,0.0,0,0.0,3000,Male,45,0,0.77487,0,0,2022-09-01,0,0.0,0.0,0.02167217448,0.77487,131.09852,2.84119,3.666666667,1,1,0,0.0,0,466,218.0,274.66,11.27378,1.5514,0.0,0,0.77487,2324.61,9.305741457,9.050707861,12.88231921,5.619168222,10.42887681,8.006700845,2025-11-03 05:39:35.641484,274.66,0,1,0,0,0.77487,0.77487,0.0,1.335608506,0,0.2112231031,1,3000,0.7749,131.09852,8.0,0.0,4,0,0.77487
1028,1989-05-24,GA,606,635,4,0.0,5000,1499.06,0.2998,21591.46,9.0,2.0,0.0,0.0,0,0,0,183.0,91.8,129.97,129.97,245.0,96.59,23663.71,2023-05-18 13:49:00,0.0,0,0.0,3700,Female,36,0,0.299812,0,0,2023-05-01,0,0.0,0.0,0.06942837585,0.299812,5.83552973,0.4051513514,1.351351351,1,1,0,0.0,0,226,245.0,129.97,6.395597297,0.7831621622,0.0,0,0.299812,1109.3044,8.517393171,7.313260386,9.980099459,4.874968289,10.07174019,8.216358332,2025-11-03 05:37:35.641484,129.97,0,1,0,0,0.299812,0.299812,0.0,1.194310525,0,0.09967155088,1,3700,0.2998,5.83552973,9.0,0.0,4,0,0.299812
1029,1973-03-24,CA,708,736,4,0.0,25000,2591.17,0.1036,105227.0,11.0,3.0,2.5,0.0,0,0,0,171.0,123.0,43.29,43.29,237.0,145.51,34486.7,2022-09-28 13:51:00,0.0,0,0.0,3300,Female,52,0,0.1036468,0,0,2022-09-01,1,0.0,0.0,0.02462457354,0.1036468,31.8869697,0.7852030303,7.575757576,1,1,1,0.0,0,458,237.0,43.29,10.45051515,1.322818182,0.0,0,0.1036468,342.03444,10.1266711,7.860250642,11.5638847,3.790758918,10.44835802,8.101980732,2025-11-03 05:38:35.641484,43.29,0,1,0,0,0.1036468,0.1036468,0.0,1.17179211,0,0.2731764996,1,3300,0.1036,31.8869697,11.0,2.5,4,0,0.1036468
103,1973-11-09,WA,636,762,4,0.0,33000,6963.97,0.211,12467.94,10.0,3.0,0.0,1.0,0,0,0,94.0,71.5,58.8,58.8,202.0,152.39,30782.8,2022-11-12 18:36:00,5.0,1209,0.004135649,3300,Male,51,0,0.211029394,1,0,2022-11-01,0,0.0,0.0,0.4889038178,0.211029394,3.778163636,2.110293939,10.0,1,1,0,0.0,0,413,202.0,58.8,9.328121212,1.385363636,0.0,0,0.211029394,696.3970002,10.40429314,8.848648579,9.430996031,4.091005661,10.33474386,8.101980732,2025-11-03 05:36:35.641484,58.8,0,1,0,0,0.2110293939,0.2110293939,0.0,1.120093494,0,0.2045820691,0,3300,0.211,3.778163636,10.0,0.0,4,0,0.211029394
1030,2001-07-28,MO,552,756,3,1.0,1000,924.38,0.0,73605.9,7.0,2.0,1.0,1.0,0,0,0,176.0,104.3,143.04,143.04,226.0,197.05,44534.19,2022-11-21 23:14:00,0.0,0,0.0,2600,Female,24,0,0.92438,0,0,2022-11-01,0,0.3333333333,1000.0,0.01255850414,0.92438,28.30996154,0.3555307692,0.3846153846,1,1,0,1.0,0,404,226.0,143.04,17.12853462,2.273653846,0.0,0,0.92438,2403.388,6.908754779,6.830204464,11.20649405,4.970091039,10.70403494,7.863651265,2025-11-03 05:36:35.641484,143.04,0,1,0,0,0.92438,0.92438,0.0,1.226279891,0,0.1800332638,0,2600,0.0,28.30996154,7.0,1.0,3,0,0.92438
1031,1967-03-20,NC,605,764,3,1.0,0,0.0,0.0,212961.31,9.0,2.0,2.0,1.0,0,0,0,155.0,105.7,82.43,82.43,233.0,104.52,24353.87,2023-03-22 03:12:00,0.0,0,0.0,3600,Male,58,0,0.49068525,0,0,2023-03-01,0,0.3333333333,0.0,0.0,0.49068525,59.15591944,0.0,0.0,1,1,0,2.0,0,284,233.0,82.43,6.764963889,0.871,0.0,0,0.477859,1590.507672,2.416580621,1.973596521,12.26887048,4.424007957,10.10048711,8.188966864,2025-11-03 05:36:35.641484,82.43,0,1,0,0,0.0,0.0,0.0,1.214036284,0,0.1868895221,1,3600,0.0,59.15591944,9.0,2.0,3,0,0.49068525
1032,1979-11-19,FL,501,717,2,1.0,35000,20848.4875,0.7605,26619.14,4.0,1.0,0.0,0.0,0,0,0,144.0,101.5,296.59,296.59,252.0,93.88,23658.57,2023-12-27 22:07:00,0.0,0,0.0,2500,Male,45,0,0.760546857,0,1,2023-12-01,0,0.5,2500.0,0.4889038178,0.760546857,10.647656,6.45558796,14.0,1,1,0,0.0,0,3,252.0,296.59,9.463428,1.12656,0.5846375,0,0.760546857,1901.367143,10.46313191,10.18942335,10.18942335,5.6957167,10.07152296,7.824445931,2025-11-03 05:38:35.641484,296.59,0,1,0,0,0.7605468571,0.7605468571,19.3918774,1.246178622,0,0.2385048783,0,2500,0.7605,10.647656,4.0,0.0,2,1,0.760546857
1033,1996-03-11,TX,565,510,2,1.0,0,0.0,0.0,303958.83,5.0,3.0,0.0,0.0,0,0,0,33.5,14.0,868.16,868.16,227.0,174.79,39676.38,2022-06-18 11:54:00,0.0,0,0.0,2200,Female,29,0,0.49068525,0,1,2022-06-01,0,0.5,0.0,0.0,0.49068525,138.1631045,0.0,0.0,1,1,0,0.0,0,560,227.0,868.16,18.03471818,2.3835,0.0,0,0.477859,1590.507672,2.416580621,1.973596521,12.62465083,6.767527228,10.58853653,7.696667082,2025-11-03 05:36:35.641484,868.16,0,1,0,0,0.0,0.0,21.3918774,1.369655572,0,0.1961131754,1,2200,0.0,138.1631045,5.0,0.0,2,1,0.49068525
1034,1980-06-11,WA,619,674,2,0.0,0,0.0,0.0,12982.03,5.0,2.0,1.0,0.0,0,0,0,78.0,49.5,91.93,91.93,245.0,130.05,31861.67,2023-11-14 01:17:00,0.0,0,0.0,3500,Male,45,0,0.49068525,0,1,2023-11-01,0,0.0,0.0,0.0,0.49068525,3.709151429,0.0,0.0,1,1,0,0.0,0,47,245.0,91.93,9.103334286,1.114714286,0.0,1,0.477859,1590.507672,2.416580621,1.973596521,9.471398399,4.531846522,10.36919038,8.160803921,2025-11-03 05:37:35.641484,91.93,0,1,0,0,0.0,0.0,20.3918774,1.215652438,0,0.1283282798,1,3500,0.0,3.709151429,5.0,1.0,2,1,0.49068525
1035,1970-12-22,NC,588,503,4,1.0,10000,7458.04,0.7458,296933.52,12.0,3.0,0.0,0.0,0,0,0,103.0,46.8,73.28,73.28,238.0,137.72,32777.9,2022-03-24 01:10:00,0.0,0,0.0,2800,Female,54,0,0.745804,0,0,2022-03-01,0,0.25,2500.0,0.02511686791,0.745804,106.0476857,2.663585714,3.571428571,1,1,0,0.0,0,647,238.0,73.28,11.70639286,1.475571429,0.0,0,0.745804,2088.2512,9.210440367,8.917181999,12.60126692,4.307841736,10.39754029,7.937731775,2025-11-03 05:37:35.641484,73.28,0,1,0,0,0.745804,0.745804,0.0,1.210781024,0,0.2490270983,1,2800,0.7458,106.0476857,12.0,0.0,4,0,0.745804
1036,1993-01-09,AZ,753,633,2,0.0,2000,861.3,0.4306,66482.79,6.0,3.0,1.0,0.0,0,0,0,146.0,121.5,95.91,95.91,230.0,118.67,27293.1,2023-05-09 11:48:00,0.0,0,0.0,4100,Male,32,0,0.43065,0,1,2023-05-01,1,0.0,0.0,0.01295523247,0.43065,16.21531463,0.2100731707,0.487804878,1,1,0,0.0,0,235,230.0,95.91,6.656853659,0.8683170732,0.43065,1,0.43065,1765.665,7.601402335,6.759603238,11.10471344,4.573782713,10.21442584,8.318986125,2025-11-03 05:39:35.641484,95.91,0,1,0,0,0.43065,0.43065,18.3918774,1.251164017,0,0.2677591373,1,4100,0.4306,16.21531463,6.0,1.0,2,1,0.43065
1037,1980-12-03,VA,682,551,3,0.0,1000,514.74,0.0,224842.43,12.0,3.0,0.0,1.0,0,0,0,155.0,98.7,194.7,194.7,243.0,114.26,27766.34,2022-05-15 16:57:00,0.0,0,0.0,2700,Female,44,0,0.51474,0,0,2022-05-01,1,0.0,0.0,0.002289336581,0.51474,83.27497407,0.1906444444,0.3703703704,1,1,0,0.0,0,594,243.0,194.7,10.28382963,1.269555556,0.0,0,0.51474,1389.798,6.908754779,6.245602763,12.32315957,5.276582874,10.23161579,7.901377354,2025-11-03 05:39:35.641484,194.7,0,1,0,0,0.51474,0.51474,0.0,1.285446865,0,0.1836070221,1,2700,0.0,83.27497407,12.0,0.0,3,0,0.51474
1038,1981-02-24,CA,701,792,2,1.0,20000,13528.72,0.6764,22078.1,4.0,3.0,0.0,1.0,0,0,0,167.0,128.5,434.29,434.29,242.0,144.42,34950.74,2022-12-29 17:31:00,0.0,0,0.0,3400,Female,44,0,0.676436,0,1,2022-12-01,1,0.5,2500.0,0.4889038178,0.676436,6.493558824,3.979035294,5.882352941,1,1,0,0.0,0,366,242.0,434.29,10.27962941,1.274294118,0.5846375,0,0.676436,2299.8824,9.903537551,9.512644026,10.00238674,6.076012476,10.46172353,8.131824785,2025-11-03 05:37:35.641484,434.29,0,1,0,0,0.676436,0.676436,20.3918774,1.370344807,0,0.2375436415,1,3400,0.6764,6.493558824,4.0,0.0,2,1,0.676436
1039,1968-07-15,MI,655,711,4,0.0,48500,20848.4875,0.5009,90166.36,9.0,3.0,2.5,0.0,0,0,0,185.0,116.2,157.9,157.9,211.0,184.18,38862.53,2023-06-22 05:16:00,0.0,0,0.0,2900,Male,57,0,0.5009285,0,0,2023-06-01,0,0.0,0.0,0.3333361799,0.5009285,31.09184828,6.45558796,15.64516129,1,1,1,0.0,0,192,211.0,157.9,13.40087241,1.905310345,0.0,0,0.5009285,1452.69265,11.00211651,10.31084121,11.40942278,5.068275074,10.56781156,7.972810784,2025-11-03 05:38:35.641484,157.9,0,1,0,0,0.5009285,0.5009285,0.0,1.216616855,0,0.1512758368,0,2900,0.5009,31.09184828,9.0,2.5,4,0,0.5009285
104,1993-09-23,MI,569,623,2,0.0,30000,8805.48,0.2935,77073.53,4.0,3.0,1.0,1.0,0,0,0,89.0,87.0,313.71,313.71,218.0,122.4,26683.05,2023-07-12 16:16:00,6.0,1398,0.004291845,2600,Male,32,0,0.293516,1,1,2023-07-01,0,0.0,0.0,0.1142477839,0.293516,29.64366538,3.386723077,11.53846154,1,1,0,0.0,0,171,218.0,313.71,10.26271154,1.412307692,0.293516,1,0.293516,763.1416,10.30898599,9.083243093,11.25252815,5.75165158,10.19182129,7.863651265,2025-11-03 05:38:35.641484,313.71,0,1,0,0,0.293516,0.293516,19.3918774,1.379028359,0,0.1834070216,0,2600,0.2935,29.64366538,4.0,1.0,2,1,0.293516
1040,1975-07-16,PA,605,654,2,1.0,30000,14636.61,0.4879,27839.4,6.0,2.0,1.0,2.0,0,0,0,107.0,53.5,81.28,81.28,234.0,153.23,35855.29,2023-02-23 23:49:00,0.0,0,0.0,3900,Male,50,0,0.487887,0,1,2023-02-01,0,0.5,2500.0,0.4889038178,0.487887,7.138307692,3.752976923,7.692307692,1,1,0,1.0,0,310,234.0,81.28,9.193664103,1.178692308,0.487887,1,0.487887,1902.7593,10.30898599,9.591349523,10.23424348,4.410128065,10.48727428,8.26898821,2025-11-03 05:38:35.641484,81.28,0,1,0,0,0.487887,0.487887,19.3918774,1.21883586,0,0.1645234877,1,3900,0.4879,7.138307692,6.0,1.0,2,1,0.487887
1041,1987-09-13,FL,715,488,2,0.0,1000,228.55,0.0,187639.8,4.0,2.0,1.0,2.0,0,0,0,123.0,112.5,30.44,30.44,244.0,145.09,35402.77,2023-09-08 08:05:00,0.0,0,0.0,3200,Female,38,0,0.22855,0,1,2023-09-01,1,0.0,0.0,0.001218025174,0.22855,58.6374375,0.071421875,0.3125,1,1,0,0.0,0,114,244.0,30.44,11.06336563,1.36021875,0.22855,1,0.22855,731.36,6.908754779,5.436120871,12.14228478,3.448080968,10.47457359,8.07121854,2025-11-03 05:36:35.641484,30.44,0,1,0,0,0.22855,0.22855,21.3918774,1.143882125,0,0.2648085782,0,3200,0.0,58.6374375,4.0,1.0,2,1,0.22855
1042,1995-10-21,OH,481,482,4,0.0,36000,12202.99,0.339,19375.0,13.0,3.0,0.0,2.5,0,0,0,163.0,115.8,143.0,143.0,229.0,157.13,35982.69,2023-12-05 11:56:00,0.0,0,0.0,3300,Male,30,0,0.338971944,0,0,2023-12-01,0,0.0,0.0,0.4889038178,0.338971944,5.871212121,3.697875758,10.90909091,1,1,0,0.0,0,25,229.0,143.0,10.90384545,1.428454545,0.0,0,0.338971944,1118.607415,10.49130199,9.409518226,9.871790466,4.9698133,10.49082106,8.101980732,2025-11-03 05:37:35.641484,143.0,0,1,0,0,0.3389719444,0.3389719444,0.0,1.271667372,0,0.2484228667,0,3300,0.339,5.871212121,13.0,0.0,4,0,0.338971944
1043,1975-08-03,NY,568,764,3,0.0,30000,20848.4875,0.7349,28981.75,8.0,3.0,0.0,0.0,0,0,0,169.0,66.7,1120.67,1120.67,231.0,113.97,26326.08,2022-11-29 10:56:00,0.0,0,0.0,2300,Male,50,0,0.734862,0,0,2022-11-01,0,0.0,0.0,0.4889038178,0.734862,12.60076087,6.45558796,13.04347826,1,1,0,0.0,0,397,231.0,1120.67,11.44612174,1.486565217,0.0,0,0.734862,1690.1826,10.30898599,10.00092547,10.2744561,7.716981823,10.17835335,7.74109909,2025-11-03 05:38:35.641484,1120.67,0,1,0,0,0.734862,0.734862,0.0,1.276131759,0,0.1749599481,0,2300,0.7349,12.60076087,8.0,0.0,3,0,0.734862
1044,1983-01-11,NJ,681,519,4,1.0,5000,2412.89,0.4826,204209.6,7.0,3.0,0.0,1.0,0,0,0,130.0,76.0,110.98,110.98,252.0,102.06,25719.16,2022-09-01 10:18:00,0.0,0,0.0,3900,Female,42,0,0.482578,0,0,2022-09-01,1,0.25,2500.0,0.01181575205,0.482578,52.3614359,0.6186897436,1.282051282,1,1,0,0.0,0,486,252.0,110.98,6.59465641,0.7850769231,0.0,0,0.482578,1882.0542,8.517393171,7.788994833,12.22690709,4.718320284,10.1550304,8.26898821,2025-11-03 05:36:35.641484,110.98,0,1,0,0,0.482578,0.482578,0.0,1.167432377,0,0.1752117762,0,3900,0.4826,52.3614359,7.0,0.0,4,0,0.482578
1045,1971-02-11,WA,707,660,4,0.0,45000,20848.4875,0.4704,174450.0,13.0,3.0,1.0,0.0,0,0,0,186.0,116.8,231.85,231.85,243.0,173.66,42198.85,2022-02-09 01:43:00,0.0,0,0.0,3400,Male,54,0,0.470361778,0,0,2022-02-01,1,0.0,0.0,0.121331499,0.470361778,51.30882353,6.225376471,13.23529412,1,1,0,0.0,0,690,243.0,231.85,12.41142647,1.532294118,0.0,0,0.470361778,1599.230045,10.71443999,9.960211872,12.06939918,5.450394469,10.65017195,8.131824785,2025-11-03 05:38:35.641484,231.85,0,1,0,0,0.4703617778,0.4703617778,0.0,1.301416178,0,0.2924254638,0,3400,0.4704,51.30882353,13.0,1.0,4,0,0.470361778
1046,1989-03-24,TX,787,678,4,0.0,20000,15581.49,0.7791,163094.38,16.0,3.0,1.0,2.0,0,0,0,184.0,96.5,1120.67,1120.67,219.0,125.07,27390.73,2022-12-04 03:17:00,0.0,0,0.0,4800,Male,36,0,0.7790745,0,0,2022-12-01,1,0.0,0.0,0.09553664571,0.7790745,33.97799583,3.24614375,4.166666667,1,1,0,0.0,0,392,219.0,1120.67,5.706402083,0.7816875,0.0,0,0.7790745,3739.5576,9.903537551,9.653903127,12.00209046,7.667630769,10.21799642,8.476579509,2025-11-03 05:37:35.641484,1120.67,0,1,0,0,0.7790745,0.7790745,0.0,1.273941049,0,0.2132006413,1,4800,0.7791,33.97799583,16.0,1.0,4,0,0.7790745
1047,2000-02-11,WI,484,716,2,1.0,10000,8634.6,0.8635,20980.34,5.0,3.0,0.0,0.0,0,0,1,178.0,96.5,429.32,429.32,249.0,116.54,29018.24,2022-03-15 18:12:00,0.0,0,0.0,2400,Female,25,0,0.86346,0,1,2022-03-01,0,0.5,2500.0,0.4115567241,0.86346,8.741808333,3.59775,4.166666667,1,1,0,0.0,0,655,249.0,429.32,12.09093333,1.45675,0.5846375,0,0.86346,2072.304,9.210440367,9.063648473,9.95138875,6.064529118,10.27571434,7.783640596,2025-11-03 05:39:35.641484,429.32,0,1,0,0,0.86346,0.86346,18.3918774,1.339757727,0,0.1778406037,0,2400,0.8635,8.741808333,5.0,0.0,2,1,0.86346
1048,1995-12-01,MI,578,484,2,0.0,1000,845.02,0.0,153779.28,3.0,3.0,0.0,0.0,0,0,0,78.0,57.5,64.98,64.98,239.0,160.39,38333.57,2022-03-19 16:05:00,0.0,0,0.0,2900,Male,29,0,0.84502,0,1,2022-03-01,0,0.0,0.0,0.005495018575,0.84502,53.02733793,0.2913862069,0.3448275862,1,1,0,0.0,0,651,239.0,64.98,13.21847241,1.659206897,0.5846375,0,0.84502,2450.558,6.908754779,6.740543,11.94328011,4.189351666,10.55410738,7.972810784,2025-11-03 05:39:35.641484,64.98,0,1,0,0,0.84502,0.84502,18.3918774,1.19415501,0,0.2394539188,1,2900,0.0,53.02733793,3.0,0.0,2,1,0.84502
1049,1975-10-14,WA,490,663,4,2.0,35000,20848.4875,0.7672,125185.11,14.0,3.0,1.0,2.0,0,0,0,186.0,75.0,484.31,484.31,215.0,179.15,38518.0,2022-01-16 23:11:00,0.0,0,0.0,3500,Female,50,0,0.767170857,0,0,2022-01-01,0,0.5,2500.0,0.2144902057,0.767170857,35.76717429,6.45558796,10.0,1,1,0,0.5,0,713,215.0,484.31,11.00514286,1.535571429,0.0,0,0.767170857,2685.098,10.46313191,10.19809484,11.73755679,6.184787862,10.55890691,8.160803921,2025-11-03 05:37:35.641484,484.31,0,1,0,0,0.7671708571,0.7671708571,0.0,1.341406312,0,0.1814545201,1,3500,0.7672,35.76717429,14.0,1.0,4,0,0.767170857
105,2000-01-04,TX,755,614,2,0.0,2000,471.66,0.2358,214932.11,2.0,3.0,1.0,0.0,0,0,0,89.0,50.5,22.38,22.38,218.0,96.85,21113.95,2023-05-10 22:48:00,0.0,1438,0.0,3100,Male,25,0,0.23583,0,1,2023-05-01,1,0.0,0.0,0.002194460381,0.23583,69.33293871,0.1521483871,0.6451612903,1,1,0,0.0,0,234,218.0,22.38,6.810951613,0.9372580645,0.23583,1,0.23583,731.073,7.601402335,6.158376314,12.27808214,3.151880956,9.957736599,8.039479919,2025-11-03 05:36:35.641484,22.38,0,1,0,0,0.23583,0.23583,21.3918774,1.142591987,0,0.2048331088,1,3100,0.2358,69.33293871,2.0,1.0,2,1,0.23583
1050,1968-02-11,AZ,526,593,4,1.0,20000,8496.18,0.4248,305194.58,17.0,3.0,1.0,0.0,0,0,0,189.0,75.0,48.38,48.38,223.0,152.68,34047.82,2022-08-19 04:16:00,0.0,0,0.0,2500,Male,57,0,0.424809,0,0,2022-08-01,0,0.25,2500.0,0.02783856778,0.424809,122.077832,3.398472,8.0,1,1,0,1.0,0,499,223.0,48.38,13.619128,1.83216,0.0,0,0.424809,1062.0225,9.903537551,9.047489623,12.6287081,3.899545484,10.43555066,7.824445931,2025-11-03 05:39:35.641484,48.38,0,1,0,0,0.424809,0.424809,0.0,1.17825386,0,0.2152885803,0,2500,0.4248,122.077832,17.0,1.0,4,0,0.424809
1051,1977-07-23,IN,732,498,2,1.0,30000,11793.2,0.3931,295335.87,6.0,3.0,0.0,0.0,0,0,0,76.0,56.0,759.25,759.25,233.0,100.71,23465.62,2023-10-26 22:25:00,0.0,0,0.0,3700,Female,48,0,0.393106667,0,1,2023-10-01,1,0.5,2500.0,0.03993148546,0.393106667,79.82050541,3.187351351,8.108108108,1,1,0,0.0,0,65,233.0,759.25,6.342059459,0.8165675676,0.393106667,0,0.393106667,1454.494668,10.30898599,9.375363164,12.59587192,6.633647327,10.06333426,8.216358332,2025-11-03 05:39:35.641484,759.25,0,1,0,0,0.3931066667,0.3931066667,18.3918774,1.30764811,0,0.1642340773,0,3700,0.3931,79.82050541,6.0,0.0,2,1,0.393106667
1052,1999-05-22,GA,732,483,3,0.0,20000,17927.91,0.8964,29138.53,9.0,3.0,1.0,1.0,0,0,0,181.0,137.0,338.43,338.43,246.0,146.78,36108.02,2022-08-29 00:59:00,0.0,0,0.0,2900,Female,26,0,0.8963955,0,0,2022-08-01,1,0.0,0.0,0.4889038178,0.8963955,10.04776897,6.182037931,6.896551724,1,1,0,0.0,0,489,246.0,338.43,12.45104138,1.518413793,0.0,0,0.8963955,2599.54695,9.903537551,9.794169773,10.27985095,5.82726774,10.49429797,7.972810784,2025-11-03 05:39:35.641484,338.43,0,1,0,0,0.8963955,0.8963955,0.0,1.346218778,0,0.2407484901,1,2900,0.8964,10.04776897,9.0,1.0,3,0,0.8963955
1053,1984-04-04,NY,682,622,4,1.0,2000,643.16,0.3216,196741.63,10.0,2.0,1.0,0.0,0,0,0,186.0,120.0,37.94,37.94,244.0,115.03,28068.37,2022-11-27 23:54:00,0.0,0,0.0,3700,Female,41,0,0.32158,0,0,2022-11-01,1,0.25,2000.0,0.003269059019,0.32158,53.17341351,0.173827027,0.5405405405,1,1,0,1.0,0,398,244.0,37.94,7.586045946,0.9326756757,0.0,0,0.32158,1189.846,7.601402335,6.467947142,12.18965171,3.662022,10.24243423,8.216358332,2025-11-03 05:36:35.641484,37.94,0,1,0,0,0.32158,0.32158,0.0,1.130089559,0,0.2494191956,1,3700,0.3216,53.17341351,10.0,1.0,4,0,0.32158
1054,1990-10-18,CO,567,769,3,0.0,2000,313.43,0.1567,341098.54,9.0,3.0,0.0,0.0,1,892,0,157.0,76.0,84.16,84.16,226.0,179.97,40673.27,2022-09-10 14:22:00,0.0,0,0.0,2800,Male,35,0,0.156715,0,0,2022-09-01,0,0.0,0.0,0.0009188840269,0.156715,121.8209071,0.1119392857,0.7142857143,1,1,0,0.0,0,476,226.0,84.16,14.52616786,1.92825,0.0,0,0.156715,438.802,7.601402335,5.750761476,12.73992962,4.44453184,10.61335098,7.937731775,2025-11-03 05:37:35.641484,84.16,0,1,0,0,0.156715,0.156715,0.0,1.19649761,0,0.1934243302,1,2800,0.1567,121.8209071,9.0,0.0,3,0,0.156715
1055,1974-01-12,CA,513,513,2,1.0,5000,4735.88,0.9472,154843.28,6.0,3.0,1.0,1.0,0,0,0,41.0,28.0,54.39,54.39,236.0,165.1,38963.21,2022-05-21 20:42:00,0.0,0,0.0,2400,Male,51,0,0.947176,0,1,2022-05-01,0,0.5,2500.0,0.0305849889,0.947176,64.51803333,1.973283333,2.083333333,1,1,0,1.0,0,588,236.0,54.39,16.23467083,2.06375,0.5846375,1,0.0,2273.2224,8.517393171,8.46313397,11.95017525,4.014399072,10.57039881,7.783640596,2025-11-03 05:38:35.641484,54.39,0,1,0,0,0.947176,0.947176,19.3918774,1.180214141,0,0.1666534573,1,2400,0.9472,64.51803333,6.0,1.0,2,1,0.947176
1056,1992-02-10,WI,612,747,4,2.0,48500,20848.4875,0.5341,32043.62,7.0,3.0,1.0,0.0,0,0,0,189.0,79.8,242.17,242.17,205.0,203.82,41783.6,2023-02-13 04:32:00,0.0,0,0.0,3200,Male,33,0,0.534060333,0,0,2023-02-01,0,0.5,2500.0,0.4889038178,0.534060333,10.01363125,6.45558796,15.64516129,1,1,0,0.5,0,321,205.0,242.17,13.057375,1.9108125,0.0,0,0.534060333,1708.993066,11.00211651,10.37488459,10.37488459,5.493760787,10.64028313,8.07121854,2025-11-03 05:39:35.641484,242.17,0,1,0,0,0.5340603333,0.5340603333,0.0,1.20409257,0,0.2085297931,1,3200,0.5341,10.01363125,7.0,1.0,4,0,0.534060333
1057,1995-04-04,CA,578,752,3,2.0,31000,6350.58,0.2049,29047.36,17.0,3.0,0.0,0.0,0,0,0,80.0,42.0,914.55,914.55,233.0,131.32,30597.15,2022-03-24 11:10:00,0.0,0,0.0,2800,Female,30,0,0.204857419,0,0,2022-03-01,0,0.6666666667,2500.0,0.2186284743,0.204857419,10.37405714,2.268064286,11.07142857,1,1,0,0.0,0,647,233.0,914.55,10.92755357,1.407,0.0,0,0.204857419,573.6007732,10.34177474,8.75645888,10.27671731,6.819524978,10.32869483,7.937731775,2025-11-03 05:38:35.641484,914.55,0,1,0,0,0.2048574194,0.2048574194,0.0,1.350473078,0,0.1659701719,0,2800,0.2049,10.37405714,17.0,0.0,3,0,0.204857419
1058,1978-03-21,GA,766,481,3,0.0,25000,20848.4875,0.9129,64503.24,8.0,3.0,0.0,1.0,0,0,0,149.0,108.3,242.85,242.85,226.0,183.81,41540.5,2023-09-17 03:46:00,0.0,0,0.0,4600,Male,47,0,0.9128528,0,0,2023-09-01,1,0.0,0.0,0.3538011424,0.9128528,14.02244348,4.961156522,5.434782609,1,1,0,0.0,0,105,226.0,242.85,9.030543478,1.19876087,0.0,0,0.9128528,4073.358225,10.1266711,10.03549428,11.07448624,5.496553282,10.63444821,8.43402895,2025-11-03 05:37:35.641484,242.85,0,1,0,0,0.9128528,0.9128528,0.0,1.296310409,0,0.1769329797,0,4600,0.9129,14.02244348,8.0,0.0,3,0,0.9128528
1059,1970-08-28,FL,506,701,2,0.0,12000,8199.31,0.6833,8199.31,6.0,3.0,0.0,0.0,0,0,0,68.0,45.0,46.03,46.03,253.0,146.87,37156.86,2022-05-25 08:20:00,0.0,0,0.0,2300,Female,55,0,0.683275833,0,1,2022-05-01,0,0.0,0.0,0.4889038178,0.683275833,3.564917391,3.564917391,5.217391304,1,1,0,0.0,0,585,253.0,46.03,16.15515652,1.915695652,0.5846375,0,0.683275833,1571.534416,9.392745259,9.011927237,9.011927237,3.850785696,10.5229306,7.74109909,2025-11-03 05:37:35.641484,46.03,0,1,0,0,0.6832758333,0.6832758333,20.3918774,1.155861969,0,0.1456632728,1,2300,0.6833,3.564917391,6.0,0.0,2,1,0.683275833
106,1974-09-02,VA,518,739,2,1.0,1000,984.78,0.0,124861.9,10.0,3.0,0.0,0.0,0,0,0,162.0,86.0,11.83,11.83,230.0,188.45,43343.53,2022-08-15 11:15:00,0.0,1594,0.0,3300,Male,51,0,0.98478,0,1,2022-08-01,0,0.5,1000.0,0.007886953506,0.98478,37.83693939,0.2984181818,0.303030303,1,1,0,0.0,0,503,230.0,11.83,13.13440303,1.713181818,0.5846375,0,0.98478,3249.774,6.908754779,6.893433206,11.73497161,2.551786179,10.67693579,8.101980732,2025-11-03 05:36:35.641484,11.83,0,1,0,0,0.98478,0.98478,21.3918774,1.093824408,0,0.2181923149,1,3300,0.0,37.83693939,10.0,0.0,2,1,0.98478
1060,1984-07-16,CO,620,745,2,0.0,1000,492.96,0.0,118888.97,2.0,2.0,1.0,0.0,1,2463,0,93.0,62.5,95.56,95.56,235.0,137.27,32258.87,2022-05-20 18:18:00,0.0,0,0.0,2500,Female,41,0,0.49296,0,1,2022-05-01,0,0.0,0.0,0.004146389695,0.49296,47.555588,0.197184,0.4,1,1,0,0.0,0,589,235.0,95.56,12.903548,1.64724,0.49296,1,0.49296,1232.4,6.908754779,6.202454542,11.68595372,4.570164577,10.38157932,7.824445931,2025-11-03 05:39:35.641484,95.56,0,1,0,0,0.49296,0.49296,18.3918774,1.239526892,0,0.2674034686,0,2500,0.0,47.555588,2.0,1.0,2,1,0.49296
1061,1981-02-21,IN,733,744,2,0.0,1000,484.48,0.0,120586.0,4.0,2.0,0.0,0.0,0,0,0,83.0,72.0,676.53,676.53,227.0,110.94,25184.38,2023-07-12 04:41:00,0.0,0,0.0,3500,Female,44,0,0.48448,0,1,2023-07-01,1,0.0,0.0,0.004017713499,0.48448,34.45314286,0.1384228571,0.2857142857,1,1,0,0.0,0,172,227.0,676.53,7.195537143,0.9509142857,0.48448,0,0.48448,1695.68,6.908754779,6.185138092,11.70012676,6.518453832,10.13401895,8.160803921,2025-11-03 05:39:35.641484,676.53,0,1,0,0,0.48448,0.48448,18.3918774,1.349683987,0,0.2058881025,0,3500,0.0,34.45314286,4.0,0.0,2,1,0.48448
1062,1989-03-12,PA,594,622,2,0.0,2000,1497.29,0.7486,244125.62,6.0,3.0,2.0,0.0,0,0,0,184.0,153.5,1120.67,1120.67,248.0,104.99,26038.31,2023-02-17 04:53:00,0.0,0,0.0,3400,Male,36,0,0.748645,0,1,2023-02-01,0,0.0,0.0,0.006133276794,0.748645,71.80165294,0.4403794118,0.5882352941,1,1,0,0.0,0,317,248.0,1120.67,7.658326471,0.9263823529,0.5846375,2,0.748645,2545.393,7.601402335,7.312079737,12.4054423,7.585570524,10.1673626,8.131824785,2025-11-03 05:36:35.641484,1120.67,0,1,0,0,0.748645,0.748645,21.3918774,1.263721996,0,0.1778075979,1,3400,0.7486,71.80165294,6.0,2.0,2,1,0.748645
1063,1988-03-15,NY,752,641,2,0.0,20000,10088.01,0.5044,255117.83,6.0,3.0,1.0,1.0,0,0,0,78.0,75.0,505.82,505.82,227.0,129.56,29411.15,2022-04-16 06:27:00,0.0,0,0.0,3800,Female,37,0,0.5044005,0,1,2022-04-01,1,0.0,0.0,0.03954255177,0.5044005,67.13627105,2.654739474,5.263157895,1,1,0,0.0,0,624,227.0,505.82,7.739776316,1.022842105,0.5044005,1,0.5044005,1916.7219,9.903537551,9.219201992,12.44948472,6.228155911,10.28916313,8.243019469,2025-11-03 05:37:35.641484,505.82,0,1,0,0,0.5044005,0.5044005,20.3918774,1.385549643,0,0.2064889564,1,3800,0.5044,67.13627105,6.0,1.0,2,1,0.5044005
1064,1981-08-15,NJ,680,651,4,0.0,48500,20848.4875,0.7326,177735.77,11.0,3.0,1.0,2.0,0,0,0,179.0,103.8,1120.67,1120.67,241.0,145.21,34995.5,2023-01-09 02:46:00,0.0,0,0.0,3100,Male,44,0,0.7326132,0,0,2023-01-01,1,0.0,0.0,0.2060961617,0.7326132,57.33411935,6.45558796,15.64516129,1,1,0,0.0,0,356,241.0,1120.67,11.28887097,1.405258065,0.0,0,0.7326132,2271.10092,10.81979828,10.50866817,12.08805891,7.357441398,10.46300334,8.039479919,2025-11-03 05:38:35.641484,1120.67,0,1,0,0,0.7326132,0.7326132,0.0,1.347341427,0,0.1570226553,1,3100,0.7326,57.33411935,11.0,1.0,4,0,0.7326132
1065,1979-05-19,NY,772,595,2,0.0,12000,10228.28,0.8524,10228.28,7.0,3.0,1.0,0.0,0,0,0,173.0,129.5,75.52,75.52,240.0,182.04,43690.42,2022-10-16 17:13:00,0.0,0,0.0,4100,Male,46,0,0.852356667,0,1,2022-10-01,1,0.0,0.0,0.4889038178,0.852356667,2.494702439,2.494702439,2.926829268,1,1,0,0.0,0,440,240.0,75.52,10.6562,1.332,0.5846375,1,0.852356667,3494.662335,9.392745259,9.233009475,9.233009475,4.337552145,10.68490702,8.318986125,2025-11-03 05:37:35.641484,75.52,0,1,0,0,0.8523566667,0.8523566667,20.3918774,1.193207947,0,0.2216947178,1,4100,0.8524,2.494702439,7.0,1.0,2,1,0.852356667
1066,1974-12-22,FL,518,580,4,1.0,16000,2616.04,0.1635,27089.0,13.0,2.0,0.0,0.0,0,0,0,154.0,102.5,34.67,34.67,223.0,112.48,25082.02,2023-06-03 11:40:00,0.0,0,0.0,3300,Female,50,0,0.1635025,0,0,2023-06-01,0,0.25,2500.0,0.09657204031,0.1635025,8.208787879,0.7927393939,4.848484848,1,1,0,0.0,0,210,223.0,34.67,7.600612121,1.022545455,0.0,0,0.1635025,539.55825,9.680406499,7.869799187,10.20691994,3.574309999,10.1299464,8.101980732,2025-11-03 05:36:35.641484,34.67,0,1,0,0,0.1635025,0.1635025,0.0,1.175009106,0,0.1972806008,1,3300,0.1635,8.208787879,13.0,0.0,4,0,0.1635025
1067,1970-11-12,IN,648,512,2,0.0,1000,825.56,0.8256,7473.21,8.0,3.0,0.0,0.0,1,1164,0,128.0,109.0,294.98,294.98,225.0,159.38,35860.65,2022-08-28 06:40:00,0.0,0,0.0,3500,Female,54,0,0.82556,0,1,2022-08-01,0,0.0,0.0,0.1104692629,0.82556,2.135202857,0.2358742857,0.2857142857,1,1,0,0.0,0,490,225.0,294.98,10.2459,1.366114286,0.5846375,0,0.82556,2889.46,6.908754779,6.71727251,8.919213707,5.690291884,10.48742376,8.160803921,2025-11-03 05:39:35.641484,294.98,0,1,0,0,0.82556,0.82556,18.3918774,1.34223356,0,0.1995072563,0,3500,0.8256,2.135202857,8.0,0.0,2,1,0.82556
1068,1991-10-08,IN,494,701,2,0.0,1000,265.41,0.2654,718.3,4.0,3.0,1.0,0.0,0,0,1,98.0,86.5,872.24,872.24,236.0,197.52,46615.2,2022-08-13 17:36:00,0.0,0,0.0,2700,Female,34,0,0.26541,0,1,2022-08-01,0,0.0,0.0,0.3694974245,0.26541,0.266037037,0.0983,0.3703703704,1,1,0,0.0,0,504,236.0,872.24,17.26488889,2.194666667,0.26541,1,0.26541,716.607,6.908754779,5.585036475,6.578278517,6.772210432,10.7497034,7.901377354,2025-11-03 05:39:35.641484,872.24,0,1,0,0,0.26541,0.26541,18.3918774,1.376087515,0,0.1295140075,1,2700,0.2654,0.266037037,4.0,1.0,2,1,0.26541
1069,1968-07-27,TN,783,608,2,1.0,1000,209.75,0.0,138804.52,11.0,3.0,1.0,1.0,0,0,0,86.0,86.0,203.41,203.41,214.0,136.6,29232.62,2022-07-13 03:30:00,0.0,0,0.0,4400,Female,57,0,0.20975,0,1,2022-07-01,1,0.5,1000.0,0.001511117938,0.20975,31.54648182,0.04767045455,0.2272727273,1,1,0,1.0,0,536,214.0,203.41,6.643777273,0.9313636364,0.20975,1,0.20975,922.9,6.908754779,5.350672597,11.8408291,5.320127781,10.2830747,8.389587067,2025-11-03 05:37:35.641484,203.41,0,1,0,0,0.20975,0.20975,20.3918774,1.329427993,0,0.2258113287,1,4400,0.0,31.54648182,11.0,1.0,2,1,0.20975
107,2002-09-05,MI,777,782,2,0.0,1000,209.1,0.0,82614.86,3.0,2.0,1.0,1.0,0,0,0,147.0,97.5,202.12,202.12,240.0,136.66,32798.2,2022-03-24 18:07:00,12.0,1800,0.006666667,4100,Male,23,0,0.2091,1,1,2022-03-01,1,0.0,0.0,0.002531021659,0.2091,20.14996585,0.051,0.243902439,1,1,0,0.0,0,646,240.0,202.12,7.999560976,0.9999512195,0.2091,1,0.2091,857.31,6.908754779,5.347583608,11.32195695,5.313796937,10.3981594,8.318986125,2025-11-03 05:37:35.641484,202.12,0,1,0,0,0.2091,0.2091,20.3918774,1.307216089,0,0.3174948941,1,4100,0.0,20.14996585,3.0,1.0,2,1,0.2091
1070,1991-09-22,CO,535,602,4,1.0,1000,880.86,0.0,420073.55,4.0,3.0,2.0,1.0,0,0,0,189.0,144.8,776.63,776.63,228.0,134.78,30729.37,2022-08-02 15:08:00,0.0,0,0.0,3300,Female,34,0,0.88086,0,0,2022-08-01,0,0.25,1000.0,0.002096918504,0.88086,127.2950152,0.2669272727,0.303030303,1,1,0,2.0,0,515,228.0,776.63,9.311930303,1.225272727,0.0,0,0.88086,2906.838,6.908754779,6.782033313,12.94818747,6.656250833,10.3330067,8.101980732,2025-11-03 05:37:35.641484,776.63,0,1,0,0,0.88086,0.88086,0.0,1.368059958,0,0.1622752669,1,3300,0.0,127.2950152,4.0,2.0,4,0,0.88086
1071,2001-04-16,GA,507,746,3,0.0,1000,971.16,0.0,39965.57,6.0,2.0,2.0,1.0,0,0,0,181.0,139.3,182.13,182.13,228.0,182.23,41549.42,2023-02-09 05:10:00,0.0,0,0.0,2400,Male,24,0,0.97116,0,0,2023-02-01,0,0.0,0.0,0.02429991615,0.97116,16.65232083,0.40465,0.4166666667,1,1,0,0.0,0,325,228.0,182.13,17.31225833,2.277875,0.0,0,0.97116,2330.784,6.908754779,6.8795204,10.59579863,5.210196283,10.63466291,7.783640596,2025-11-03 05:39:35.641484,182.13,0,1,0,0,0.97116,0.97116,0.0,1.269698974,0,0.186346147,0,2400,0.0,16.65232083,6.0,2.0,3,0,0.97116
1072,1970-07-28,NY,517,528,2,1.0,0,0.0,0.0,441980.32,6.0,3.0,1.0,2.0,0,0,0,180.0,110.0,133.91,133.91,246.0,175.59,43196.23,2023-07-22 23:21:00,0.0,0,0.0,2800,Male,55,0,0.49068525,0,1,2023-07-01,0,0.5,0.0,0.0,0.49068525,157.8501143,0.0,0.0,1,1,0,1.0,0,161,246.0,133.91,15.427225,1.881321429,0.0,1,0.477859,1590.507672,2.416580621,1.973596521,12.9990229,4.904607889,10.67353165,7.937731775,2025-11-03 05:36:35.641484,133.91,0,1,0,0,0.0,0.0,21.3918774,1.243389452,0,0.1675345955,1,2800,0.0,157.8501143,6.0,1.0,2,1,0.49068525
1073,1997-10-17,MO,776,523,2,1.0,1000,32.0,0.032,2425.53,5.0,3.0,0.0,0.0,0,0,0,67.0,48.0,57.98,57.98,199.0,107.33,21359.07,2022-06-01 03:44:00,0.0,0,0.0,2900,Female,28,0,0.032,0,1,2022-06-01,1,0.5,1000.0,0.01319299287,0.032,0.8363896552,0.01103448276,0.3448275862,1,1,0,0.0,0,578,199.0,57.98,7.365196552,1.110310345,0.032,0,0.032,92.8,6.908754779,3.496507561,7.794217532,4.077198403,9.96927857,7.972810784,2025-11-03 05:37:35.641484,57.98,0,1,0,0,0.032,0.032,20.3918774,1.212302948,0,0.09792950209,1,2900,0.032,0.8363896552,5.0,0.0,2,1,0.032
1074,1974-02-25,MA,497,640,3,0.0,5000,3346.5,0.6693,40812.13,11.0,3.0,0.0,1.0,0,0,0,95.0,53.7,196.63,196.63,215.0,174.47,37510.52,2022-01-23 12:44:00,0.0,0,0.0,3200,Male,51,0,0.6693,0,0,2022-01-01,0,0.0,0.0,0.08199768059,0.6693,12.75379063,1.04578125,1.5625,1,1,0,0.0,0,706,215.0,196.63,11.7220375,1.63565625,0.0,0,0.6693,2141.76,8.517393171,8.115969078,10.61675912,5.286396596,10.53240336,8.07121854,2025-11-03 05:36:35.641484,196.63,0,1,0,0,0.6693,0.6693,0.0,1.268445924,0,0.1935668102,1,3200,0.6693,12.75379063,11.0,0.0,3,0,0.6693
1075,1976-03-07,AZ,545,706,3,1.0,48500,20848.4875,0.7244,41771.97,9.0,3.0,0.0,1.0,0,0,0,160.0,110.3,781.73,781.73,235.0,159.21,37413.35,2023-11-02 08:23:00,0.0,0,0.0,2500,Male,49,0,0.7244094,0,0,2023-11-01,0,0.3333333333,2500.0,0.4889038178,0.7244094,16.708788,6.45558796,15.64516129,1,1,0,0.0,0,59,235.0,781.73,14.96534,1.91052,0.0,0,0.7244094,1811.0235,10.81979828,10.49740732,10.64000476,6.662787809,10.5298096,7.824445931,2025-11-03 05:38:35.641484,781.73,0,1,0,0,0.7244094,0.7244094,0.0,1.382608428,0,0.2160127473,0,2500,0.7244,16.708788,9.0,0.0,3,0,0.7244094
1076,1973-01-14,TX,634,513,2,0.0,30000,20848.4875,0.8152,27853.94,3.0,1.0,1.0,1.0,0,0,0,172.0,115.0,188.06,188.06,231.0,131.49,30375.25,2023-03-08 06:35:00,0.0,0,0.0,3000,Female,52,0,0.815205667,0,1,2023-03-01,0,0.0,0.0,0.4889038178,0.815205667,9.284646667,6.45558796,10.0,1,1,0,0.0,0,298,231.0,188.06,10.12508333,1.3149,0.5846375,1,0.815205667,2445.617001,10.30898599,10.1046787,10.23476561,5.242064425,10.32141633,8.006700845,2025-11-03 05:36:35.641484,188.06,0,1,0,0,0.8152056667,0.8152056667,21.3918774,1.317177326,0,0.1316003822,1,3000,0.8152,9.284646667,3.0,1.0,2,1,0.815205667
1077,1992-04-27,IL,508,630,2,0.0,1000,906.17,0.0,8033.45,5.0,3.0,1.0,0.0,0,0,0,33.5,8.5,109.24,109.24,243.0,97.57,23710.69,2022-01-18 02:27:00,0.0,0,0.0,2300,Male,33,0,0.90617,0,1,2022-01-01,0,0.0,0.0,0.1127996066,0.90617,3.492804348,0.3939869565,0.4347826087,1,1,0,0.0,0,712,243.0,109.24,10.30899565,1.272652174,0.5846375,1,0.0,2084.191,6.908754779,6.810329864,8.991493825,4.702659807,10.07372345,7.74109909,2025-11-03 05:37:35.641484,109.24,0,1,0,0,0.90617,0.90617,20.3918774,1.186445964,0,0.2338329431,0,2300,0.0,3.492804348,5.0,1.0,2,1,0.90617
1078,1981-06-24,TX,685,796,4,1.0,25000,8995.46,0.3598,33315.78,15.0,3.0,1.0,0.0,0,0,0,115.0,86.2,509.13,509.13,215.0,203.7,43795.17,2023-05-06 11:43:00,0.0,0,0.0,2600,Male,44,0,0.3598184,0,0,2023-05-01,1,0.25,2500.0,0.2700059852,0.3598184,12.81376154,3.459792308,9.615384615,1,1,0,1.0,0,238,215.0,509.13,16.84429615,2.350384615,0.0,0,0.3598184,935.52784,10.1266711,9.104586446,10.41381645,6.234665595,10.68730165,7.863651265,2025-11-03 05:38:35.641484,509.13,0,1,0,0,0.3598184,0.3598184,0.0,1.318679344,0,0.1378838298,1,2600,0.3598,12.81376154,15.0,1.0,4,0,0.3598184
1079,1970-07-18,PA,599,712,2,0.0,1000,689.74,0.0,8188.19,6.0,2.0,1.0,0.0,0,0,1,100.0,87.5,63.44,63.44,198.0,168.99,33459.61,2022-01-21 07:53:00,0.0,0,0.0,3700,Male,55,0,0.68974,0,1,2022-01-01,0,0.0,0.0,0.08423595447,0.68974,2.213024324,0.1864162162,0.2702702703,1,1,0,0.0,0,709,198.0,63.44,9.043137838,1.370189189,0.5846375,1,0.68974,2552.038,6.908754779,6.537763487,9.010570271,4.165734558,10.41812421,8.216358332,2025-11-03 05:38:35.641484,63.44,0,1,0,0,0.68974,0.68974,19.3918774,1.054280322,0,0.2479124872,1,3700,0.0,2.213024324,6.0,1.0,2,1,0.68974
108,1973-01-10,VA,498,758,3,1.0,10000,2968.71,0.2969,171248.22,7.0,3.0,0.0,2.0,0,0,0,147.0,103.0,246.7,246.7,215.0,196.02,42143.84,2022-03-31 20:16:00,9.0,1017,0.008849558,2900,Male,52,0,0.296871,1,0,2022-03-01,0,0.3333333333,2500.0,0.01733571304,0.296871,59.05111034,1.023693103,3.448275862,1,1,0,0.0,0,639,215.0,246.7,14.53235862,2.027793103,0.0,0,0.296871,860.9259,9.210440367,7.996219584,12.0508752,5.512218336,10.64886754,7.972810784,2025-11-03 05:39:35.641484,246.7,0,1,0,0,0.296871,0.296871,0.0,1.261568502,0,0.1411012555,1,2900,0.2969,59.05111034,7.0,0.0,3,0,0.296871
1080,2000-06-28,NJ,717,797,3,0.0,1000,483.23,0.0,82260.36,8.0,2.0,1.0,0.0,0,0,0,104.0,91.7,67.48,67.48,244.0,101.18,24689.12,2023-03-22 00:35:00,0.0,0,0.0,2900,Female,25,0,0.48323,0,0,2023-03-01,1,0.0,0.0,0.005874396854,0.48323,28.36564138,0.1666310345,0.3448275862,1,1,0,0.0,0,284,244.0,67.48,8.513489655,1.046689655,0.0,0,0.48323,1401.367,6.908754779,6.18256,11.31765677,4.226541732,10.11415844,7.972810784,2025-11-03 05:37:35.641484,67.48,0,1,0,0,0.48323,0.48323,0.0,1.143817887,0,0.1027572401,1,2900,0.0,28.36564138,8.0,1.0,3,0,0.48323
1081,1998-08-28,CA,653,712,3,0.0,20000,12704.88,0.6352,135498.82,7.0,2.0,2.0,1.0,0,0,0,153.0,133.0,1120.67,1120.67,226.0,183.48,41465.41,2023-11-21 10:34:00,0.0,0,0.0,3300,Female,27,0,0.635244,0,0,2023-11-01,0,0.0,0.0,0.09376376857,0.635244,41.06024848,3.849963636,6.060606061,1,1,0,0.0,0,40,226.0,1120.67,12.56527576,1.668,0.0,0,0.635244,2096.3052,9.903537551,9.449820157,11.81672559,7.370948268,10.63263898,8.101980732,2025-11-03 05:38:35.641484,1120.67,0,1,0,0,0.635244,0.635244,0.0,1.3483423,0,0.1943076111,0,3300,0.6352,41.06024848,7.0,2.0,3,0,0.635244
1082,2002-09-26,MI,780,535,4,1.0,48500,20848.4875,0.4169,193281.79,12.0,3.0,0.0,0.0,1,1901,0,148.0,85.5,1120.67,1120.67,230.0,98.89,22743.99,2022-02-13 16:53:00,0.0,0,0.0,4700,Male,23,0,0.416936286,0,0,2022-02-01,1,0.25,2500.0,0.1509999468,0.416936286,41.12378511,6.209689362,14.89361702,1,1,0,0.0,0,685,230.0,1120.67,4.839146809,0.631212766,0.0,0,0.416936286,1959.600544,11.15626481,10.28146292,12.17190963,7.174632422,10.03210018,8.455530531,2025-11-03 05:38:35.641484,1120.67,0,1,0,0,0.4169362857,0.4169362857,0.0,1.21915983,0,0.1520778584,1,4700,0.4169,41.12378511,12.0,0.0,4,0,0.416936286
1083,1972-07-05,IL,486,783,2,0.0,30000,20848.4875,0.8541,408417.48,7.0,3.0,0.0,0.0,0,0,0,184.0,179.7375,71.73,71.73,223.0,164.47,36675.97,2023-02-22 09:52:00,0.0,0,0.0,2800,Male,53,0,0.854075333,0,1,2023-02-01,0,0.0,0.0,0.06273546372,0.854075333,145.8633857,6.45558796,10.71428571,1,1,0,0.0,0,312,223.0,71.73,13.09856071,1.762178571,0.5846375,0,0.854075333,2391.410932,10.30898599,10.15125581,12.92004761,4.286753954,10.50990432,7.937731775,2025-11-03 05:36:35.641484,71.73,0,1,0,0,0.8540753333,0.8540753333,21.3918774,1.196595423,0,0.1878858105,0,2800,0.8541,145.8633857,7.0,0.0,2,1,0.854075333
1084,2001-10-19,FL,773,740,2,0.0,1000,277.32,0.0,160610.62,6.0,3.0,0.0,1.0,0,0,0,174.0,94.5,176.03,176.03,224.0,144.16,32291.48,2023-09-12 14:52:00,0.0,0,0.0,3700,Female,24,0,0.27732,0,1,2023-09-01,1,0.0,0.0,0.001726660416,0.27732,43.40827568,0.07495135135,0.2702702703,1,1,0,0.0,0,109,224.0,176.03,8.727427027,1.168864865,0.27732,0,0.27732,1026.084,6.908754779,5.628771531,11.98674443,5.17631921,10.38258966,8.216358332,2025-11-03 05:39:35.641484,176.03,0,1,0,0,0.27732,0.27732,18.3918774,1.307910765,0,0.2414415607,1,3700,0.0,43.40827568,6.0,0.0,2,1,0.27732
1085,1971-10-25,FL,661,726,3,0.0,30000,7215.39,0.2405,220196.55,7.0,2.0,0.0,0.0,0,0,0,179.0,91.0,452.36,452.36,242.0,107.15,25929.53,2022-08-10 13:12:00,0.0,0,0.0,4000,Male,54,0,0.240513,0,0,2022-08-01,0,0.0,0.0,0.03276795209,0.240513,55.0491375,1.8038475,7.5,1,1,0,0.0,0,507,242.0,452.36,6.4823825,0.803625,0.0,0,0.240513,962.052,10.30898599,8.884110107,12.30228038,6.116686512,10.16317632,8.294299609,2025-11-03 05:39:35.641484,452.36,0,1,0,0,0.240513,0.240513,0.0,1.340666664,0,0.2353363665,1,4000,0.2405,55.0491375,7.0,0.0,3,0,0.240513
1086,1983-09-12,MI,575,550,3,1.0,0,0.0,0.0,330858.19,5.0,2.0,1.0,1.0,0,0,0,184.0,161.3,742.69,742.69,221.0,170.3,37635.47,2022-08-05 05:23:00,0.0,0,0.0,3100,Female,42,0,0.49068525,0,0,2022-08-01,0,0.3333333333,0.0,0.0,0.49068525,106.7284484,0.0,0.0,1,1,0,1.0,0,513,221.0,742.69,12.14047419,1.648064516,0.0,0,0.477859,1590.507672,2.416580621,1.973596521,12.70944816,6.611624281,10.53572881,8.039479919,2025-11-03 05:38:35.641484,742.69,0,1,0,0,0.0,0.0,0.0,1.366292288,0,0.2778845675,0,3100,0.0,106.7284484,5.0,1.0,3,0,0.49068525
1087,1981-07-21,CO,510,639,4,1.0,0,0.0,0.0,409235.95,10.0,3.0,0.0,2.0,0,0,0,184.0,135.5,342.47,342.47,236.0,161.28,38061.14,2023-07-02 21:16:00,0.0,0,0.0,3100,Male,44,0,0.49068525,0,0,2023-07-01,0,0.25,0.0,0.0,0.49068525,132.0115968,0.0,0.0,1,1,0,0.0,0,181,236.0,342.47,12.2777871,1.560774194,0.0,0,0.477859,1590.507672,2.416580621,1.973596521,12.92204961,5.839099772,10.54697537,8.039479919,2025-11-03 05:39:35.641484,342.47,0,1,0,0,0.0,0.0,0.0,1.352056775,0,0.1558414257,0,3100,0.0,132.0115968,10.0,0.0,4,0,0.49068525
1088,2001-10-16,NY,742,639,4,2.0,1000,72.51,0.0,299751.39,17.0,3.0,0.0,2.5,0,0,0,136.0,66.8,60.23,60.23,243.0,150.89,36667.21,2022-07-04 13:09:00,0.0,0,0.0,3100,Male,24,0,0.07251,0,0,2022-07-01,1,0.5,500.0,0.0002419004629,0.07251,96.69399677,0.02339032258,0.3225806452,1,1,0,0.0,0,544,243.0,60.23,11.82813226,1.460225806,0.0,0,0.07251,224.781,6.908754779,4.297421451,12.61071205,4.114637265,10.50966545,8.039479919,2025-11-03 05:36:35.641484,60.23,0,1,0,0,0.07251,0.07251,0.0,1.187733941,0,0.2132381619,1,3100,0.0,96.69399677,17.0,0.0,4,0,0.07251
1089,1976-05-13,IL,555,638,2,0.0,30000,16054.0,0.5351,22986.17,8.0,3.0,2.0,1.0,0,0,0,167.0,166.5,1120.67,1120.67,247.0,150.36,37139.05,2023-07-03 02:46:00,0.0,0,0.0,3300,Male,49,0,0.535133333,0,1,2023-07-01,0,0.0,0.0,0.4889038178,0.535133333,6.965506061,4.864848485,9.090909091,1,1,0,0.0,0,181,247.0,1120.67,11.25425758,1.366909091,0.535133333,2,0.535133333,1765.939999,10.30898599,9.683775607,10.04269151,7.898240265,10.52245118,8.101980732,2025-11-03 05:36:35.641484,1120.67,0,1,0,0,0.5351333333,0.5351333333,21.3918774,1.35649079,0,0.1999903886,1,3300,0.5351,6.965506061,8.0,2.0,2,1,0.535133333
109,1967-06-07,OH,556,680,4,1.0,30000,12997.67,0.4333,320703.34,7.0,3.0,1.0,0.0,0,0,0,67.0,37.5,58.75,58.75,255.0,174.54,44506.48,2022-01-23 04:53:00,11.0,2061,0.005337215,3300,Female,58,0,0.433255667,1,0,2022-01-01,0,0.25,2500.0,0.04052863933,0.433255667,97.1828303,3.938687879,9.090909091,1,1,0,1.0,0,707,255.0,58.75,13.48681212,1.586727273,0.0,0,0.433255667,1429.743701,10.30898599,9.472602324,12.67827492,4.090169191,10.70341254,8.101980732,2025-11-03 05:38:35.641484,58.75,0,1,0,0,0.4332556667,0.4332556667,0.0,1.172356285,0,0.3020874266,0,3300,0.4333,97.1828303,7.0,1.0,4,0,0.433255667
1090,1990-01-13,NC,629,484,2,0.0,1000,660.23,0.0,31867.46,4.0,2.0,1.0,2.0,0,0,0,167.0,144.0,42.18,42.18,233.0,161.21,37561.3,2022-06-06 16:11:00,0.0,0,0.0,3500,Male,35,0,0.66023,0,1,2022-06-01,0,0.0,0.0,0.02071799886,0.66023,9.104988571,0.1886371429,0.2857142857,1,1,0,0.0,0,572,233.0,42.18,10.7318,1.3818,0.5846375,1,0.66023,2310.805,6.908754779,6.494101737,10.36937208,3.765377425,10.53375617,8.160803921,2025-11-03 05:37:35.641484,42.18,0,1,0,0,0.66023,0.66023,20.3918774,1.166103881,0,0.1515805286,1,3500,0.0,9.104988571,4.0,1.0,2,1,0.66023
1091,1980-01-24,CO,509,739,3,1.0,5000,1791.28,0.3583,220790.81,11.0,2.0,2.0,0.0,0,0,0,74.0,46.3,882.32,882.32,220.0,163.94,36066.05,2022-06-22 19:23:00,0.0,0,0.0,2500,Male,45,0,0.358256,0,0,2022-06-01,0,0.3333333333,2500.0,0.008113018834,0.358256,88.316324,0.716512,2.0,1,1,0,2.0,0,556,220.0,882.32,14.42642,1.96728,0.0,0,0.358256,895.64,8.517393171,7.491243831,12.3049755,6.783687536,10.49313499,7.824445931,2025-11-03 05:39:35.641484,882.32,0,1,0,0,0.358256,0.358256,0.0,1.35438018,0,0.2036171919,0,2500,0.3583,88.316324,11.0,2.0,3,0,0.358256
1092,1982-06-01,NC,696,580,3,0.0,1000,530.16,0.0,106777.75,11.0,3.0,1.0,0.0,0,0,0,152.0,128.3,400.96,400.96,239.0,116.36,27809.11,2022-03-29 10:24:00,0.0,0,0.0,2600,Female,43,0,0.53016,0,0,2022-03-01,1,0.0,0.0,0.004965079335,0.53016,41.06836538,0.2039076923,0.3846153846,1,1,0,0.0,0,642,239.0,400.96,10.69581154,1.342615385,0.0,0,0.53016,1378.416,6.908754779,6.275063294,11.57851422,5.996352581,10.2331549,7.863651265,2025-11-03 05:37:35.641484,400.96,0,1,0,0,0.53016,0.53016,0.0,1.357960587,0,0.1982837366,0,2600,0.0,41.06836538,11.0,1.0,3,0,0.53016
1093,1984-05-09,CO,583,654,4,0.0,21000,11084.82,0.5278,373379.26,7.0,3.0,0.0,2.5,0,0,0,106.0,47.2,171.66,171.66,226.0,113.53,25657.61,2022-07-04 05:00:00,0.0,0,0.0,3200,Female,41,0,0.527848571,0,0,2022-07-01,0,0.0,0.0,0.02968783001,0.527848571,116.6810188,3.46400625,6.5625,1,1,0,0.0,0,545,226.0,171.66,8.018003125,1.06434375,0.0,0,0.527848571,1689.115427,9.952325335,9.313422093,12.83035264,5.151324343,10.15263447,8.07121854,2025-11-03 05:39:35.641484,171.66,0,1,0,0,0.5278485714,0.5278485714,0.0,1.322070297,0,0.1340462631,0,3200,0.5278,116.6810188,7.0,0.0,4,0,0.527848571
1094,1971-04-05,GA,723,787,4,1.0,32000,3739.85,0.1169,294741.42,10.0,3.0,1.0,0.0,0,0,0,167.0,113.0,941.95,941.95,246.0,112.06,27566.92,2023-07-20 22:27:00,0.0,0,0.0,3600,Female,54,0,0.116870313,0,0,2023-07-01,1,0.25,2500.0,0.0126885797,0.116870313,81.87261667,1.038847222,8.888888889,1,1,0,1.0,0,163,246.0,941.95,7.657477778,0.9338333333,0.0,0,0.116870313,420.7331268,10.37352243,8.227068137,12.5938571,6.849013259,10.22440806,8.188966864,2025-11-03 05:36:35.641484,941.95,0,1,0,0,0.1168703125,0.1168703125,0.0,1.31244912,0,0.2355353164,1,3600,0.1169,81.87261667,10.0,1.0,4,0,0.116870313
1095,1993-06-09,MI,776,795,3,0.0,1000,362.14,0.0,13488.87,9.0,2.0,0.0,0.0,0,0,0,133.0,88.3,284.84,284.84,216.0,114.36,24701.64,2022-08-16 14:16:00,0.0,0,0.0,3700,Female,32,0,0.36214,0,0,2022-08-01,1,0.0,0.0,0.02684731931,0.36214,3.645640541,0.09787567568,0.2702702703,1,1,0,0.0,0,501,216.0,284.84,6.676118919,0.9272432432,0.0,0,0.36214,1339.918,6.908754779,5.894788435,9.509694312,5.655432214,10.1146654,8.216358332,2025-11-03 05:39:35.641484,284.84,0,1,0,0,0.36214,0.36214,0.0,1.379407746,0,0.2103723889,0,3700,0.0,3.645640541,9.0,0.0,3,0,0.36214
1096,1970-04-15,AZ,694,563,4,0.0,35000,14720.49,0.4206,432257.93,12.0,3.0,0.0,1.0,0,0,0,165.0,87.2,104.76,104.76,222.0,186.6,41426.29,2022-10-08 11:26:00,0.0,0,0.0,3700,Female,55,0,0.420585429,0,0,2022-10-01,1,0.0,0.0,0.03405487552,0.420585429,116.8264676,3.978510811,9.459459459,1,1,0,0.0,0,448,222.0,104.76,11.19629459,1.512972973,0.0,0,0.420585429,1556.166087,10.46313191,9.59706361,12.97678006,4.661172376,10.63169512,8.216358332,2025-11-03 05:36:35.641484,104.76,0,1,0,0,0.4205854286,0.4205854286,0.0,1.202332447,0,0.26256065,1,3700,0.4206,116.8264676,12.0,0.0,4,0,0.420585429
1097,1991-12-16,TN,712,733,3,0.0,20000,12483.14,0.6242,97595.51,10.0,3.0,0.0,0.0,0,0,0,185.0,99.3,23.24,23.24,224.0,128.04,28681.41,2023-08-22 20:41:00,0.0,0,0.0,3900,Male,33,0,0.624157,0,0,2023-08-01,1,0.0,0.0,0.1279069088,0.624157,25.02448974,3.200805128,5.128205128,1,1,0,0.0,0,130,224.0,23.24,7.354207692,0.9849230769,0.0,0,0.624157,2434.2123,9.903537551,9.432214318,11.48859701,3.188004161,10.26403932,8.26898821,2025-11-03 05:38:35.641484,23.24,0,1,0,0,0.624157,0.624157,0.0,1.147958587,0,0.2609600533,0,3900,0.6242,25.02448974,10.0,0.0,3,0,0.624157
1098,1988-01-17,WA,481,597,2,0.0,25000,13082.25,0.5233,13082.25,3.0,3.0,1.0,1.0,0,0,0,157.0,104.0,160.97,160.97,221.0,168.21,37175.22,2023-03-27 14:29:00,0.0,0,0.0,2500,Female,37,0,0.52329,0,1,2023-03-01,0,0.0,0.0,0.4889038178,0.52329,5.2329,5.2329,10.0,1,1,0,0.0,0,278,221.0,160.97,14.870088,2.01852,0.52329,1,0.52329,1308.225,10.1266711,9.479088065,9.479088065,5.087411133,10.52342459,7.824445931,2025-11-03 05:36:35.641484,160.97,0,1,0,0,0.52329,0.52329,21.3918774,1.267283061,0,0.2072808065,0,2500,0.5233,5.2329,3.0,1.0,2,1,0.52329
1099,1969-05-23,TN,799,602,3,1.0,21000,920.1,0.0438,116066.95,12.0,3.0,2.5,0.0,0,0,0,81.0,61.0,195.72,195.72,234.0,104.79,24521.61,2023-03-09 01:36:00,0.0,0,0.0,3500,Female,56,0,0.043814286,0,0,2023-03-01,1,0.3333333333,2500.0,0.007927321257,0.043814286,33.16198571,0.2628857143,6.0,1,1,1,3.0,0,297,234.0,195.72,7.006174286,0.8982,0.0,0,0.043814286,153.350001,9.952325335,6.825568608,11.66193107,5.281781398,10.10735083,8.160803921,2025-11-03 05:36:35.641484,195.72,0,1,0,0,0.04381428571,0.04381428571,0.0,1.303024014,0,0.1734843878,1,3500,0.0438,33.16198571,12.0,2.5,3,0,0.043814286
11,1989-02-12,VA,761,686,4,0.0,1000,105.57,0.1056,96838.37,11.0,2.0,2.0,0.0,0,0,0,98.0,57.5,928.68,928.68,271.0,236.44625,53705.59,2022-11-28 17:20:00,10.0,2153,0.004644682,5050,Female,36,4,0.10557,1,0,2022-11-01,1,0.0,0.0,0.001090167048,0.10557,4.648985598,0.005068170907,0.04800768123,1,1,0,0.0,1,397,271.0,928.68,4.720324052,0.5225444071,0.0,0,0.10557,2199.0231,6.908754779,4.668802046,11.48080891,6.834840441,11.02688793,8.634298168,2025-11-03 05:39:35.641484,928.68,0,1,0,0,0.10557,0.10557,0.0,1.383310437,0,0.2054025303,1,5050,0.1056,4.648985598,11.0,2.0,4,0,0.10557
110,1971-06-25,IN,781,548,4,1.0,10000,9392.72,0.9393,49364.35,10.0,3.0,1.0,0.0,0,0,0,182.0,83.8,1120.67,1120.67,216.0,153.11,33072.56,2022-05-16 05:07:00,15.0,1622,0.009247842,3800,Male,54,0,0.939272,1,0,2022-05-01,1,0.25,2500.0,0.190273345,0.939272,12.99061842,2.471768421,2.631578947,1,1,0,1.0,0,594,216.0,1120.67,8.703305263,1.208763158,0.0,0,0.939272,3569.2336,9.210440367,9.14779666,10.80700404,7.663407665,10.40648945,8.243019469,2025-11-03 05:37:35.641484,1120.67,0,1,0,0,0.939272,0.939272,0.0,1.304430864,0,0.1803139604,1,3800,0.9393,12.99061842,10.0,1.0,4,0,0.939272
1100,1990-03-25,TN,649,585,2,0.0,1000,78.81,0.0788,96711.17,8.0,3.0,1.0,0.0,0,0,0,115.0,69.5,84.38,84.38,205.0,113.55,23276.98,2022-01-06 06:31:00,0.0,0,0.0,3900,Male,35,0,0.07881,0,1,2022-01-01,0,0.0,0.0,0.0008149006986,0.07881,24.7977359,0.02020769231,0.2564102564,1,1,0,0.0,0,724,205.0,84.38,5.96845641,0.8734615385,0.07881,1,0.07881,307.359,6.908754779,4.37964881,11.47949453,4.447111881,10.05526313,8.26898821,2025-11-03 05:36:35.641484,84.38,0,1,0,0,0.07881,0.07881,21.3918774,1.266696278,0,0.1820149334,0,3900,0.0788,24.7977359,8.0,1.0,2,1,0.07881
1101,2001-01-06,AZ,574,665,3,0.0,3000,1718.85,0.5729,4435.23,4.0,3.0,0.0,2.0,0,0,0,141.0,124.0,18.73,18.73,204.0,125.8,25663.88,2023-08-21 00:54:00,0.0,0,0.0,3100,Male,24,0,0.57295,0,0,2023-08-01,0,0.0,0.0,0.3875447271,0.57295,1.430719355,0.5544677419,0.9677419355,1,1,0,0.0,0,132,204.0,18.73,8.278670968,1.217419355,0.0,0,0.57295,1776.145,8.006700845,7.449992357,8.397560196,2.98214032,10.1528788,8.039479919,2025-11-03 05:38:35.641484,18.73,0,1,0,0,0.57295,0.57295,0.0,1.100478598,0,0.2733998162,1,3100,0.5729,1.430719355,4.0,0.0,3,0,0.57295
1102,1977-01-08,NY,517,495,3,1.0,1000,1000.0,0.0,146712.72,13.0,3.0,0.0,1.0,0,0,0,100.0,75.0,26.05,26.05,241.0,150.1,36173.48,2022-07-26 06:51:00,0.0,0,0.0,2900,Male,48,0,1.0,0,0,2022-07-01,0,0.3333333333,1000.0,0.006816041581,1.0,50.5905931,0.3448275862,0.3448275862,1,1,0,0.0,0,523,241.0,26.05,12.47361379,1.552758621,0.0,0,1.0,2900.0,6.908754779,6.908754779,11.89623848,3.297687005,10.49610918,7.972810784,2025-11-03 05:37:35.641484,26.05,0,1,0,0,1.0,1.0,0.0,1.1399563,0,0.2098235511,1,2900,0.0,50.5905931,13.0,0.0,3,0,1.0
1103,1994-01-12,AZ,552,705,4,1.0,10000,2561.44,0.2561,342538.54,13.0,3.0,0.0,0.0,0,0,0,117.0,85.5,36.5,36.5,223.0,156.91,34991.24,2022-04-25 11:15:00,0.0,0,0.0,2400,Male,31,0,0.256144,0,0,2022-04-01,0,0.25,2500.0,0.007477815489,0.256144,142.7243917,1.067266667,4.166666667,1,1,0,0.0,0,615,223.0,36.5,14.57968333,1.961375,0.0,0,0.256144,614.7456,9.210440367,7.848715209,12.74414238,3.624340933,10.4628816,7.783640596,2025-11-03 05:38:35.641484,36.5,0,1,0,0,0.256144,0.256144,0.0,1.15536178,0,0.1998386792,1,2400,0.2561,142.7243917,13.0,0.0,4,0,0.256144
1104,1982-06-27,MA,779,502,2,1.0,1000,166.15,0.0,184726.32,9.0,2.0,0.0,0.0,0,0,0,180.0,171.0,191.16,191.16,221.0,133.6,29524.66,2022-06-16 10:52:00,0.0,0,0.0,3400,Male,43,0,0.16615,0,1,2022-06-01,1,0.5,1000.0,0.000899438694,0.16615,54.33127059,0.04886764706,0.2941176471,1,1,0,0.0,0,563,221.0,191.16,8.683723529,1.178823529,0.16615,0,0.16615,564.91,6.908754779,5.118891613,12.12663607,5.258328358,10.29301499,8.131824785,2025-11-03 05:38:35.641484,191.16,0,1,0,0,0.16615,0.16615,19.3918774,1.328979215,0,0.1523782693,1,3400,0.0,54.33127059,9.0,0.0,2,1,0.16615
1105,1997-07-21,FL,581,625,4,0.0,30000,15641.89,0.5214,272634.08,13.0,3.0,0.0,0.0,1,789,0,184.0,109.8,181.39,181.39,224.0,181.18,40585.11,2022-01-04 12:06:00,0.0,0,0.0,3700,Male,28,0,0.521396333,0,0,2022-01-01,0,0.0,0.0,0.05737320147,0.521396333,73.68488649,4.227537838,8.108108108,1,1,0,0.0,0,725,224.0,181.39,10.96894865,1.469027027,0.0,0,0.521396333,1929.166432,10.30898599,9.65777178,12.51588948,5.206147252,10.61118117,8.216358332,2025-11-03 05:39:35.641484,181.39,0,1,0,0,0.5213963333,0.5213963333,0.0,1.266781595,0,0.2533593999,0,3700,0.5214,73.68488649,13.0,0.0,4,0,0.521396333
1106,1966-04-12,CO,592,569,3,0.0,1000,482.77,0.4828,223047.25,5.0,3.0,0.0,0.0,0,0,0,75.0,40.7,237.15,237.15,219.0,140.08,30676.68,2022-05-04 14:50:00,0.0,0,0.0,3600,Female,59,0,0.48277,0,0,2022-05-01,0,0.0,0.0,0.002164429286,0.48277,61.95756944,0.1341027778,0.2777777778,1,1,0,0.0,0,605,219.0,237.15,8.5213,1.167333333,0.0,0,0.48277,1737.972,6.908754779,6.181609587,12.31514339,5.472900727,10.33129063,8.188966864,2025-11-03 05:37:35.641484,237.15,0,1,0,0,0.48277,0.48277,0.0,1.34234508,0,0.2025291929,1,3600,0.4828,61.95756944,5.0,0.0,3,0,0.48277
1107,1993-03-28,CO,763,571,4,0.0,40000,20848.4875,0.6531,48799.97,6.0,3.0,1.0,1.0,0,0,0,183.0,87.8,52.21,52.21,243.0,111.57,27111.88,2023-11-09 10:07:00,0.0,0,0.0,3000,Female,32,0,0.65306175,0,0,2023-11-01,1,0.0,0.0,0.4889038178,0.65306175,16.26665667,6.45558796,13.33333333,1,1,0,0.0,0,52,243.0,52.21,9.037293333,1.1157,0.0,0,0.65306175,1959.18525,10.59665973,10.17058942,10.79550547,3.974246349,10.20776417,8.006700845,2025-11-03 05:37:35.641484,52.21,0,1,0,0,0.65306175,0.65306175,0.0,1.150303223,0,0.1844471093,1,3000,0.6531,16.26665667,6.0,1.0,4,0,0.65306175
1108,2002-09-12,VA,491,614,2,1.0,31000,20848.4875,0.9388,29102.57,9.0,3.0,1.0,1.0,0,0,0,54.0,31.0,97.02,97.02,216.0,236.44625,53705.59,2022-01-01 22:24:00,0.0,0,0.0,2500,Male,23,0,0.938792581,0,1,2022-01-01,0,0.5,2500.0,0.4889038178,0.938792581,11.641028,6.45558796,12.4,1,1,0,1.0,0,728,216.0,97.02,18.8428536,2.50213838,0.5846375,1,0.0,2346.981453,10.34177474,10.27861613,10.27861613,4.585171539,10.96027682,7.824445931,2025-11-03 05:38:35.641484,97.02,0,1,0,0,0.9387925806,0.9387925806,19.3918774,1.114776317,0,0.2414423453,1,2500,0.9388,11.641028,9.0,1.0,2,1,0.938792581
1109,1975-05-24,TX,490,674,3,2.0,0,0.0,0.0,100318.51,7.0,2.0,1.0,1.0,0,0,0,151.0,91.0,1120.67,1120.67,223.0,191.44,42690.6,2022-04-24 07:44:00,0.0,0,0.0,2500,Male,50,0,0.49068525,0,0,2022-04-01,0,0.6666666667,0.0,0.0,0.49068525,40.127404,0.0,0.0,1,1,0,0.5,0,616,223.0,1120.67,17.07624,2.29728,0.0,0,0.477859,1590.507672,2.416580621,1.973596521,11.51611547,7.913689255,10.66175746,7.824445931,2025-11-03 05:37:35.641484,1120.67,0,1,0,0,0.0,0.0,0.0,1.342124449,0,0.2109551075,1,2500,0.0,40.127404,7.0,1.0,3,0,0.49068525
111,1991-10-24,IL,736,683,3,0.0,20000,5937.86,0.2969,72574.74,9.0,3.0,0.0,1.0,0,0,0,84.0,79.0,86.96,86.96,223.0,142.8,31844.04,2022-10-25 17:24:00,0.0,894,0.0,2900,Male,34,0,0.296893,0,0,2022-10-01,1,0.0,0.0,0.0818171722,0.296893,25.02577241,2.047537931,6.896551724,1,1,0,0.0,0,431,223.0,86.96,10.98070345,1.477241379,0.0,0,0.296893,860.9897,9.903537551,8.689272475,11.19238599,4.476882166,10.36863692,7.972810784,2025-11-03 05:39:35.641484,86.96,0,1,0,0,0.296893,0.296893,0.0,1.237685342,0,0.1457117508,1,2900,0.2969,25.02577241,9.0,0.0,3,0,0.296893
1110,1983-01-13,NY,653,636,4,0.0,12000,5104.66,0.4254,293365.4,16.0,3.0,1.0,2.0,0,0,0,184.0,96.5,34.95,34.95,264.0,93.99,24814.12,2023-10-22 03:39:00,0.0,0,0.0,3300,Female,42,0,0.425388333,0,0,2023-10-01,0,0.0,0.0,0.01740034783,0.425388333,88.89860606,1.546866667,3.636363636,1,1,0,0.0,0,70,264.0,34.95,7.519430303,0.8544545455,0.0,0,0.425388333,1403.781499,9.392745259,8.538105007,12.58917762,3.582129084,10.11920842,8.101980732,2025-11-03 05:37:35.641484,34.95,0,1,0,0,0.4253883333,0.4253883333,0.0,0.9879940603,0,0.1997696617,1,3300,0.4254,88.89860606,16.0,1.0,4,0,0.425388333
1111,1975-10-25,AZ,602,670,3,1.0,30000,14161.42,0.472,23805.41,9.0,3.0,1.0,0.0,0,0,0,82.0,55.3,71.87,71.87,246.0,127.42,31345.31,2022-02-03 08:28:00,0.0,0,0.0,3000,Male,50,0,0.472047333,0,0,2022-02-01,0,0.3333333333,2500.0,0.4889038178,0.472047333,7.935136667,4.720473333,10.0,1,1,0,1.0,0,696,246.0,71.87,10.44843667,1.2742,0.0,0,0.472047333,1416.141999,10.30898599,9.558347257,10.07771015,4.288677032,10.35285184,8.006700845,2025-11-03 05:39:35.641484,71.87,0,1,0,0,0.4720473333,0.4720473333,0.0,1.189586181,0,0.2883809489,1,3000,0.472,7.935136667,9.0,1.0,3,0,0.472047333
1112,1979-11-08,AZ,749,513,3,1.0,1000,66.96,0.0,14707.16,4.0,2.0,1.0,0.0,0,0,0,169.0,125.3,255.59,255.59,205.0,114.31,23433.46,2022-10-02 01:27:00,0.0,0,0.0,3700,Female,45,0,0.06696,0,0,2022-10-01,1,0.3333333333,1000.0,0.004552884445,0.06696,3.974908108,0.0180972973,0.2702702703,1,1,0,1.0,0,455,205.0,255.59,6.333367568,0.9268378378,0.0,0,0.06696,247.752,6.908754779,4.218919297,9.596157721,5.54747948,10.06196287,8.216358332,2025-11-03 05:36:35.641484,255.59,0,1,0,0,0.06696,0.06696,0.0,1.36376009,0,0.2273594731,1,3700,0.0,3.974908108,4.0,1.0,3,0,0.06696
1113,1982-11-14,TN,553,577,3,2.0,30000,12708.38,0.4236,176532.14,12.0,3.0,1.0,1.0,0,0,0,142.0,96.0,151.88,151.88,244.0,155.26,37884.36,2022-05-13 14:59:00,0.0,0,0.0,3000,Male,42,0,0.423612667,0,0,2022-05-01,0,0.6666666667,2500.0,0.07198904403,0.423612667,58.84404667,4.236126667,10.0,1,1,0,0.5,0,596,244.0,151.88,12.62812,1.5526,0.0,0,0.423612667,1270.838001,10.30898599,9.450095583,12.0812639,5.0296533,10.54232004,8.006700845,2025-11-03 05:38:35.641484,151.88,0,1,0,0,0.4236126667,0.4236126667,0.0,1.266870062,0,0.2218652342,0,3000,0.4236,58.84404667,12.0,1.0,3,0,0.423612667
1114,1966-11-01,CO,752,671,4,0.0,1000,228.62,0.0,580391.195,13.0,3.0,0.0,0.0,0,0,0,164.0,115.2,93.23,93.23,248.0,92.39,22911.98,2022-10-23 11:25:00,0.0,0,0.0,4700,Male,58,0,0.22862,0,0,2022-10-01,1,0.0,0.0,0.0003928146432,0.22862,123.8308043,0.04864255319,0.2127659574,1,1,0,0.0,0,433,248.0,93.23,4.874889362,0.5897234043,0.0,0,0.22862,1074.514,6.908754779,5.436425769,13.27423566,4.545738602,10.03945884,8.455530531,2025-11-03 05:39:35.641484,93.23,0,1,0,0,0.22862,0.22862,0.0,1.126738378,0,0.1688310731,1,4700,0.0,123.8308043,13.0,0.0,4,0,0.22862
1115,1973-11-06,WI,786,605,3,0.0,30000,20604.92,0.6868,336520.99,8.0,3.0,2.0,0.0,0,0,0,169.0,66.7,184.66,184.66,227.0,146.89,33343.83,2022-01-04 07:08:00,0.0,0,0.0,5050,Male,51,0,0.686830667,0,0,2022-01-01,1,0.0,0.0,0.06122922674,0.686830667,65.98450784,4.040180392,5.882352941,1,1,0,0.0,0,726,227.0,184.66,6.538005882,0.8640588235,0.0,0,0.686830667,3502.836402,10.30898599,9.933333692,12.72641878,5.223917044,10.41465802,8.537191878,2025-11-03 05:36:35.641484,184.66,0,1,0,0,0.6868306667,0.6868306667,0.0,1.308838075,0,0.1505283116,1,5050,0.6868,65.98450784,8.0,2.0,3,0,0.686830667
1116,1965-04-09,WI,795,754,3,1.0,40000,14015.15,0.3504,208001.22,10.0,2.0,0.0,0.0,0,0,0,57.0,30.7,426.07,426.07,238.0,95.42,22711.06,2023-10-23 04:55:00,0.0,0,0.0,3600,Male,60,0,0.35037875,0,0,2023-10-01,1,0.3333333333,2500.0,0.06738013364,0.35037875,57.77811667,3.893097222,11.11111111,1,1,0,0.0,0,69,238.0,426.07,6.308627778,0.7951666667,0.0,0,0.0,1261.3635,10.59665973,9.547965515,12.24530403,6.056947934,10.03065134,8.188966864,2025-11-03 05:38:35.641484,426.07,0,1,0,0,0.35037875,0.35037875,0.0,1.317448634,0,0.214486486,0,3600,0.3504,57.77811667,10.0,0.0,3,0,0.35037875
1117,1984-12-23,NJ,556,606,2,2.0,0,0.0,0.0,112547.05,4.0,3.0,0.0,0.0,0,0,0,172.0,172.0,128.8,128.8,225.0,144.38,32485.39,2022-06-20 17:10:00,0.0,0,0.0,2500,Male,40,0,0.49068525,0,1,2022-06-01,0,0.8333333333,0.0,0.0,0.49068525,45.01882,0.0,0.0,1,1,0,0.0,0,558,225.0,128.8,12.994156,1.73256,0.0,0,0.477859,1590.507672,2.416580621,1.973596521,11.63113552,4.865994804,10.38857651,7.824445931,2025-11-03 05:36:35.641484,128.8,0,1,0,0,0.0,0.0,21.3918774,1.274769713,0,0.2220156263,1,2500,0.0,45.01882,4.0,0.0,2,1,0.49068525
1118,1992-07-28,VA,623,740,3,0.0,40000,10166.03,0.2542,114299.77,6.0,2.0,2.5,0.0,0,0,0,143.0,89.3,454.78,454.78,235.0,149.16,35053.48,2023-01-15 21:40:00,0.0,0,0.0,3100,Male,33,0,0.25415075,0,0,2023-01-01,0,0.0,0.0,0.08894182377,0.25415075,36.87089355,3.279364516,12.90322581,1,1,1,0.0,0,349,235.0,454.78,11.30757419,1.443483871,0.0,0,0.25415075,787.867325,10.59665973,9.226905411,11.64658859,6.122010237,10.4646587,8.039479919,2025-11-03 05:38:35.641484,454.78,0,1,0,0,0.25415075,0.25415075,0.0,1.378305998,0,0.1774166617,1,3100,0.2542,36.87089355,6.0,2.5,3,0,0.25415075
1119,1994-05-07,MA,587,720,3,0.0,1000,958.33,0.0,88702.75,13.0,3.0,0.0,1.0,0,0,0,166.0,116.3,46.26,46.26,246.0,158.03,38874.82,2023-03-17 11:06:00,0.0,0,0.0,3800,Male,31,0,0.95833,0,0,2023-03-01,0,0.0,0.0,0.01080383641,0.95833,23.34282895,0.2521921053,0.2631578947,1,1,0,0.0,0,289,246.0,46.26,10.23021579,1.247605263,0.0,0,0.95833,3641.654,6.908754779,6.866235124,11.39305744,3.855664272,10.56812774,8.243019469,2025-11-03 05:39:35.641484,46.26,0,1,0,0,0.95833,0.95833,0.0,1.166511665,0,0.2208602667,1,3800,0.0,23.34282895,13.0,0.0,3,0,0.95833
112,1980-03-26,WA,737,602,3,1.0,30000,20848.4875,0.9291,322532.66,9.0,3.0,0.0,0.0,0,0,0,143.0,88.0,79.0,79.0,251.0,196.0,49195.15,2022-07-12 14:58:00,0.0,1160,0.0,2600,Male,45,0,0.929070333,0,0,2022-07-01,1,0.3333333333,2500.0,0.08641639578,0.929070333,124.0510231,6.45558796,11.53846154,1,1,0,0.0,0,536,251.0,79.0,18.8428536,2.261538462,0.0,0,0.929070333,2415.582866,10.30898599,10.2354177,12.68396278,4.382026635,10.80357065,7.863651265,2025-11-03 05:37:35.641484,79.0,0,1,0,0,0.9290703333,0.9290703333,0.0,1.187442097,0,0.2209797278,0,2600,0.9291,124.0510231,9.0,0.0,3,0,0.929070333
1120,1984-11-17,WI,565,740,3,0.0,1000,259.11,0.2591,107669.82,7.0,3.0,0.0,1.0,0,0,0,110.0,69.0,244.17,244.17,230.0,121.99,28058.49,2022-04-10 09:58:00,0.0,0,0.0,3500,Male,40,0,0.25911,0,0,2022-04-01,0,0.0,0.0,0.002406523945,0.25911,30.76280571,0.07403142857,0.2857142857,1,1,0,0.0,0,630,230.0,244.17,8.016711429,1.045628571,0.0,0,0.25911,906.885,6.908754779,5.561104618,11.58683389,5.501951847,10.24208218,8.160803921,2025-11-03 05:37:35.641484,244.17,0,1,0,0,0.25911,0.25911,0.0,1.346368822,0,0.2312599068,0,3500,0.2591,30.76280571,7.0,0.0,3,0,0.25911
1121,1990-10-04,CA,735,571,2,0.0,1000,458.97,0.0,55337.12,9.0,3.0,1.0,0.0,0,0,0,182.0,170.5,268.21,268.21,242.0,176.33,42671.39,2023-01-13 18:10:00,0.0,0,0.0,3700,Female,35,0,0.45897,0,1,2023-01-01,1,0.0,0.0,0.00829407096,0.45897,14.95597838,0.1240459459,0.2702702703,1,1,0,0.0,0,351,242.0,268.21,11.53280811,1.429702703,0.45897,1,0.45897,1698.189,6.908754779,6.13116127,10.92121728,5.595491744,10.66130739,8.216358332,2025-11-03 05:38:35.641484,268.21,0,1,0,0,0.45897,0.45897,19.3918774,1.315123317,0,0.1830406131,1,3700,0.0,14.95597838,9.0,1.0,2,1,0.45897
1122,1997-11-27,VA,671,733,2,0.0,1000,402.59,0.0,277987.77,7.0,3.0,0.0,0.0,0,0,0,63.0,54.0,265.48,265.48,221.0,164.18,36284.28,2023-12-13 20:07:00,0.0,0,0.0,3000,Male,27,0,0.40259,0,1,2023-12-01,1,0.0,0.0,0.001448229179,0.40259,92.66259,0.1341966667,0.3333333333,1,1,0,0.0,0,17,221.0,265.48,12.09476,1.6418,0.40259,0,0.40259,1207.77,6.908754779,6.000399511,12.535336,5.585299194,10.49916743,8.006700845,2025-11-03 05:38:35.641484,265.48,0,1,0,0,0.40259,0.40259,19.3918774,1.324196165,0,0.2222408907,1,3000,0.0,92.66259,7.0,0.0,2,1,0.40259
1123,2000-11-20,WI,617,778,4,0.0,2000,607.17,0.3036,263750.58,18.0,3.0,1.0,1.0,1,2303,1,157.0,92.0,188.72,188.72,242.0,154.44,37373.47,2023-08-08 03:46:00,0.0,0,0.0,2600,Male,24,0,0.303585,0,0,2023-08-01,0,0.0,0.0,0.002302061288,0.303585,101.4425308,0.2335269231,0.7692307692,1,1,0,0.0,0,145,242.0,188.72,14.37441154,1.782,0.0,0,0.303585,789.321,7.601402335,6.410454448,12.48276295,5.245549301,10.52874313,7.863651265,2025-11-03 05:39:35.641484,188.72,0,1,0,0,0.303585,0.303585,0.0,1.291894569,0,0.1676099154,1,2600,0.3036,101.4425308,18.0,1.0,4,0,0.303585
1124,1983-05-22,FL,586,583,2,0.0,30000,11242.17,0.3747,39347.23,6.0,3.0,1.0,1.0,0,0,0,33.5,19.5,596.35,596.35,222.0,185.22,41118.66,2023-12-31 10:42:00,0.0,0,0.0,3100,Female,42,0,0.374739,0,1,2023-12-01,0,0.0,0.0,0.2857169361,0.374739,12.69265484,3.626506452,9.677419355,1,1,0,0.0,0,0,222.0,596.35,13.26408387,1.792451613,0.374739,1,0.0,1161.6909,10.30898599,9.327516112,10.58020627,6.392503206,10.62424163,8.039479919,2025-11-03 05:39:35.641484,596.35,0,1,0,0,0.374739,0.374739,18.3918774,1.360019121,0,0.1898790605,1,3100,0.3747,12.69265484,6.0,1.0,2,1,0.374739
1125,1995-02-11,NJ,600,591,3,2.0,32000,9109.96,0.2847,237277.33,9.0,3.0,1.0,2.0,0,0,0,149.0,91.0,97.55,97.55,215.0,131.6,28294.07,2023-03-01 16:46:00,0.0,0,0.0,2800,Male,30,0,0.28468625,0,0,2023-03-01,0,0.6666666667,2500.0,0.03839372265,0.28468625,84.74190357,3.253557143,11.42857143,1,1,0,0.5,0,304,215.0,97.55,10.105025,1.41,0.0,0,0.28468625,797.1215,10.37352243,9.117233363,12.37698912,4.590564034,10.25044286,7.937731775,2025-11-03 05:36:35.641484,97.55,0,1,0,0,0.28468625,0.28468625,0.0,1.261697474,0,0.2738769301,0,2800,0.2847,84.74190357,9.0,1.0,3,0,0.28468625
1126,1985-05-09,GA,697,772,4,1.0,20000,971.48,0.0486,113989.05,18.0,3.0,0.0,1.0,1,343,0,149.0,80.5,996.27,996.27,234.0,129.96,30410.18,2022-08-20 05:23:00,0.0,0,0.0,3500,Female,40,0,0.048574,0,0,2022-08-01,1,0.25,2500.0,0.008522573002,0.048574,32.5683,0.2775657143,5.714285714,1,1,0,0.0,0,498,234.0,996.27,8.688622857,1.113942857,0.0,0,0.048574,170.009,9.903537551,6.87984951,11.64386644,6.905021546,10.32256558,8.160803921,2025-11-03 05:39:35.641484,996.27,0,1,0,0,0.048574,0.048574,0.0,1.337451977,0,0.2102831466,1,3500,0.0486,32.5683,18.0,0.0,4,0,0.048574
1127,1977-03-17,OH,671,761,2,1.0,1000,245.77,0.0,97438.81,5.0,2.0,2.0,0.0,0,0,0,172.0,140.0,59.91,59.91,255.0,119.02,30351.33,2022-05-22 14:30:00,0.0,0,0.0,3000,Male,48,0,0.24577,0,1,2022-05-01,1,0.5,1000.0,0.002522300919,0.24577,32.47960333,0.08192333333,0.3333333333,1,1,0,2.0,0,587,255.0,59.91,10.11711,1.1902,0.24577,2,0.24577,737.31,6.908754779,5.508456729,11.48699013,4.109397365,10.32062856,8.006700845,2025-11-03 05:38:35.641484,59.91,0,1,0,0,0.24577,0.24577,19.3918774,1.141110067,0,0.2156873385,1,3000,0.0,32.47960333,5.0,2.0,2,1,0.24577
1128,1968-10-13,NC,548,631,3,1.0,5000,967.67,0.1935,24628.03,8.0,2.0,0.0,1.0,0,0,0,99.0,46.3,11.45,11.45,225.0,157.52,35441.43,2023-03-09 13:49:00,0.0,0,0.0,3600,Female,57,0,0.193534,0,0,2023-03-01,0,0.3333333333,2500.0,0.03929140902,0.193534,6.841119444,0.2687972222,1.388888889,1,1,0,0.0,0,296,225.0,11.45,9.844841667,1.312666667,0.0,0,0.193534,696.7224,8.517393171,6.875923997,10.11168111,2.521720623,10.47566497,8.188966864,2025-11-03 05:36:35.641484,11.45,0,1,0,0,0.193534,0.193534,0.0,1.104817157,0,0.1403237993,0,3600,0.1935,6.841119444,8.0,0.0,3,0,0.193534
1129,1973-12-01,CO,745,597,2,0.0,20000,7654.78,0.3827,298896.0,7.0,3.0,1.0,1.0,0,0,0,136.0,111.5,120.36,120.36,212.0,145.33,30809.85,2022-04-26 16:49:00,0.0,0,0.0,4200,Male,51,0,0.382739,0,1,2022-04-01,1,0.0,0.0,0.02561017879,0.382739,71.16571429,1.822566667,4.761904762,1,1,0,0.0,0,613,212.0,120.36,7.335678571,1.038071429,0.382739,1,0.382739,1607.5038,9.903537551,8.943216197,12.60785431,4.798761335,10.33562218,8.343077871,2025-11-03 05:39:35.641484,120.36,0,1,0,0,0.382739,0.382739,18.3918774,1.256450357,0,0.1705939446,0,4200,0.3827,71.16571429,7.0,1.0,2,1,0.382739
113,1991-01-06,NC,743,708,2,1.0,1000,132.77,0.0,58695.96,10.0,3.0,2.0,0.0,0,0,0,170.0,102.5,141.06,141.06,237.0,104.97,24876.71,2022-09-26 08:44:00,5.0,1651,0.003028468,4100,Male,34,0,0.13277,1,1,2022-09-01,1,0.5,1000.0,0.002261995544,0.13277,14.3160878,0.03238292683,0.243902439,1,1,0,2.0,0,461,237.0,141.06,6.067490244,0.7680731707,0.13277,2,0.13277,544.357,6.908754779,4.896121907,10.98014322,4.956249504,10.1217275,8.318986125,2025-11-03 05:39:35.641484,141.06,0,1,0,0,0.13277,0.13277,18.3918774,1.257503557,0,0.233926127,1,4100,0.0,14.3160878,10.0,2.0,2,1,0.13277
1130,1983-05-14,PA,718,698,2,0.0,22000,13302.72,0.6047,13302.72,4.0,1.0,2.0,1.0,0,0,0,56.0,29.0,1120.67,1120.67,213.0,132.91,28310.5,2022-12-05 19:51:00,0.0,0,0.0,3800,Female,42,0,0.604669091,0,1,2022-12-01,1,0.0,0.0,0.4889038178,0.604669091,3.500715789,3.500715789,5.789473684,1,1,0,0.0,0,390,213.0,1120.67,7.450131579,1.049289474,0.5846375,2,0.0,2297.742546,9.998843186,9.495798974,9.495798974,7.375036456,10.25102336,8.243019469,2025-11-03 05:39:35.641484,1120.67,0,1,0,0,0.6046690909,0.6046690909,18.3918774,1.265347563,0,0.2480384354,0,3800,0.6047,3.500715789,4.0,2.0,2,1,0.604669091
1131,1989-12-02,MO,719,689,3,1.0,0,0.0,0.0,299261.93,5.0,2.0,0.0,0.0,0,0,0,120.0,94.7,344.38,344.38,217.0,134.32,29147.9,2023-01-09 10:55:00,0.0,0,0.0,3900,Female,35,0,0.49068525,0,0,2023-01-01,1,0.3333333333,0.0,0.0,0.49068525,76.73382821,0.0,0.0,1,1,0,0.0,0,356,217.0,344.38,7.473820513,1.033230769,0.0,0,0.477859,1590.507672,2.416580621,1.973596521,12.60907783,5.84464526,10.28017246,8.26898821,2025-11-03 05:36:35.641484,344.38,0,1,0,0,0.0,0.0,0.0,1.374407221,0,0.2658682092,1,3900,0.0,76.73382821,5.0,0.0,3,0,0.49068525
1132,2001-04-11,OH,734,619,4,2.5,5000,391.3,0.0783,300600.41,8.0,3.0,1.0,2.0,0,0,0,122.0,99.0,97.95,97.95,240.0,100.25,24060.23,2022-02-22 00:49:00,0.0,0,0.0,3200,Male,24,0,0.07826,0,0,2022-02-01,1,0.75,1666.666667,0.001301728098,0.07826,93.93762813,0.12228125,1.5625,1,1,0,0.3333333333,0,677,240.0,97.95,7.518821875,0.93984375,0.0,0,0.07826,250.432,8.517393171,5.972026853,12.61354045,4.594614672,10.08835711,8.07121854,2025-11-03 05:36:35.641484,97.95,0,1,0,0,0.07826,0.07826,0.0,1.195060112,0,0.1693295488,1,3200,0.0783,93.93762813,8.0,1.0,4,0,0.07826
1133,1999-11-26,CO,492,706,3,0.0,2000,1087.84,0.5439,97872.45,7.0,3.0,1.0,0.0,0,0,0,122.0,70.0,90.07,90.07,223.0,161.5,36014.48,2023-07-06 01:14:00,0.0,0,0.0,3100,Male,25,0,0.54392,0,0,2023-07-01,0,0.0,0.0,0.01111487451,0.54392,31.57175806,0.350916129,0.6451612903,1,1,0,0.0,0,178,223.0,90.07,11.61757419,1.562903226,0.0,0,0.54392,1686.152,7.601402335,6.992868188,11.4914306,4.511628442,10.49170413,8.039479919,2025-11-03 05:36:35.641484,90.07,0,1,0,0,0.54392,0.54392,0.0,1.220010605,0,0.2191351421,0,3100,0.5439,31.57175806,7.0,1.0,3,0,0.54392
1134,1987-09-10,WA,615,663,4,0.0,25000,16135.48,0.6454,380077.57,8.0,3.0,0.0,0.0,0,0,0,147.0,80.8,442.47,442.47,224.0,169.7,38011.81,2023-07-29 20:45:00,0.0,0,0.0,2800,Female,38,0,0.6454192,0,0,2023-07-01,0,0.0,0.0,0.04245312345,0.6454192,135.7419893,5.762671429,8.928571429,1,1,0,0.0,0,154,224.0,442.47,13.57564643,1.818214286,0.0,0,0.6454192,1807.17376,10.1266711,9.688837826,12.84813327,6.094630156,10.54567849,7.937731775,2025-11-03 05:36:35.641484,442.47,0,1,0,0,0.6454192,0.6454192,0.0,1.362251957,0,0.1684947751,0,2800,0.6454,135.7419893,8.0,0.0,4,0,0.6454192
1135,2000-03-10,FL,630,621,2,0.0,5000,4303.87,0.8608,79459.27,6.0,3.0,0.0,0.0,0,0,0,137.0,102.0,103.41,103.41,234.0,187.89,43965.99,2022-04-05 05:37:00,0.0,0,0.0,3300,Female,25,0,0.860774,0,1,2022-04-01,0,0.0,0.0,0.05416447949,0.860774,24.07856667,1.30420303,1.515151515,1,1,0,0.0,0,635,234.0,103.41,13.32302727,1.708090909,0.5846375,0,0.860774,2840.5542,8.517393171,8.367502219,11.28301243,4.648325456,10.6911944,8.101980732,2025-11-03 05:36:35.641484,103.41,0,1,0,0,0.860774,0.860774,21.3918774,1.212804177,0,0.1574074971,0,3300,0.8608,24.07856667,6.0,0.0,2,1,0.860774
1136,1995-03-24,NJ,530,516,2,0.0,10000,8099.23,0.8099,12671.9,6.0,3.0,0.0,1.0,0,0,0,116.0,92.0,1120.67,1120.67,228.0,188.55,42989.52,2022-04-30 21:17:00,0.0,0,0.0,2500,Male,30,0,0.809923,0,1,2022-04-01,0,0.0,0.0,0.4889038178,0.809923,5.06876,3.239692,4.0,1,1,0,0.0,0,609,228.0,1120.67,17.195808,2.2626,0.5846375,0,0.809923,2024.8075,9.210440367,8.999647735,9.447221134,7.995175166,10.66873491,7.824445931,2025-11-03 05:37:35.641484,1120.67,0,1,0,0,0.809923,0.809923,20.3918774,1.353245287,0,0.2228027761,1,2500,0.8099,5.06876,6.0,0.0,2,1,0.809923
1137,2000-03-22,NC,499,650,3,0.0,5000,3947.74,0.7895,23653.53,5.0,2.0,0.0,1.0,0,0,0,186.0,161.0,940.43,940.43,235.0,109.27,25679.58,2022-11-14 09:45:00,0.0,0,0.0,2500,Male,25,0,0.789548,0,0,2022-11-01,0,0.0,0.0,0.1668985559,0.789548,9.461412,1.579096,2.0,1,1,0,0.0,0,412,235.0,940.43,10.271832,1.31124,0.0,0,0.789548,1973.87,8.517393171,8.28115182,10.07130992,6.847399996,10.15349034,7.824445931,2025-11-03 05:38:35.641484,940.43,0,1,0,0,0.789548,0.789548,0.0,1.302294235,0,0.1419209763,1,2500,0.7895,9.461412,5.0,0.0,3,0,0.789548
1138,1970-04-12,OH,648,634,3,1.0,10000,8450.58,0.8451,21195.75,5.0,2.0,0.0,0.0,0,0,0,153.0,81.3,82.8,82.8,253.0,151.67,38373.04,2022-05-13 02:29:00,0.0,0,0.0,2500,Male,55,0,0.845058,0,0,2022-05-01,0,0.3333333333,2500.0,0.3986921907,0.845058,8.4783,3.380232,4.0,1,1,0,0.0,0,597,253.0,82.8,15.349216,1.82004,0.0,0,0.845058,2112.645,9.210440367,9.042108685,9.961603147,4.428433007,10.55513647,7.824445931,2025-11-03 05:37:35.641484,82.8,0,1,0,0,0.845058,0.845058,0.0,1.199133737,0,0.1372763425,1,2500,0.8451,8.4783,5.0,0.0,3,0,0.845058
1139,1984-07-26,NC,577,758,3,1.0,12000,7001.96,0.5835,204381.64,4.0,2.0,1.0,2.0,0,0,0,176.0,66.7,157.15,157.15,224.0,153.47,34376.72,2023-08-06 07:43:00,0.0,0,0.0,2600,Male,41,0,0.583496667,0,0,2023-08-01,0,0.3333333333,2500.0,0.03425924168,0.583496667,78.60832308,2.693061538,4.615384615,1,1,0,1.0,0,147,224.0,157.15,13.22181538,1.770807692,0.0,0,0.583496667,1517.091334,9.392745259,8.854088196,12.2277492,5.06354395,10.44516396,7.863651265,2025-11-03 05:39:35.641484,157.15,0,1,0,0,0.5834966667,0.5834966667,0.0,1.285527653,0,0.2547144051,1,2600,0.5835,78.60832308,4.0,1.0,3,0,0.583496667
114,1991-11-28,OH,571,727,2,0.0,0,0.0,0.0,390566.14,3.0,3.0,2.0,0.0,0,0,0,168.0,124.5,95.21,95.21,218.0,180.76,39406.7,2022-07-26 14:31:00,0.0,1924,0.0,2200,Male,33,0,0.49068525,0,1,2022-07-01,0,0.0,0.0,0.0,0.49068525,177.5300636,0.0,0.0,1,1,0,0.0,0,522,218.0,95.21,17.91213636,2.464909091,0.0,2,0.477859,1590.507672,2.416580621,1.973596521,12.87535517,4.566533302,10.58171651,7.696667082,2025-11-03 05:36:35.641484,95.21,0,1,0,0,0.0,0.0,21.3918774,1.192464502,0,0.2317972487,0,2200,0.0,177.5300636,3.0,2.0,2,1,0.49068525
1140,1988-05-19,GA,484,624,3,1.0,10000,2490.98,0.2491,170254.56,7.0,2.0,2.0,1.0,0,0,0,166.0,122.7,25.17,25.17,230.0,173.88,39992.05,2022-11-13 10:43:00,0.0,0,0.0,3100,Female,37,0,0.249098,0,0,2022-11-01,0,0.3333333333,2500.0,0.01463091503,0.249098,54.92082581,0.8035419355,3.225806452,1,1,0,2.0,0,413,230.0,25.17,12.90066129,1.682709677,0.0,0,0.249098,772.2038,9.210440367,7.820832854,12.04505588,3.264613717,10.59646097,8.039479919,2025-11-03 05:38:35.641484,25.17,0,1,0,0,0.249098,0.249098,0.0,1.129584819,0,0.1677010904,1,3100,0.2491,54.92082581,7.0,2.0,3,0,0.249098
1141,1994-02-16,NY,686,776,3,0.0,5000,4390.46,0.8781,121788.63,10.0,3.0,0.0,0.0,0,0,0,159.0,110.3,165.6,165.6,255.0,192.36,49051.31,2022-10-01 16:47:00,0.0,0,0.0,3100,Male,31,0,0.878092,0,0,2022-10-01,1,0.0,0.0,0.03604983487,0.878092,39.28665484,1.416277419,1.612903226,1,1,0,0.0,0,455,255.0,165.6,15.82300323,1.861548387,0.0,0,0.878092,2722.0852,8.517393171,8.387417025,11.71005049,5.11559573,10.80064256,8.039479919,2025-11-03 05:37:35.641484,165.6,0,1,0,0,0.878092,0.878092,0.0,1.249086355,0,0.3106705892,0,3100,0.8781,39.28665484,10.0,0.0,3,0,0.878092
1142,2002-10-20,TX,721,683,4,2.0,48500,20848.4875,0.6867,356381.87,9.0,3.0,1.0,1.0,0,0,0,64.0,40.0,26.33,26.33,215.0,175.96,37831.16,2022-08-11 12:49:00,0.0,0,0.0,3000,Male,23,0,0.686714667,0,0,2022-08-01,1,0.5,2500.0,0.115614411,0.686714667,118.7939567,6.45558796,15.64516129,1,1,0,0.5,0,506,215.0,26.33,12.61038667,1.7596,0.0,0,0.686714667,2060.144001,11.00211651,10.62628771,12.78376091,3.307985,10.54091481,8.006700845,2025-11-03 05:39:35.641484,26.33,0,1,0,0,0.6867146667,0.6867146667,0.0,1.098506463,0,0.2332924495,1,3000,0.6867,118.7939567,9.0,1.0,4,0,0.686714667
1143,1995-04-17,FL,596,722,4,0.0,1000,575.68,0.0,196150.89,14.0,3.0,1.0,2.0,0,0,0,154.0,66.0,53.74,53.74,218.0,193.62,42208.84,2022-06-11 11:05:00,0.0,0,0.0,3300,Female,30,0,0.57568,0,0,2022-06-01,0,0.0,0.0,0.002934883446,0.57568,59.43966364,0.1744484848,0.303030303,1,1,0,0.0,0,568,218.0,53.74,12.79055758,1.760181818,0.0,0,0.57568,1899.744,6.908754779,6.35728752,12.18664459,4.002594704,10.65040865,8.101980732,2025-11-03 05:38:35.641484,53.74,0,1,0,0,0.57568,0.57568,0.0,1.130431084,0,0.2493695028,0,3300,0.0,59.43966364,14.0,1.0,4,0,0.57568
1144,1989-09-10,MI,744,716,2,1.0,1000,220.12,0.0,384734.19,3.0,3.0,0.0,2.5,1,576,0,172.0,167.0,57.19,57.19,228.0,94.68,21587.32,2022-06-09 15:03:00,0.0,0,0.0,3500,Male,36,0,0.22012,0,1,2022-06-01,1,0.5,1000.0,0.0005721352708,0.22012,109.9240543,0.06289142857,0.2857142857,1,1,0,0.0,0,569,228.0,57.19,6.167805714,0.8115428571,0.22012,0,0.22012,770.42,6.908754779,5.398705541,12.86031056,4.063713519,9.979907707,8.160803921,2025-11-03 05:38:35.641484,57.19,0,1,0,0,0.22012,0.22012,19.3918774,1.175854046,0,0.2270358602,1,3500,0.0,109.9240543,3.0,0.0,2,1,0.22012
1145,1968-03-05,AZ,523,576,4,1.0,40000,20848.4875,0.6428,225877.91,11.0,3.0,1.0,0.0,0,0,0,151.0,128.5,10.52,10.52,210.0,198.4,41664.08,2022-08-03 15:55:00,0.0,0,0.0,2900,Female,57,0,0.642847,0,0,2022-08-01,0,0.25,2500.0,0.1138397287,0.642847,77.88893448,6.45558796,13.79310345,1,1,0,1.0,0,514,210.0,10.52,14.36692414,2.052413793,0.0,0,0.642847,1864.2563,10.59665973,10.15482509,12.32775434,2.444084655,10.63741865,7.972810784,2025-11-03 05:39:35.641484,10.52,0,1,0,0,0.642847,0.642847,0.0,1.015678358,0,0.1201932671,1,2900,0.6428,77.88893448,11.0,1.0,4,0,0.642847
1146,1986-07-19,MA,693,704,2,0.0,30000,12446.2,0.4149,15200.73,3.0,3.0,0.0,1.0,0,0,0,148.0,115.0,904.85,904.85,224.0,108.31,24261.47,2023-11-27 11:10:00,0.0,0,0.0,3400,Female,39,0,0.414873333,0,1,2023-11-01,1,0.0,0.0,0.4889038178,0.414873333,4.470802941,3.660647059,8.823529412,1,1,0,0.0,0,34,224.0,904.85,7.135726471,0.9556764706,0.414873333,0,0.414873333,1410.569332,10.30898599,9.429250977,9.629164516,6.808873729,10.09668599,8.131824785,2025-11-03 05:37:35.641484,904.85,0,1,0,0,0.4148733333,0.4148733333,20.3918774,1.293392651,0,0.2075769166,1,3400,0.4149,4.470802941,3.0,0.0,2,1,0.414873333
1147,1974-06-28,WA,765,671,4,1.0,25000,14790.86,0.5916,29881.02,9.0,3.0,1.0,1.0,0,0,0,147.0,103.5,554.18,554.18,249.0,104.74,26080.5,2023-03-05 17:18:00,0.0,0,0.0,3900,Female,51,0,0.5916344,0,0,2023-03-01,1,0.25,2500.0,0.4889038178,0.5916344,7.6618,3.792528205,6.41025641,1,1,0,1.0,0,300,249.0,554.18,6.687307692,0.8056923077,0.0,0,0.5916344,2307.37416,10.1266711,9.601832308,10.30501224,6.319292385,10.16898153,8.26898821,2025-11-03 05:37:35.641484,554.18,0,1,0,0,0.5916344,0.5916344,0.0,1.322162552,0,0.1227351112,0,3900,0.5916,7.6618,9.0,1.0,4,0,0.5916344
1148,1970-08-11,WA,775,636,2,0.0,5000,2898.43,0.5797,103239.12,7.0,3.0,0.0,2.0,0,0,0,91.0,49.0,249.21,249.21,211.0,138.04,29125.69,2023-02-23 22:37:00,0.0,0,0.0,3300,Male,55,0,0.579686,0,1,2023-02-01,1,0.0,0.0,0.02807491966,0.579686,31.28458182,0.8783121212,1.515151515,1,1,0,0.0,0,310,211.0,249.21,8.825966667,1.254909091,0.579686,0,0.579686,1912.9638,8.517393171,7.972269445,11.54481282,5.522300565,10.27941021,8.101980732,2025-11-03 05:39:35.641484,249.21,0,1,0,0,0.579686,0.579686,18.3918774,1.340431816,0,0.1461977492,1,3300,0.5797,31.28458182,7.0,0.0,2,1,0.579686
1149,1985-11-02,CA,735,653,4,0.0,20000,6265.32,0.3133,398599.19,18.5,3.0,0.0,0.0,0,0,0,167.0,122.0,92.55,92.55,232.0,110.19,25563.79,2022-11-22 17:25:00,0.0,0,0.0,3200,Male,39,0,0.313266,0,0,2022-11-01,1,0.0,0.0,0.01571834604,0.313266,124.5622469,1.9579125,6.25,1,1,0,0.0,0,403,232.0,92.55,7.988684375,1.03303125,0.0,0,0.313266,1002.4512,9.903537551,8.742944539,12.89571416,4.538496053,10.14897129,8.07121854,2025-11-03 05:38:35.641484,92.55,0,1,0,0,0.313266,0.313266,0.0,1.237043306,0,0.2075052365,1,3200,0.3133,124.5622469,18.5,0.0,4,0,0.313266
115,1982-03-26,FL,500,729,2,0.0,20000,11716.02,0.5858,449362.7,7.0,2.0,0.0,0.0,0,0,0,142.0,75.0,11.98,11.98,250.0,166.47,41618.35,2022-09-10 15:06:00,0.0,805,0.0,3200,Female,43,0,0.585801,0,1,2022-09-01,0,0.0,0.0,0.02607252449,0.585801,140.4258438,3.66125625,6.25,1,1,0,0.0,0,476,250.0,11.98,13.00573438,1.56065625,0.5846375,0,0.585801,1874.5632,9.903537551,9.368797765,13.01558786,2.563409711,10.63632048,8.07121854,2025-11-03 05:37:35.641484,11.98,0,1,0,0,0.585801,0.585801,20.3918774,1.108341238,0,0.2132806844,0,3200,0.5858,140.4258438,7.0,0.0,2,1,0.585801
1150,1993-05-07,WA,694,686,3,0.0,32000,4590.46,0.1435,5794.1,4.0,3.0,0.0,0.0,0,0,0,184.0,128.3,194.09,194.09,237.0,82.53,19558.53,2022-12-06 03:43:00,0.0,0,0.0,2600,Male,32,0,0.143451875,0,0,2022-12-01,1,0.0,0.0,0.4889038178,0.143451875,2.2285,1.765561538,12.30769231,1,1,0,0.0,0,390,237.0,194.09,7.522511538,0.9522692308,0.0,0,0.143451875,372.974875,10.37352243,8.431953335,8.664768012,5.273460991,9.881217915,7.863651265,2025-11-03 05:37:35.641484,194.09,0,1,0,0,0.143451875,0.143451875,0.0,1.211447936,0,0.1376217696,1,2600,0.1435,2.2285,4.0,0.0,3,0,0.143451875
1151,2001-03-16,TX,646,770,3,0.0,7000,1298.29,0.1855,274930.77,9.0,2.0,0.0,0.0,0,0,0,166.0,75.7,77.03,77.03,231.0,117.72,27193.08,2023-01-19 01:16:00,0.0,0,0.0,4000,Female,24,0,0.18547,0,0,2023-01-01,0,0.0,0.0,0.004722243349,0.18547,68.7326925,0.3245725,1.75,1,1,0,0.0,0,346,231.0,77.03,6.79827,0.8829,0.0,0,0.18547,741.88,8.853808275,7.16957324,12.52427824,4.357093368,10.21075458,8.294299609,2025-11-03 05:36:35.641484,77.03,0,1,0,0,0.18547,0.18547,0.0,1.226550455,0,0.2128529141,1,4000,0.1855,68.7326925,9.0,0.0,3,0,0.18547
1152,1973-10-14,MI,551,649,3,0.0,0,0.0,0.0,113305.78,11.0,3.0,1.0,0.0,0,0,0,178.0,86.7,379.4,379.4,226.0,116.2,26261.78,2022-08-11 10:52:00,0.0,0,0.0,2300,Female,52,0,0.49068525,0,0,2022-08-01,0,0.0,0.0,0.0,0.49068525,49.26338261,0.0,0.0,1,1,0,0.0,0,507,226.0,379.4,11.41816522,1.515652174,0.0,0,0.477859,1590.507672,2.416580621,1.973596521,11.63785429,5.941223331,10.17590801,7.74109909,2025-11-03 05:36:35.641484,379.4,0,1,0,0,0.0,0.0,0.0,1.378993494,0,0.2616809954,0,2300,0.0,49.26338261,11.0,1.0,3,0,0.49068525
1153,1990-07-16,PA,675,680,4,1.0,1000,240.7,0.0,553909.31,17.0,3.0,2.0,1.0,0,0,0,138.0,98.8,1120.67,1120.67,210.0,176.26,37013.62,2023-06-16 01:33:00,0.0,0,0.0,4000,Male,35,0,0.2407,0,0,2023-06-01,1,0.25,1000.0,0.0004345476699,0.2407,138.4773275,0.060175,0.25,1,1,0,2.0,0,198,210.0,1120.67,9.253405,1.32195,0.0,0,0.2407,962.8,6.908754779,5.487697288,13.22475806,7.409184898,10.51906825,8.294299609,2025-11-03 05:39:35.641484,1120.67,0,1,0,0,0.2407,0.2407,0.0,1.292308427,0,0.1779971343,1,4000,0.0,138.4773275,17.0,2.0,4,0,0.2407
1154,1965-01-18,AZ,753,576,4,0.0,1000,172.53,0.0,135868.88,10.0,3.0,1.0,2.0,0,0,0,164.0,73.0,62.88,62.88,207.0,111.12,23002.06,2022-01-23 07:12:00,0.0,0,0.0,3200,Female,60,0,0.17253,0,0,2022-01-01,1,0.0,0.0,0.001269827204,0.17253,42.459025,0.053915625,0.3125,1,1,0,0.0,0,707,207.0,62.88,7.18814375,1.04175,0.0,0,0.17253,552.096,6.908754779,5.156350495,11.81945294,4.157006323,10.04338253,8.07121854,2025-11-03 05:36:35.641484,62.88,0,1,0,0,0.17253,0.17253,0.0,1.244567136,0,0.1840521749,1,3200,0.0,42.459025,10.0,1.0,4,0,0.17253
1155,1988-01-11,TN,535,771,4,1.0,5000,2093.89,0.4188,154963.78,17.0,3.0,0.0,1.0,0,0,0,143.0,80.0,50.86,50.86,211.0,190.97,40293.99,2023-03-10 07:29:00,0.0,0,0.0,2300,Male,37,0,0.418778,0,0,2023-03-01,0,0.25,2500.0,0.01351212522,0.418778,67.37555652,0.9103869565,2.173913043,1,1,0,0.0,0,296,211.0,50.86,17.51912609,2.490913043,0.0,0,0.418778,963.1894,8.517393171,7.647256325,11.95095314,3.94854778,10.60398242,7.74109909,2025-11-03 05:36:35.641484,50.86,0,1,0,0,0.418778,0.418778,0.0,1.102730129,0,0.1740515313,0,2300,0.4188,67.37555652,17.0,0.0,4,0,0.418778
1156,1977-01-22,CA,635,567,3,0.0,10000,3154.92,0.3155,8466.34,13.0,3.0,1.0,0.0,0,0,0,172.0,118.0,111.07,111.07,239.0,142.47,34049.36,2022-08-04 14:29:00,0.0,0,0.0,2700,Female,48,0,0.315492,0,0,2022-08-01,0,0.0,0.0,0.372642724,0.315492,3.135681481,1.168488889,3.703703704,1,1,0,0.0,0,513,239.0,111.07,12.61087407,1.583,0.0,0,0.315492,851.8284,9.210440367,8.057035333,9.043971689,4.719123676,10.43559588,7.901377354,2025-11-03 05:38:35.641484,111.07,0,1,0,0,0.315492,0.315492,0.0,1.246633175,0,0.1793041348,1,2700,0.3155,3.135681481,13.0,1.0,3,0,0.315492
1157,1980-04-23,VA,763,496,2,0.0,0,0.0,0.0,214929.29,7.0,3.0,2.0,1.0,1,1940,0,128.0,106.5,464.13,464.13,234.0,115.03,26917.6,2022-11-01 10:38:00,0.0,0,0.0,3900,Male,45,0,0.49068525,0,1,2022-11-01,1,0.0,0.0,0.0,0.49068525,55.11007436,0.0,0.0,1,1,0,0.0,0,425,234.0,464.13,6.901948718,0.8848461538,0.0,2,0.477859,1590.507672,2.416580621,1.973596521,12.27806902,6.142316936,10.20057278,8.26898821,2025-11-03 05:37:35.641484,464.13,0,1,0,0,0.0,0.0,20.3918774,1.369372084,0,0.08879749215,1,3900,0.0,55.11007436,7.0,2.0,2,1,0.49068525
1158,1984-03-04,PA,493,581,3,0.0,5000,675.13,0.135,103761.44,13.0,3.0,0.0,1.0,0,0,0,171.0,123.3,312.46,312.46,213.0,122.57,26106.98,2022-12-17 19:23:00,0.0,0,0.0,3100,Female,41,0,0.135026,0,0,2022-12-01,0,0.0,0.0,0.006506559662,0.135026,33.47143226,0.217783871,1.612903226,1,1,0,0.0,0,378,213.0,312.46,8.421606452,1.18616129,0.0,0,0.135026,418.5806,8.517393171,6.516385365,11.54985933,5.74767176,10.16999629,8.039479919,2025-11-03 05:37:35.641484,312.46,0,1,0,0,0.135026,0.135026,0.0,1.377253011,0,0.1879047217,1,3100,0.135,33.47143226,13.0,0.0,3,0,0.135026
1159,1997-10-10,WA,677,585,3,0.0,5000,1141.54,0.2283,290622.92,12.0,3.0,0.0,0.0,0,0,0,127.0,80.0,13.03,13.03,227.0,166.19,37724.88,2022-12-18 21:28:00,0.0,0,0.0,3700,Female,28,0,0.228308,0,0,2022-12-01,1,0.0,0.0,0.003927907682,0.228308,78.54673514,0.3085243243,1.351351351,1,1,0,0.0,0,377,227.0,13.03,10.19591351,1.347486486,0.0,0,0.228308,844.7396,8.517393171,7.041009133,12.57978534,2.641197894,10.53810161,8.216358332,2025-11-03 05:39:35.641484,13.03,0,1,0,0,0.228308,0.228308,0.0,1.106262754,0,0.1922198722,1,3700,0.2283,78.54673514,12.0,0.0,3,0,0.228308
116,1989-01-28,CO,512,669,2,1.0,1000,740.31,0.0,227350.34,4.0,3.0,2.0,0.0,0,0,0,61.0,35.0,381.13,381.13,254.0,107.41,27282.64,2022-08-17 22:25:00,0.0,2033,0.0,2400,Male,36,0,0.74031,0,1,2022-08-01,0,0.5,1000.0,0.003256252003,0.74031,94.72930833,0.3084625,0.4166666667,1,1,0,2.0,0,500,254.0,381.13,11.36776667,1.342625,0.5846375,2,0.0,1776.744,6.908754779,6.608418891,12.33425185,5.945760865,10.21404253,7.783640596,2025-11-03 05:37:35.641484,381.13,0,1,0,0,0.74031,0.74031,20.3918774,1.302484162,0,0.1324188133,1,2400,0.0,94.72930833,4.0,2.0,2,1,0.74031
1160,1969-01-10,GA,629,712,4,0.0,30000,10682.05,0.3561,317792.05,9.0,3.0,1.0,2.0,0,0,0,176.0,100.2,84.66,84.66,229.0,178.02,40767.53,2022-04-22 11:08:00,0.0,0,0.0,3400,Female,56,0,0.356068333,0,0,2022-04-01,0,0.0,0.0,0.033613333,0.356068333,93.46825,3.141779412,8.823529412,1,1,0,0.0,0,618,229.0,84.66,11.99045,1.570764706,0.0,0,0.356068333,1210.632332,10.30898599,9.276413652,12.66915566,4.450385972,10.61566574,8.131824785,2025-11-03 05:37:35.641484,84.66,0,1,0,0,0.3560683333,0.3560683333,0.0,1.201822631,0,0.2609838111,1,3400,0.3561,93.46825,9.0,1.0,4,0,0.356068333
1161,1994-12-17,WI,668,567,3,2.0,1000,549.01,0.0,53262.2,8.0,3.0,1.0,1.0,0,0,0,175.0,162.3,269.24,269.24,241.0,96.97,23369.5,2023-04-05 09:35:00,0.0,0,0.0,3000,Female,30,0,0.54901,0,0,2023-04-01,0,0.6666666667,500.0,0.01030768538,0.54901,17.75406667,0.1830033333,0.3333333333,1,1,0,0.5,0,270,241.0,269.24,7.789833333,0.9697,0.0,0,0.54901,1647.03,6.908754779,6.30993646,10.88300094,5.599310453,10.05922982,8.006700845,2025-11-03 05:38:35.641484,269.24,0,1,0,0,0.54901,0.54901,0.0,1.288939048,0,0.2076336649,1,3000,0.0,17.75406667,8.0,1.0,3,0,0.54901
1162,1998-06-14,IL,690,560,3,0.0,1000,355.11,0.0,29756.38,9.0,3.0,1.0,1.0,0,0,0,98.0,58.3,463.16,463.16,203.0,143.33,29096.76,2022-04-05 09:42:00,0.0,0,0.0,3400,Male,27,0,0.35511,0,0,2022-04-01,1,0.0,0.0,0.01193391132,0.35511,8.751876471,0.1044441176,0.2941176471,1,1,0,0.0,0,635,203.0,463.16,8.557870588,1.264676471,0.0,0,0.35511,1207.374,6.908754779,5.875239672,10.30083245,6.14022932,10.27841647,8.131824785,2025-11-03 05:39:35.641484,463.16,0,1,0,0,0.35511,0.35511,0.0,1.326000354,0,0.2265309503,1,3400,0.0,8.751876471,9.0,1.0,3,0,0.35511
1163,1986-08-12,AZ,546,724,3,1.0,2000,1730.25,0.8651,7193.28,7.0,3.0,0.0,0.0,0,0,0,164.0,113.0,34.46,34.46,208.0,167.0,34736.59,2022-05-21 23:41:00,0.0,0,0.0,2800,Male,39,0,0.865125,0,0,2022-05-01,0,0.3333333333,2000.0,0.2405370012,0.865125,2.569028571,0.6179464286,0.7142857143,1,1,0,0.0,0,588,208.0,34.46,12.405925,1.789285714,0.0,0,0.865125,2422.35,7.601402335,7.45659897,8.881041545,3.568405301,10.45557766,7.937731775,2025-11-03 05:38:35.641484,34.46,0,1,0,0,0.865125,0.865125,0.0,1.093848528,0,0.1065356396,1,2800,0.8651,2.569028571,7.0,0.0,3,0,0.865125
1164,1975-07-01,OH,679,546,3,0.0,1000,44.23,0.0442,71474.08,4.0,3.0,1.0,2.0,0,0,0,182.0,94.0,52.01,52.01,235.0,136.95,32184.24,2023-12-28 07:01:00,0.0,0,0.0,2700,Female,50,0,0.04423,0,0,2023-12-01,1,0.0,0.0,0.0006188257337,0.04423,26.47188148,0.01638148148,0.3703703704,1,1,0,0.0,0,3,235.0,52.01,11.92008889,1.521666667,0.0,0,0.04423,119.421,6.908754779,3.811760583,11.17710414,3.970480575,10.37926324,7.901377354,2025-11-03 05:38:35.641484,52.01,0,1,0,0,0.04423,0.04423,0.0,1.187717777,0,0.1851871584,1,2700,0.0442,26.47188148,4.0,1.0,3,0,0.04423
1165,1979-12-05,AZ,638,723,4,0.0,1000,592.2,0.0,152216.98,14.0,3.0,0.0,2.0,0,0,0,161.0,95.8,81.07,81.07,253.0,135.23,34212.08,2022-05-23 07:47:00,0.0,0,0.0,3800,Female,45,0,0.5922,0,0,2022-05-01,0,0.0,0.0,0.003890498944,0.5922,40.0571,0.1558421053,0.2631578947,1,1,0,0.0,0,587,253.0,81.07,9.003178947,1.067605263,0.0,0,0.5922,2250.36,6.908754779,6.38553161,11.93306885,4.407572542,10.44036331,8.243019469,2025-11-03 05:38:35.641484,81.07,0,1,0,0,0.5922,0.5922,0.0,1.190518321,0,0.1808523816,0,3800,0.0,40.0571,14.0,0.0,4,0,0.5922
1166,1966-10-17,WA,789,780,4,0.0,40000,20848.4875,0.5293,136545.39,9.0,2.0,2.0,0.0,0,0,0,122.0,81.8,300.5,300.5,208.0,108.47,22561.5,2022-08-27 21:36:00,0.0,0,0.0,3600,Female,59,0,0.52928975,0,0,2022-08-01,1,0.0,0.0,0.1550516645,0.52928975,37.929275,5.880997222,11.11111111,1,1,0,0.0,0,490,208.0,300.5,6.267083333,0.9039166667,0.0,0,0.52928975,1905.4431,10.59665973,9.9604627,11.82441969,5.708770016,10.02404452,8.188966864,2025-11-03 05:39:35.641484,300.5,0,1,0,0,0.52928975,0.52928975,0.0,1.380529176,0,0.2129923807,1,3600,0.5293,37.929275,9.0,2.0,4,0,0.52928975
1167,1972-06-23,NY,737,621,3,0.0,30000,3292.85,0.1098,87279.74,11.0,3.0,0.0,0.0,0,0,0,152.0,86.3,67.07,67.07,233.0,102.92,23979.41,2022-10-27 02:43:00,0.0,0,0.0,3100,Male,53,0,0.109761667,0,0,2022-10-01,1,0.0,0.0,0.03772754135,0.109761667,28.15475484,1.062209677,9.677419355,1,1,0,0.0,0,430,233.0,67.07,7.735293548,0.996,0.0,0,0.109761667,340.2611677,10.30898599,8.099812372,11.3768851,4.220536587,10.08499253,8.039479919,2025-11-03 05:38:35.641484,67.07,0,1,0,0,0.1097616667,0.1097616667,0.0,1.190256642,0,0.2357877169,1,3100,0.1098,28.15475484,11.0,0.0,3,0,0.109761667
1168,1989-11-09,IN,483,708,2,0.0,0,0.0,0.0,131884.38,10.0,3.0,1.0,0.0,0,0,1,144.0,106.0,162.36,162.36,227.0,144.72,32850.91,2023-05-13 12:09:00,0.0,0,0.0,2900,Male,35,0,0.49068525,0,1,2023-05-01,0,0.0,0.0,0.0,0.49068525,45.47737241,0.0,0.0,1,1,0,0.0,0,231,227.0,162.36,11.3279,1.497103448,0.0,1,0.477859,1590.507672,2.416580621,1.973596521,11.78968849,5.095956354,10.39976517,7.972810784,2025-11-03 05:39:35.641484,162.36,0,1,0,0,0.0,0.0,18.3918774,1.29750595,0,0.1809935317,1,2900,0.0,45.47737241,10.0,1.0,2,1,0.49068525
1169,1968-10-02,FL,684,749,3,0.0,40000,10693.41,0.2673,62532.68,8.0,3.0,0.0,2.5,0,0,0,116.0,76.3,50.98,50.98,240.0,101.27,24304.37,2022-09-04 08:53:00,0.0,0,0.0,3600,Female,57,0,0.26733525,0,0,2022-09-01,1,0.0,0.0,0.1710051448,0.26733525,17.37018889,2.970391667,11.11111111,1,1,0,0.0,0,483,240.0,50.98,6.751213889,0.8439166667,0.0,0,0.26733525,962.4069,10.59665973,9.277476454,11.04346057,3.950859029,10.09845259,8.188966864,2025-11-03 05:39:35.641484,50.98,0,1,0,0,0.26733525,0.26733525,0.0,1.133800574,0,0.3140488174,0,3600,0.2673,17.37018889,8.0,0.0,3,0,0.26733525
117,1979-04-27,MA,501,745,3,0.0,15000,10252.33,0.6835,17019.6,4.0,3.0,0.0,0.0,0,0,0,126.0,85.3,442.32,442.32,218.0,151.69,33067.57,2022-12-21 21:57:00,2.0,1762,0.001135074,3300,Male,46,0,0.683488667,1,0,2022-12-01,0,0.0,0.0,0.4889038178,0.683488667,5.157454545,3.106766667,4.545454545,1,1,0,0.0,0,374,218.0,442.32,10.02047576,1.379,0.0,0,0.683488667,2255.512601,9.615872145,9.23535781,9.742179654,6.094291857,10.40633856,8.101980732,2025-11-03 05:36:35.641484,442.32,0,1,0,0,0.6834886667,0.6834886667,0.0,1.370608903,0,0.1629089736,0,3300,0.6835,5.157454545,4.0,0.0,3,0,0.683488667
1170,1966-01-23,FL,771,715,2,0.0,2000,534.16,0.2671,4581.14,7.0,3.0,2.0,0.0,0,0,0,120.0,63.0,186.67,186.67,200.0,129.26,25851.26,2023-10-24 22:26:00,0.0,0,0.0,4000,Female,59,0,0.26708,0,1,2023-10-01,1,0.0,0.0,0.1165997983,0.26708,1.145285,0.13354,0.5,1,1,0,0.0,0,67,200.0,186.67,6.462815,0.96945,0.26708,2,0.26708,1068.32,7.601402335,6.282565768,8.429921417,5.234685101,10.1601533,8.294299609,2025-11-03 05:39:35.641484,186.67,0,1,0,0,0.26708,0.26708,18.3918774,1.282972122,0,0.2741609063,0,4000,0.2671,1.145285,7.0,2.0,2,1,0.26708
1171,1991-08-13,FL,774,526,3,1.0,30000,18852.26,0.6284,45700.15,5.0,3.0,1.0,2.0,0,0,0,106.0,59.7,121.84,121.84,229.0,85.7,19624.87,2023-07-02 18:00:00,0.0,0,0.0,3700,Female,34,0,0.628408667,0,0,2023-07-01,1,0.3333333333,2500.0,0.4125207466,0.628408667,12.35139189,5.095205405,8.108108108,1,1,0,1.0,0,181,229.0,121.84,5.304018919,0.6948648649,0.0,0,0.628408667,2325.112068,10.30898599,9.844441122,10.72987874,4.810882696,9.884603873,8.216358332,2025-11-03 05:38:35.641484,121.84,0,1,0,0,0.6284086667,0.6284086667,0.0,1.220775119,0,0.1218810235,1,3700,0.6284,12.35139189,5.0,1.0,3,0,0.628408667
1172,2000-05-16,IL,713,632,3,1.0,20000,18278.84,0.9139,35596.79,6.0,2.0,2.0,0.0,0,0,0,144.0,85.7,291.05,291.05,245.0,208.46,51073.64,2023-02-25 06:48:00,0.0,0,0.0,2500,Female,25,0,0.913942,0,0,2023-02-01,1,0.3333333333,2500.0,0.4889038178,0.913942,14.238716,6.45558796,8.0,1,1,0,2.0,0,309,245.0,291.05,18.8428536,2.50152,0.0,0,0.913942,2284.855,9.903537551,9.813554092,10.48003884,5.67692502,10.84104337,7.824445931,2025-11-03 05:36:35.641484,291.05,0,1,0,0,0.913942,0.913942,0.0,1.298589357,0,0.2659548143,1,2500,0.9139,14.238716,6.0,2.0,3,0,0.913942
1173,1978-12-22,CA,793,692,2,0.0,2000,909.14,0.4546,7110.94,5.0,3.0,0.0,0.0,0,0,0,147.0,87.5,246.4,246.4,219.0,152.99,33504.33,2022-08-03 19:19:00,0.0,0,0.0,3600,Female,46,0,0.45457,0,1,2022-08-01,1,0.0,0.0,0.1278508889,0.45457,1.975261111,0.2525388889,0.5555555556,1,1,0,0.0,0,514,219.0,246.4,9.306758333,1.274916667,0.45457,0,0.45457,1636.452,7.601402335,6.813598434,8.869530341,5.51100646,10.41945981,8.188966864,2025-11-03 05:37:35.641484,246.4,0,1,0,0,0.45457,0.45457,20.3918774,1.329488066,0,0.2067352481,1,3600,0.4546,1.975261111,5.0,0.0,2,1,0.45457
1174,1984-07-22,FL,571,714,3,1.0,6000,714.67,0.1191,145156.02,5.0,3.0,1.0,2.0,0,0,0,86.0,47.7,464.53,464.53,233.0,133.68,31147.01,2022-09-21 02:34:00,0.0,0,0.0,2400,Male,41,0,0.119111667,0,0,2022-09-01,0,0.3333333333,2500.0,0.004923460977,0.119111667,60.481675,0.2977791667,2.5,1,1,0,1.0,0,466,233.0,464.53,12.97792083,1.671,0.0,0,0.119111667,285.8680008,8.699681401,6.573219167,11.88557133,6.143176541,10.34650564,7.783640596,2025-11-03 05:37:35.641484,464.53,0,1,0,0,0.1191116667,0.1191116667,0.0,1.381960605,0,0.2038334177,1,2400,0.1191,60.481675,5.0,1.0,3,0,0.119111667
1175,1998-05-20,WI,573,681,2,0.0,0,0.0,0.0,31754.01,7.0,3.0,1.0,2.0,0,0,0,144.0,94.0,1120.67,1120.67,238.0,121.12,28827.63,2023-10-17 06:26:00,0.0,0,0.0,2300,Male,27,0,0.49068525,0,1,2023-10-01,0,0.0,0.0,0.0,0.49068525,13.8060913,0.0,0.0,1,1,0,0.0,0,75,238.0,1120.67,12.53375217,1.579826087,0.0,1,0.477859,1590.507672,2.416580621,1.973596521,10.36580579,7.665561286,10.26912427,7.74109909,2025-11-03 05:36:35.641484,1120.67,0,1,0,0,0.0,0.0,21.3918774,1.304274905,0,0.2233002715,0,2300,0.0,13.8060913,7.0,1.0,2,1,0.49068525
1176,1973-07-27,FL,602,620,3,0.0,25000,9409.46,0.3764,113556.92,10.0,3.0,1.0,1.0,0,0,0,76.0,51.0,952.03,952.03,248.0,94.78,23506.07,2022-11-26 13:16:00,0.0,0,0.0,2900,Female,52,0,0.3763784,0,0,2022-11-01,0,0.0,0.0,0.08286117658,0.3763784,39.15755862,3.244641379,8.620689655,1,1,0,0.0,0,399,248.0,952.03,8.105541379,0.9804827586,0.0,0,0.3763784,1091.49736,10.1266711,9.149577116,11.64006829,6.859646383,10.06505651,7.972810784,2025-11-03 05:39:35.641484,952.03,0,1,0,0,0.3763784,0.3763784,0.0,1.248894279,0,0.2672598575,0,2900,0.3764,39.15755862,10.0,1.0,3,0,0.3763784
1177,1997-12-20,FL,514,732,3,0.0,1000,463.0,0.463,292971.6,9.0,3.0,2.0,1.0,0,0,0,111.0,62.0,494.45,494.45,239.0,164.92,39415.0,2023-11-18 12:51:00,0.0,0,0.0,3600,Male,27,0,0.463,0,0,2023-11-01,0,0.0,0.0,0.00158035796,0.463,81.381,0.1286111111,0.2777777778,1,1,0,0.0,0,42,239.0,494.45,10.94861111,1.374333333,0.0,0,0.463,1666.8,6.908754779,6.139884552,12.58783437,6.205466441,10.5819271,8.188966864,2025-11-03 05:36:35.641484,494.45,0,1,0,0,0.463,0.463,0.0,1.375286279,0,0.171218374,1,3600,0.463,81.381,9.0,2.0,3,0,0.463
1178,1983-02-26,FL,763,668,3,1.0,40000,19522.22,0.4881,20743.15,9.0,3.0,1.0,1.0,0,0,0,132.0,104.3,108.57,108.57,224.0,125.26,28058.26,2022-01-29 19:52:00,0.0,0,0.0,4700,Female,42,0,0.4880555,0,0,2022-01-01,1,0.3333333333,2500.0,0.4889038178,0.4880555,4.41343617,4.15366383,8.510638298,1,1,0,1.0,0,700,224.0,108.57,5.969842553,0.7995319149,0.0,0,0.4880555,2293.86085,10.59665973,9.879359805,9.940019558,4.696563614,10.24207398,8.455530531,2025-11-03 05:36:35.641484,108.57,0,1,0,0,0.4880555,0.4880555,0.0,1.274573879,0,0.2059802599,0,4700,0.4881,4.41343617,9.0,1.0,3,0,0.4880555
1179,1996-04-20,AZ,533,689,3,1.0,48500,20848.4875,0.651,59221.93,7.0,3.0,0.0,0.0,0,0,0,112.0,43.0,105.64,105.64,237.0,208.33,49374.73,2023-02-27 17:03:00,0.0,0,0.0,2400,Male,29,0,0.650959,0,0,2023-02-01,0,0.3333333333,2500.0,0.4889038178,0.650959,24.67580417,6.45558796,15.64516129,1,1,0,0.0,0,306,237.0,105.64,18.8428536,2.50213838,0.0,0,0.650959,1562.3016,11.00211651,10.57281683,10.98906408,4.669458676,10.80721429,7.783640596,2025-11-03 05:36:35.641484,105.64,0,1,0,0,0.650959,0.650959,0.0,1.198782258,0,0.2338070967,1,2400,0.651,24.67580417,7.0,0.0,3,0,0.650959
118,1987-05-27,OH,678,712,3,0.0,1000,253.41,0.2534,8622.04,4.0,2.0,1.0,0.0,0,0,0,178.0,103.3,1120.67,1120.67,268.0,82.64,22148.39,2022-02-07 13:14:00,15.0,1116,0.01344086,3500,Male,38,0,0.25341,1,0,2022-02-01,1,0.0,0.0,0.0293909562,0.25341,2.46344,0.07240285714,0.2857142857,1,1,0,0.0,0,691,268.0,1120.67,6.328111429,0.7083428571,0.0,0,0.25341,886.935,6.908754779,5.538947139,9.06219297,7.746006629,10.00556524,8.160803921,2025-11-03 05:39:35.641484,1120.67,0,1,0,0,0.25341,0.25341,0.0,1.154480664,0,0.2858216164,1,3500,0.2534,2.46344,4.0,1.0,3,0,0.25341
1180,1981-09-07,VA,564,586,4,0.0,2000,1355.76,0.6779,6508.26,13.0,2.0,1.0,2.0,0,0,0,189.0,99.8,284.7,284.7,235.0,123.86,29106.53,2022-05-01 17:00:00,0.0,0,0.0,2900,Male,44,0,0.67788,0,0,2022-05-01,0,0.0,0.0,0.2083137428,0.67788,2.244227586,0.4675034483,0.6896551724,1,1,0,0.0,0,608,235.0,284.7,10.03673448,1.281310345,0.0,0,0.67788,1965.852,7.601402335,7.212854783,8.780981057,5.654942309,10.27875218,7.972810784,2025-11-03 05:39:35.641484,284.7,0,1,0,0,0.67788,0.67788,0.0,1.349298601,0,0.2220952111,1,2900,0.6779,2.244227586,13.0,1.0,4,0,0.67788
1181,1991-05-06,NY,716,517,4,1.0,7000,1271.13,0.1816,299377.71,16.0,3.0,2.0,0.0,0,0,0,114.0,68.5,139.87,139.87,230.0,158.97,36564.18,2023-09-26 12:19:00,0.0,0,0.0,2600,Female,34,0,0.18159,0,0,2023-09-01,1,0.25,2500.0,0.004245907285,0.18159,115.1452731,0.4888961538,2.692307692,1,1,0,2.0,0,95,230.0,139.87,14.06314615,1.834269231,0.0,0,0.18159,472.134,8.853808275,7.14844794,12.60946464,4.947837479,10.5068517,7.863651265,2025-11-03 05:38:35.641484,139.87,0,1,0,0,0.18159,0.18159,0.0,1.267436167,0,0.1886494952,1,2600,0.1816,115.1452731,16.0,2.0,4,0,0.18159
1182,2000-08-07,CO,675,684,3,1.0,5000,3547.81,0.7096,35978.37,15.0,3.0,1.0,2.0,0,0,1,145.0,90.3,107.39,107.39,221.0,110.24,24363.1,2023-02-20 22:09:00,0.0,0,0.0,3200,Male,25,0,0.709562,0,0,2023-02-01,1,0.3333333333,2500.0,0.09860952567,0.709562,11.24324063,1.108690625,1.5625,1,1,0,1.0,0,313,221.0,107.39,7.61346875,1.0335,0.0,0,0.709562,2270.5984,8.517393171,8.174367615,10.490701,4.685735834,10.10086602,8.07121854,2025-11-03 05:38:35.641484,107.39,0,1,0,0,0.709562,0.709562,0.0,1.286409495,0,0.2055729528,1,3200,0.7096,11.24324063,15.0,1.0,3,0,0.709562
1183,1986-04-01,CA,683,485,2,0.0,20000,12985.31,0.6493,209444.87,10.0,3.0,2.5,0.0,0,0,0,99.0,75.0,16.51,16.51,215.0,121.31,26082.22,2022-04-27 10:40:00,0.0,0,0.0,2700,Male,39,0,0.6492655,0,1,2022-04-01,1,0.0,0.0,0.06199870162,0.6492655,77.57217407,4.809374074,7.407407407,1,1,1,0.0,0,613,215.0,16.51,9.660081481,1.347888889,0.5846375,3,0.6492655,1753.01685,9.903537551,9.471651005,12.25222061,2.862772146,10.16904747,7.901377354,2025-11-03 05:39:35.641484,16.51,0,1,0,0,0.6492655,0.6492655,18.3918774,1.132877665,0,0.1702017163,1,2700,0.6493,77.57217407,10.0,2.5,2,1,0.6492655
1184,1970-02-27,MO,538,647,4,1.0,22000,19389.43,0.8813,147367.88,9.0,3.0,0.0,1.0,0,0,0,183.0,118.5,214.63,214.63,234.0,214.81,50266.4,2023-10-09 04:57:00,0.0,0,0.0,2700,Male,55,0,0.881337727,0,0,2023-10-01,0,0.25,2500.0,0.1315716152,0.881337727,54.5806963,6.45558796,8.148148148,1,1,0,0.0,0,83,234.0,214.63,18.61718519,2.386777778,0.0,0,0.881337727,2379.611863,9.998843186,9.872534924,11.90069411,5.373563976,10.82511203,7.901377354,2025-11-03 05:36:35.641484,214.63,0,1,0,0,0.8813377273,0.8813377273,0.0,1.257343371,0,0.1934310783,0,2700,0.8813,54.5806963,9.0,0.0,4,0,0.881337727
1185,1996-03-03,TN,728,514,3,0.0,30000,20848.4875,0.8107,242124.68,11.0,3.0,0.0,2.0,0,0,0,188.0,168.0,206.91,206.91,242.0,143.37,34695.38,2023-11-01 16:21:00,0.0,0,0.0,3200,Male,29,0,0.810684,0,0,2023-11-01,1,0.0,0.0,0.1004462659,0.810684,75.6639625,6.45558796,9.375,1,1,0,0.0,0,59,242.0,206.91,10.84230625,1.34409375,0.0,0,0.810684,2594.1888,10.30898599,10.09911683,12.39721221,5.337105294,10.45439064,8.07121854,2025-11-03 05:39:35.641484,206.91,0,1,0,0,0.810684,0.810684,0.0,1.305094798,0,0.1609619924,1,3200,0.8107,75.6639625,11.0,0.0,3,0,0.810684
1186,1969-12-24,FL,760,704,2,0.0,30000,14619.41,0.4873,15808.13,5.0,1.0,0.0,0.0,0,0,0,129.0,128.5,837.99,837.99,218.0,152.58,33263.22,2022-01-02 23:44:00,0.0,0,0.0,3600,Female,55,0,0.487313667,0,1,2022-01-01,1,0.0,0.0,0.4889038178,0.487313667,4.391147222,4.060947222,8.333333333,1,1,0,0.0,0,727,218.0,837.99,9.239783333,1.2715,0.487313667,0,0.487313667,1754.329201,10.30898599,9.590173777,9.6683429,6.732198787,10.41223762,8.188966864,2025-11-03 05:36:35.641484,837.99,0,1,0,0,0.4873136667,0.4873136667,21.3918774,1.352069763,0,0.1872506945,0,3600,0.4873,4.391147222,5.0,0.0,2,1,0.487313667
1187,1981-11-08,MA,721,562,3,0.0,40000,4207.62,0.1052,19853.89,8.0,3.0,2.5,0.0,0,0,0,170.0,105.0,927.84,927.84,214.0,164.92,35293.48,2023-10-09 03:04:00,0.0,0,0.0,3200,Male,43,0,0.1051905,0,0,2023-10-01,1,0.0,0.0,0.2119292491,0.1051905,6.204340625,1.31488125,12.5,1,1,1,0.0,0,83,214.0,927.84,11.0292125,1.546125,0.0,0,0.1051905,336.6096,10.59665973,8.344890082,9.896205603,6.833936496,10.47148186,8.07121854,2025-11-03 05:38:35.641484,927.84,0,1,0,0,0.1051905,0.1051905,0.0,1.330898718,0,0.182904045,0,3200,0.1052,6.204340625,8.0,2.5,3,0,0.1051905
1188,1983-05-15,NY,489,570,4,1.0,10000,7206.93,0.7207,26498.51,11.0,3.0,2.0,1.0,0,0,0,168.0,64.8,68.35,68.35,230.0,184.01,42321.74,2023-11-11 23:50:00,0.0,0,0.0,3400,Female,42,0,0.720693,0,0,2023-11-01,0,0.25,2500.0,0.2719749148,0.720693,7.793679412,2.119685294,2.941176471,1,1,0,2.0,0,49,230.0,68.35,12.44757059,1.623617647,0.0,0,0.720693,2450.3562,9.210440367,8.882937088,10.18488152,4.239166147,10.65307981,8.131824785,2025-11-03 05:36:35.641484,68.35,0,1,0,0,0.720693,0.720693,0.0,1.180120466,0,0.2001430288,1,3400,0.7207,7.793679412,11.0,2.0,4,0,0.720693
1189,1971-03-28,NY,543,566,3,0.0,0,0.0,0.0,124629.06,6.0,3.0,0.0,1.0,0,0,0,173.0,160.0,169.89,169.89,230.0,195.16,44886.04,2023-07-21 02:11:00,0.0,0,0.0,3600,Male,54,0,0.49068525,0,0,2023-07-01,0,0.0,0.0,0.0,0.49068525,34.61918333,0.0,0.0,1,1,0,0.0,0,163,230.0,169.89,12.46834444,1.626333333,0.0,0,0.477859,1590.507672,2.416580621,1.973596521,11.73310511,5.141020075,10.71190439,8.188966864,2025-11-03 05:39:35.641484,169.89,0,1,0,0,0.0,0.0,0.0,1.250060176,0,0.1482367692,0,3600,0.0,34.61918333,6.0,0.0,3,0,0.49068525
119,1979-01-22,AZ,500,532,2,0.0,0,0.0,0.0,52474.31,8.0,3.0,0.0,0.0,0,0,0,80.0,57.0,269.51,269.51,222.0,195.14,43321.34,2022-01-21 06:08:00,0.0,1289,0.0,3000,Female,46,0,0.49068525,0,1,2022-01-01,0,0.0,0.0,0.0,0.49068525,17.49143667,0.0,0.0,1,1,0,0.0,0,709,222.0,269.51,14.44044667,1.9514,0.0,0,0.477859,1590.507672,2.416580621,1.973596521,10.86809805,5.600309066,10.67642372,8.006700845,2025-11-03 05:36:35.641484,269.51,0,1,0,0,0.0,0.0,21.3918774,1.288270405,0,0.241204182,0,3000,0.0,17.49143667,8.0,0.0,2,1,0.49068525
1190,1983-06-26,NC,485,558,2,0.0,0,0.0,0.0,32742.51,5.0,2.0,0.0,0.0,0,0,0,97.0,64.0,109.7,109.7,212.0,179.92,38144.02,2022-08-26 18:18:00,0.0,0,0.0,2700,Female,42,0,0.49068525,0,1,2022-08-01,0,0.0,0.0,0.0,0.49068525,12.12685556,0.0,0.0,1,1,0,0.0,0,491,212.0,109.7,14.12741481,1.999111111,0.0,0,0.477859,1590.507672,2.416580621,1.973596521,10.39646005,4.70682384,10.54915049,7.901377354,2025-11-03 05:37:35.641484,109.7,0,1,0,0,0.0,0.0,20.3918774,1.188893508,0,0.2024851286,1,2700,0.0,12.12685556,5.0,0.0,2,1,0.49068525
1191,1992-12-04,FL,663,590,3,0.0,2000,1096.24,0.5481,13894.22,8.0,3.0,2.0,1.0,0,0,0,149.0,96.7,382.82,382.82,223.0,168.1,37485.19,2023-03-13 06:46:00,0.0,0,0.0,3200,Female,32,0,0.54812,0,0,2023-03-01,0,0.0,0.0,0.07889899541,0.54812,4.34194375,0.342575,0.625,1,1,0,0.0,0,293,223.0,382.82,11.71412188,1.5759375,0.0,0,0.54812,1753.984,7.601402335,7.000553215,9.539300175,5.950173693,10.53172788,8.07121854,2025-11-03 05:37:35.641484,382.82,0,1,0,0,0.54812,0.54812,0.0,1.35319457,0,0.2168574352,1,3200,0.5481,4.34194375,8.0,2.0,3,0,0.54812
1192,1967-01-28,IL,752,706,4,2.0,1000,342.79,0.0,309525.2,15.0,3.0,0.0,0.0,0,0,0,176.0,106.5,167.75,167.75,236.0,131.69,31078.9,2023-09-23 06:25:00,0.0,0,0.0,3700,Female,58,0,0.34279,0,0,2023-09-01,1,0.5,500.0,0.00110747041,0.34279,83.65545946,0.09264594595,0.2702702703,1,1,0,0.0,0,99,236.0,167.75,8.399702703,1.067756757,0.0,0,0.34279,1268.323,6.908754779,5.840031006,12.64279802,5.12841833,10.34431659,8.216358332,2025-11-03 05:39:35.641484,167.75,0,1,0,0,0.34279,0.34279,0.0,1.296046757,0,0.162291821,1,3700,0.0,83.65545946,15.0,0.0,4,0,0.34279
1193,1975-06-12,MA,747,679,3,1.0,1000,100.57,0.0,161997.11,11.0,3.0,0.0,0.0,0,0,0,157.0,81.7,460.32,460.32,240.0,120.82,28996.81,2023-03-08 04:20:00,0.0,0,0.0,3300,Male,50,0,0.10057,0,0,2023-03-01,1,0.3333333333,1000.0,0.0006208135441,0.10057,49.09003333,0.03047575758,0.303030303,1,1,0,0.0,0,298,240.0,460.32,8.786912121,1.098363636,0.0,0,0.10057,331.881,6.908754779,4.620748216,11.99533995,6.134091945,10.27497559,8.101980732,2025-11-03 05:36:35.641484,460.32,0,1,0,0,0.10057,0.10057,0.0,1.36575178,0,0.213293413,0,3300,0.0,49.09003333,11.0,0.0,3,0,0.10057
1194,1982-12-03,VA,707,786,2,0.0,10000,8339.19,0.8339,226026.33,4.0,2.0,1.0,0.0,1,2138,0,122.0,121.5,160.47,160.47,229.0,182.28,41742.82,2022-09-14 03:22:00,0.0,0,0.0,3200,Female,42,0,0.833919,0,1,2022-09-01,1,0.0,0.0,0.03689477239,0.833919,70.63322813,2.605996875,3.125,1,1,0,0.0,0,473,229.0,160.47,13.04463125,1.708875,0.5846375,1,0.833919,2668.5408,9.210440367,9.028841277,12.3284112,5.084319367,10.6393067,8.07121854,2025-11-03 05:39:35.641484,160.47,0,1,0,0,0.833919,0.833919,18.3918774,1.257294712,0,0.2190385423,1,3200,0.8339,70.63322813,4.0,1.0,2,1,0.833919
1195,1986-03-04,PA,504,583,4,0.0,1000,871.0,0.0,580391.195,13.0,3.0,0.0,0.0,0,0,0,155.0,107.2,66.21,66.21,223.0,152.65,34041.5,2023-09-10 19:14:00,0.0,0,0.0,3100,Female,39,0,0.871,0,0,2023-09-01,0,0.0,0.0,0.001053362128,0.871,183.5765946,0.2809677419,0.3225806452,1,1,0,0.0,0,111,223.0,66.21,10.98112903,1.477258065,0.0,0,0.871,2700.1,6.908754779,6.770789424,13.62541139,4.207822046,10.43536502,8.039479919,2025-11-03 05:36:35.641484,66.21,0,1,0,0,0.871,0.871,0.0,1.202819424,0,0.1807381395,1,3100,0.0,183.5765946,13.0,0.0,4,0,0.871
1196,1990-08-09,PA,671,582,4,0.0,30000,14000.97,0.4667,448313.68,11.0,3.0,1.0,0.0,0,0,0,169.0,116.5,43.32,43.32,255.0,146.51,37360.17,2022-09-18 19:44:00,0.0,0,0.0,3800,Female,35,0,0.466699,0,0,2022-09-01,1,0.0,0.0,0.03123029839,0.466699,117.9772842,3.684465789,7.894736842,1,1,0,0.0,0,468,255.0,43.32,9.831623684,1.156657895,0.0,0,0.466699,1773.4562,10.30898599,9.546953313,13.01325068,3.791436042,10.52838721,8.243019469,2025-11-03 05:37:35.641484,43.32,0,1,0,0,0.466699,0.466699,0.0,1.149063802,0,0.1392753877,1,3800,0.4667,117.9772842,11.0,1.0,4,0,0.466699
1197,1995-07-21,WA,488,494,3,0.0,1000,789.17,0.7892,61571.28,8.0,3.0,0.0,1.0,0,0,0,189.0,143.7,29.99,29.99,211.0,205.68,43398.62,2022-10-29 07:40:00,0.0,0,0.0,3100,Male,30,0,0.78917,0,0,2022-10-01,0,0.0,0.0,0.0128171771,0.78917,19.86170323,0.2545709677,0.3225806452,1,1,0,0.0,0,428,211.0,29.99,13.99955484,1.990451613,0.0,0,0.78917,2446.427,6.908754779,6.672248112,11.02796705,3.433664572,10.67820596,8.039479919,2025-11-03 05:39:35.641484,29.99,0,1,0,0,0.78917,0.78917,0.0,1.053640273,0,0.2511756386,1,3100,0.7892,19.86170323,8.0,0.0,3,0,0.78917
1198,1972-03-23,NY,652,512,3,0.0,48500,20848.4875,0.4179,23705.37,9.0,3.0,0.0,2.0,0,0,0,128.0,126.3,147.72,147.72,201.0,202.95,40792.51,2023-08-16 18:47:00,0.0,0,0.0,2600,Male,53,0,0.4179364,0,0,2023-08-01,0,0.0,0.0,0.4889038178,0.4179364,9.11745,6.45558796,15.64516129,1,1,0,0.0,0,136,201.0,147.72,15.68942692,2.341730769,0.0,0,0.4179364,1086.63464,10.81979828,9.947400126,10.07349907,5.002065343,10.61627828,7.863651265,2025-11-03 05:37:35.641484,147.72,0,1,0,0,0.4179364,0.4179364,0.0,1.119114326,0,0.1609899836,1,2600,0.4179,9.11745,9.0,0.0,3,0,0.4179364
1199,1975-02-14,MO,529,565,3,0.0,48500,20848.4875,0.6213,43848.71,7.0,3.0,1.0,0.0,0,0,0,182.0,130.3,22.05,22.05,225.0,173.92,39130.95,2023-09-07 13:27:00,0.0,0,0.0,2700,Male,50,0,0.621276,0,0,2023-09-01,0,0.0,0.0,0.4889038178,0.621276,16.24026296,6.45558796,15.64516129,1,1,0,0.0,0,114,225.0,22.05,14.49294444,1.932444444,0.0,0,0.621276,1677.4452,10.81979828,10.34383062,10.68852338,3.137665769,10.57469455,7.901377354,2025-11-03 05:39:35.641484,22.05,0,1,0,0,0.621276,0.621276,0.0,1.117484848,0,0.1194483285,0,2700,0.6213,16.24026296,7.0,1.0,3,0,0.621276
12,1981-01-24,MA,520,707,4,0.0,48500,20848.4875,0.0,580391.195,7.0,3.0,1.0,2.0,0,0,0,149.0,119.5,387.78,387.78,262.0,236.44625,53705.59,2023-12-17 06:16:00,13.0,1631,0.00797057,5050,Male,44,6,0.961144,1,0,2023-12-01,0,0.0,0.0,0.4889038178,0.961144,6.213327419,5.017027256,5.219850861,1,1,0,0.0,1,14,262.0,387.78,3.587722122,0.4108074055,0.0,0,0.961144,4073.358225,13.31957519,13.279944,13.49380266,5.963013631,11.02688793,8.634298168,2025-11-03 05:38:35.641484,387.78,0,1,0,0,0.9611437931,0.9611437931,0.0,1.318736316,0,0.2332335206,1,5050,0.0,6.213327419,7.0,1.0,4,0,0.961144
120,1990-06-09,TX,614,672,3,2.0,6000,2984.52,0.4974,221220.46,12.0,3.0,1.0,1.0,1,2170,0,100.0,78.0,1120.67,1120.67,230.0,188.76,43414.42,2023-04-19 15:07:00,0.0,1601,0.0,3600,Male,35,0,0.49742,0,0,2023-04-01,0,0.6666666667,2500.0,0.01349115719,0.49742,61.45012778,0.8290333333,1.666666667,1,1,0,0.5,0,255,230.0,1120.67,12.05956111,1.573,0.0,0,0.49742,1790.712,8.699681401,8.001529215,12.30691956,7.525807077,10.67856996,8.188966864,2025-11-03 05:36:35.641484,1120.67,0,1,0,0,0.49742,0.49742,0.0,1.357057771,0,0.2128829218,1,3600,0.4974,61.45012778,12.0,1.0,3,0,0.49742
1200,1995-10-22,MA,692,647,3,0.0,1000,308.04,0.0,34322.07,13.0,3.0,0.0,1.0,0,0,0,131.0,96.7,178.05,178.05,239.0,146.29,34962.25,2022-09-14 03:57:00,0.0,0,0.0,3600,Male,30,0,0.30804,0,0,2022-09-01,1,0.0,0.0,0.008974983152,0.30804,9.533908333,0.08556666667,0.2777777778,1,1,0,0.0,0,473,239.0,178.05,9.711736111,1.219083333,0.0,0,0.30804,1108.944,6.908754779,5.733470718,10.443573,5.187665096,10.46205279,8.188966864,2025-11-03 05:37:35.641484,178.05,0,1,0,0,0.30804,0.30804,0.0,1.293214894,0,0.2176151442,0,3600,0.0,9.533908333,13.0,0.0,3,0,0.30804
121,1982-06-21,TN,667,744,2,0.0,1000,705.01,0.0,351904.52,5.0,2.0,1.0,0.0,0,0,0,157.0,107.0,1120.67,1120.67,247.0,140.93,34808.62,2023-11-18 22:28:00,12.0,1213,0.009892828,3100,Male,43,0,0.70501,1,1,2023-11-01,0,0.0,0.0,0.002003412744,0.70501,113.5175871,0.2274225806,0.3225806452,1,1,0,0.0,0,42,247.0,1120.67,11.2285871,1.36383871,0.5846375,1,0.70501,2185.531,6.908754779,6.559629402,12.77111801,7.148196362,10.45764906,8.039479919,2025-11-03 05:36:35.641484,1120.67,0,1,0,0,0.70501,0.70501,21.3918774,1.345645968,0,0.1766427652,1,3100,0.0,113.5175871,5.0,1.0,2,1,0.70501
122,1990-11-27,IN,672,744,3,1.0,1000,558.51,0.0,442136.47,7.0,2.0,1.0,0.0,0,0,0,183.0,110.0,104.15,104.15,251.0,115.4,28965.42,2023-11-18 19:38:00,11.0,1014,0.010848126,3400,Male,34,0,0.55851,1,0,2023-11-01,1,0.3333333333,1000.0,0.001263207263,0.55851,130.0401382,0.1642676471,0.2941176471,1,1,0,1.0,0,42,251.0,104.15,8.519241176,1.018235294,0.0,0,0.55851,1898.934,6.908754779,6.327061401,12.99937613,4.655387902,10.27389251,8.131824785,2025-11-03 05:38:35.641484,104.15,0,1,0,0,0.55851,0.55851,0.0,1.195908702,0,0.2197266711,0,3400,0.0,130.0401382,7.0,1.0,3,0,0.55851
123,1986-01-04,NJ,660,729,3,0.0,32000,13024.53,0.407,13024.53,9.0,3.0,2.0,0.0,1,1700,0,128.0,83.7,996.09,996.09,236.0,125.76,29678.67,2023-12-03 17:58:00,7.0,802,0.00872818,3500,Male,39,0,0.407016563,1,0,2023-12-01,0,0.0,0.0,0.4889038178,0.407016563,3.721294286,3.721294286,9.142857143,1,1,0,0.0,0,27,236.0,996.09,8.47962,1.077942857,0.0,0,0.407016563,1424.557971,10.37352243,9.474666557,9.474666557,6.904841037,10.29821758,8.160803921,2025-11-03 05:38:35.641484,996.09,0,1,0,0,0.4070165625,0.4070165625,0.0,1.332122486,0,0.2386261539,0,3500,0.407,3.721294286,9.0,2.0,3,0,0.407016563
124,1976-10-09,NY,789,736,2,0.0,1000,384.83,0.3848,237087.32,6.0,2.0,2.0,1.0,0,0,0,151.0,100.5,230.32,230.32,207.0,129.68,26843.95,2022-05-10 06:16:00,0.0,1244,0.0,3700,Male,49,0,0.38483,0,1,2022-05-01,1,0.0,0.0,0.00162315724,0.38483,64.07765405,0.1040081081,0.2702702703,1,1,0,0.0,0,600,207.0,230.32,7.255121622,1.051459459,0.38483,2,0.38483,1423.871,6.908754779,5.955396858,12.37618801,5.443802033,10.197833,8.216358332,2025-11-03 05:37:35.641484,230.32,0,1,0,0,0.38483,0.38483,20.3918774,1.337773274,0,0.1638796935,1,3700,0.3848,64.07765405,6.0,2.0,2,1,0.38483
125,1971-10-14,VA,705,597,3,0.0,32000,15968.29,0.499,23434.34,9.0,3.0,1.0,2.0,0,0,0,120.0,82.0,77.12,77.12,225.0,144.12,32426.71,2022-03-14 23:34:00,7.0,1951,0.003587904,3800,Female,54,0,0.499009063,1,0,2022-03-01,1,0.0,0.0,0.4889038178,0.499009063,6.166931579,4.202181579,8.421052632,1,1,0,0.0,0,656,225.0,77.12,8.533344737,1.137789474,0.0,0,0.499009063,1896.234439,10.37352243,9.678422782,10.06200042,4.358246106,10.38676858,8.243019469,2025-11-03 05:38:35.641484,77.12,0,1,0,0,0.4990090625,0.4990090625,0.0,1.224946477,0,0.225105462,1,3800,0.499,6.166931579,9.0,1.0,3,0,0.499009063
126,1985-07-20,TN,743,588,2,0.0,5000,2037.54,0.4075,6340.71,6.0,2.0,1.0,0.0,0,0,0,69.0,62.5,77.43,77.43,234.0,100.41,23496.49,2022-12-12 12:33:00,15.0,1795,0.008356546,3400,Female,40,0,0.407508,1,1,2022-12-01,1,0.0,0.0,0.3213425626,0.407508,1.864914706,0.5992764706,1.470588235,1,1,0,0.0,0,383,234.0,77.43,6.910732353,0.8859705882,0.407508,1,0.407508,1385.5272,8.517393171,7.619989144,8.754903727,4.362206507,10.06464889,8.131824785,2025-11-03 05:36:35.641484,77.43,0,1,0,0,0.407508,0.407508,21.3918774,1.195283461,0,0.1956497989,0,3400,0.4075,1.864914706,6.0,1.0,2,1,0.407508
127,1972-07-19,AZ,575,665,2,0.0,5000,3250.6,0.6501,21772.29,6.0,3.0,1.0,0.0,0,0,0,185.0,172.0,429.49,429.49,239.0,119.24,28499.49,2022-08-03 04:42:00,0.0,1039,0.0,2300,Female,53,0,0.65012,0,1,2022-08-01,0,0.0,0.0,0.1492998669,0.65012,9.466213043,1.413304348,2.173913043,1,1,0,0.0,0,515,239.0,429.49,12.39108261,1.555304348,0.5846375,1,0.65012,1495.276,8.517393171,8.086902462,9.988439268,6.064924095,10.25767656,7.74109909,2025-11-03 05:38:35.641484,429.49,0,1,0,0,0.65012,0.65012,19.3918774,1.363730524,0,0.1361988036,0,2300,0.6501,9.466213043,6.0,1.0,2,1,0.65012
128,1981-01-23,MI,597,649,2,0.0,30000,2967.04,0.0989,17522.73,8.0,3.0,1.0,2.0,0,0,0,138.0,120.0,537.66,537.66,217.0,158.26,34343.12,2023-10-08 22:22:00,9.0,1172,0.007679181,3500,Female,44,0,0.098901333,1,1,2023-10-01,0,0.0,0.0,0.1693252136,0.098901333,5.006494286,0.8477257143,8.571428571,1,1,0,0.0,0,83,217.0,537.66,9.81232,1.356514286,0.098901333,1,0.098901333,346.1546655,10.30898599,7.995657081,9.771311241,6.289084574,10.4441861,8.160803921,2025-11-03 05:38:35.641484,537.66,0,1,0,0,0.09890133333,0.09890133333,19.3918774,1.367856139,0,0.202614299,0,3500,0.0989,5.006494286,8.0,1.0,2,1,0.098901333
129,1965-09-26,IN,726,725,3,0.0,1000,261.3,0.0,410531.08,4.0,2.0,0.0,0.0,0,0,0,103.0,78.3,1120.67,1120.67,243.0,94.37,22931.86,2022-03-12 06:14:00,0.0,982,0.0,2500,Male,60,0,0.2613,0,0,2022-03-01,1,0.0,0.0,0.0006364926134,0.2613,164.212432,0.10452,0.4,1,1,0,0.0,0,659,243.0,1120.67,9.172744,1.13244,0.0,0,0.2613,653.25,6.908754779,5.569488887,12.92520935,7.771497192,10.0403261,7.824445931,2025-11-03 05:39:35.641484,1120.67,0,1,0,0,0.2613,0.2613,0.0,1.21597928,0,0.1631885234,1,2500,0.0,164.212432,4.0,0.0,3,0,0.2613
13,1999-02-13,TX,525,708,3,1.0,10000,9323.82,0.9324,200670.47,4.0,2.0,1.0,0.0,0,0,0,143.0,90.0,142.07,142.07,255.0,236.44625,53705.59,2023-09-20 08:48:00,8.0,1304,0.006134969,5050,Male,26,14,0.932382,1,0,2023-09-01,0,0.3333333333,2500.0,0.04646333863,0.932382,19.86836337,0.923150495,0.9900990099,1,1,0,1.0,1,102,255.0,142.07,18.8428536,2.50213838,0.0,0,0.932382,4073.358225,9.210440367,9.140434941,12.20942437,4.963334021,11.02688793,8.634298168,2025-11-03 05:36:35.641484,142.07,0,1,0,0,0.932382,0.932382,0.0,1.220265038,0,0.264325477,1,5050,0.9324,19.86836337,4.0,1.0,3,0,0.932382
130,1977-06-14,TX,782,690,4,1.0,1000,323.77,0.0,282120.18,15.0,3.0,1.0,1.0,0,0,0,132.0,91.0,1120.67,1120.67,243.0,121.83,29603.79,2022-01-24 16:03:00,0.0,1436,0.0,3700,Male,48,0,0.32377,0,0,2022-01-01,1,0.25,1000.0,0.001147631481,0.32377,76.2486973,0.08750540541,0.2702702703,1,1,0,1.0,0,705,243.0,1120.67,8.001024324,0.9878108108,0.0,0,0.32377,1197.949,6.908754779,5.783117239,12.55009197,7.533501178,10.29569145,8.216358332,2025-11-03 05:37:35.641484,1120.67,0,1,0,0,0.32377,0.32377,0.0,1.309989285,0,0.115762922,0,3700,0.0,76.2486973,15.0,1.0,4,0,0.32377
131,1986-10-11,FL,604,545,2,0.0,1000,261.28,0.2613,3708.69,4.0,3.0,0.0,0.0,0,0,0,94.0,60.0,201.37,201.37,220.0,94.35,20756.0,2022-03-29 21:24:00,0.0,998,0.0,3500,Male,39,0,0.26128,0,1,2022-03-01,0,0.0,0.0,0.07045075215,0.26128,1.059625714,0.07465142857,0.2857142857,1,1,0,0.0,0,641,220.0,201.37,5.930285714,0.8087142857,0.26128,0,0.26128,914.48,6.908754779,5.569412635,8.218703594,5.310097705,9.940638818,8.160803921,2025-11-03 05:37:35.641484,201.37,0,1,0,0,0.26128,0.26128,20.3918774,1.342077144,0,0.1871290999,1,3500,0.2613,1.059625714,4.0,0.0,2,1,0.26128
132,1984-09-10,MI,548,773,4,0.0,2000,1889.65,0.9448,91376.34,7.0,3.0,1.0,0.0,0,0,0,165.0,106.2,149.98,149.98,243.0,182.08,44244.79,2022-05-13 17:32:00,0.0,1458,0.0,2500,Female,41,0,0.944825,0,0,2022-05-01,0,0.0,0.0,0.02067986089,0.944825,36.550536,0.75586,0.8,1,1,0,0.0,0,596,243.0,149.98,17.697916,2.18496,0.0,0,0.944825,2362.0625,7.601402335,7.544675964,11.42275281,5.017147378,10.6975155,7.824445931,2025-11-03 05:36:35.641484,149.98,0,1,0,0,0.944825,0.944825,0.0,1.251766692,0,0.2617120065,1,2500,0.9448,36.550536,7.0,1.0,4,0,0.944825
133,1985-07-23,GA,508,612,3,0.0,1000,755.53,0.0,528077.01,5.0,2.0,2.5,0.0,0,0,0,143.0,93.3,75.65,75.65,208.0,152.26,31669.27,2023-03-16 12:41:00,15.0,1272,0.011792453,2900,Male,40,0,0.75553,1,0,2023-03-01,0,0.0,0.0,0.001430719357,0.75553,182.0955207,0.2605275862,0.3448275862,1,1,1,0.0,0,289,208.0,75.65,10.92043793,1.575103448,0.0,0,0.75553,2191.037,6.908754779,6.628742189,13.1769993,4.339249605,10.36313366,7.972810784,2025-11-03 05:36:35.641484,75.65,0,1,0,0,0.75553,0.75553,0.0,1.182283576,0,0.2221009301,1,2900,0.0,182.0955207,5.0,2.5,3,0,0.75553
134,2000-03-07,MI,744,786,4,0.0,1000,157.45,0.0,580391.195,11.0,3.0,1.0,1.0,0,0,0,144.0,63.5,134.33,134.33,248.0,134.72,33411.27,2023-02-12 01:54:00,0.0,1055,0.0,3200,Female,25,0,0.15745,0,0,2023-02-01,1,0.0,0.0,0.0002618663327,0.15745,183.5765946,0.049203125,0.3125,1,1,0,0.0,0,322,248.0,134.33,10.44102188,1.263,0.0,0,0.15745,503.84,6.908754779,5.065439086,13.30678598,4.90771624,10.41667848,8.07121854,2025-11-03 05:39:35.641484,134.33,0,1,0,0,0.15745,0.15745,0.0,1.248267664,0,0.1081388852,1,3200,0.0,183.5765946,11.0,1.0,4,0,0.15745
135,1989-11-24,WA,625,590,3,0.0,20000,15199.53,0.76,104012.26,10.0,2.0,2.0,0.0,0,0,0,122.0,44.0,1120.67,1120.67,229.0,155.18,35535.53,2022-03-03 09:33:00,0.0,1708,0.0,2700,Male,35,0,0.7599765,0,0,2022-03-01,0,0.0,0.0,0.1461321002,0.7599765,38.52305926,5.629455556,7.407407407,1,1,0,0.0,0,668,229.0,1120.67,13.16130741,1.724222222,0.0,0,0.7599765,2051.93655,9.903537551,9.629085575,11.55227367,7.797484353,10.47831646,7.901377354,2025-11-03 05:37:35.641484,1120.67,0,1,0,0,0.7599765,0.7599765,0.0,1.341515539,0,0.1745506556,1,2700,0.76,38.52305926,10.0,2.0,3,0,0.7599765
136,2001-05-13,IN,790,726,2,0.0,1000,290.61,0.0,247366.95,4.0,2.0,1.0,2.0,0,0,0,164.0,157.0,54.06,54.06,245.0,90.37,22140.84,2022-01-30 22:12:00,13.0,1603,0.008109794,5000,Male,24,0,0.29061,1,1,2022-01-01,1,0.0,0.0,0.001174813369,0.29061,49.47339,0.058122,0.2,1,1,0,0.0,0,699,245.0,54.06,4.428168,0.54222,0.29061,1,0.29061,1453.05,6.908754779,5.675417293,12.41863218,4.0084235,10.00522431,8.517393171,2025-11-03 05:36:35.641484,54.06,0,1,0,0,0.29061,0.29061,21.3918774,1.073685072,0,0.2326764054,1,5000,0.0,49.47339,4.0,1.0,2,1,0.29061
137,1965-05-10,AZ,592,787,4,1.0,12000,2871.64,0.2393,9900.92,12.0,3.0,0.0,0.0,0,0,0,72.0,33.2,83.38,83.38,221.0,132.31,29241.02,2022-05-13 17:31:00,0.0,1434,0.0,2900,Male,60,0,0.239303333,0,0,2022-05-01,0,0.25,2500.0,0.2900376935,0.239303333,3.414110345,0.9902206897,4.137931034,1,1,0,0.0,0,596,221.0,83.38,10.08311034,1.368724138,0.0,0,0.0,693.9796657,9.392745259,7.962986747,9.200483957,4.435330407,10.28336199,7.972810784,2025-11-03 05:36:35.641484,83.38,0,1,0,0,0.2393033333,0.2393033333,0.0,1.244963648,0,0.2007163617,1,2900,0.2393,3.414110345,12.0,0.0,4,0,0.239303333
138,1992-10-20,NC,778,799,4,2.0,1000,674.73,0.6747,259753.61,14.0,3.0,0.0,1.0,0,0,0,172.0,103.2,90.16,90.16,227.0,158.98,36088.04,2023-11-03 06:45:00,0.0,1670,0.0,4400,Male,33,0,0.67473,0,0,2023-11-01,1,0.5,500.0,0.002597576988,0.67473,59.03491136,0.1533477273,0.2272727273,1,1,0,0.0,0,58,227.0,90.16,8.201827273,1.083954545,0.0,0,0.67473,2968.812,6.908754779,6.515793588,12.46749266,4.512616204,10.4937445,8.389587067,2025-11-03 05:36:35.641484,90.16,0,1,0,0,0.67473,0.67473,0.0,1.224994473,0,0.2766646772,0,4400,0.6747,59.03491136,14.0,0.0,4,0,0.67473
139,1994-08-15,AZ,565,712,3,0.0,20000,15255.7,0.7628,159348.73,8.0,3.0,0.0,0.0,0,0,0,157.0,96.7,274.8,274.8,240.0,179.34,43041.95,2023-02-20 16:28:00,0.0,2162,0.0,2900,Female,31,0,0.762785,0,0,2023-02-01,0,0.0,0.0,0.09573781981,0.762785,54.94783793,5.260586207,6.896551724,1,1,0,0.0,0,313,240.0,274.8,14.84205172,1.855241379,0.0,0,0.762785,2212.0765,9.903537551,9.63277403,11.97885663,5.619675965,10.66995373,7.972810784,2025-11-03 05:37:35.641484,274.8,0,1,0,0,0.762785,0.762785,0.0,1.31627511,0,0.1524003475,0,2900,0.7628,54.94783793,8.0,0.0,3,0,0.762785
14,2000-05-27,WI,540,489,2,0.0,31000,20848.4875,0.7159,22193.73,5.0,3.0,1.0,0.0,0,0,0,150.0,95.5,107.44,107.44,269.0,236.44625,53705.59,2022-04-20 21:21:00,13.0,1388,0.009365994,5050,Male,25,11,0.715926774,1,1,2022-04-01,0,0.0,0.0,0.4889038178,0.715926774,1.210127045,1.210127045,1.690294438,1,1,0,0.0,1,619,269.0,107.44,10.63398473,1.185948746,0.5846375,1,0.715926774,4073.358225,10.34177474,10.00761015,10.00761015,4.686197025,11.02688793,8.634298168,2025-11-03 05:37:35.641484,107.44,0,1,0,0,0.7159267742,0.7159267742,20.3918774,1.198943451,0,0.2656197706,1,5050,0.7159,1.210127045,5.0,1.0,2,1,0.715926774
140,1997-08-26,WA,597,677,2,0.0,1000,584.62,0.0,8490.5,8.0,3.0,2.0,0.0,0,0,0,160.0,118.0,927.47,927.47,249.0,94.36,23495.64,2022-07-30 20:43:00,0.0,1850,0.0,2900,Male,28,0,0.58462,0,1,2022-07-01,0,0.0,0.0,0.06885577999,0.58462,2.927758621,0.2015931034,0.3448275862,1,1,0,0.0,0,518,249.0,927.47,8.101944828,0.976137931,0.58462,2,0.58462,1695.398,6.908754779,6.372671115,9.046820942,6.83353807,10.06461271,7.972810784,2025-11-03 05:38:35.641484,927.47,0,1,0,0,0.58462,0.58462,19.3918774,1.25042558,0,0.1877958475,1,2900,0.0,2.927758621,8.0,2.0,2,1,0.58462
141,1970-05-17,WI,535,583,2,1.0,30000,20848.4875,0.8961,297278.27,4.0,2.0,0.0,0.0,0,0,0,189.0,155.0,66.11,66.11,230.0,189.41,43564.96,2022-09-25 15:55:00,0.0,759,0.0,2500,Female,55,0,0.89611,0,1,2022-09-01,0,0.5,2500.0,0.09043143315,0.89611,118.911308,6.45558796,12.0,1,1,0,0.0,0,461,230.0,66.11,17.425984,2.27292,0.5846375,0,0.89611,2240.275,10.30898599,10.19929775,12.60242728,4.206333064,10.68203139,7.824445931,2025-11-03 05:38:35.641484,66.11,0,1,0,0,0.89611,0.89611,19.3918774,1.17280307,0,0.2080668476,0,2500,0.8961,118.911308,4.0,0.0,2,1,0.89611
142,1986-02-27,OH,556,570,4,0.0,5000,4588.16,0.9176,370018.77,12.0,3.0,0.0,0.0,0,0,0,160.0,111.2,144.23,144.23,207.0,165.54,34266.1,2023-03-12 14:56:00,0.0,607,0.0,3400,Male,39,0,0.917632,0,0,2023-03-01,0,0.0,0.0,0.01239980339,0.917632,108.82905,1.349458824,1.470588235,1,1,0,0.0,0,293,207.0,144.23,10.07826471,1.460647059,0.0,0,0.917632,3119.9488,8.517393171,8.43145228,12.82131172,4.978318693,10.44194099,8.131824785,2025-11-03 05:37:35.641484,144.23,0,1,0,0,0.917632,0.917632,0.0,1.220480618,0,0.2151024499,1,3400,0.9176,108.82905,12.0,0.0,4,0,0.917632
143,1984-04-26,AZ,794,752,3,0.0,10000,1201.46,0.1201,135923.94,3.0,2.0,0.0,0.0,0,0,0,169.0,102.7,1120.67,1120.67,233.0,96.46,22475.03,2023-03-10 06:19:00,14.0,911,0.015367728,3500,Male,41,0,0.120146,1,0,2023-03-01,1,0.0,0.0,0.008839208163,0.120146,38.83541143,0.3432742857,2.857142857,1,1,0,0.0,0,296,233.0,1120.67,6.421437143,0.8268,0.0,0,0.120146,420.511,9.210440367,7.092124737,11.8198581,7.679792195,10.02020469,8.160803921,2025-11-03 05:39:35.641484,1120.67,0,1,0,0,0.120146,0.120146,0.0,1.213568521,0,0.2500051493,0,3500,0.1201,38.83541143,3.0,0.0,3,0,0.120146
144,1974-01-02,OH,527,546,2,0.0,10000,8135.09,0.8135,14954.68,4.0,1.0,0.0,0.0,0,0,0,94.0,87.5,701.38,701.38,214.0,141.36,30251.47,2022-10-05 00:29:00,6.0,1586,0.003783102,3400,Male,51,0,0.813509,1,1,2022-10-01,0,0.0,0.0,0.4889038178,0.813509,4.398435294,2.392673529,2.941176471,1,1,0,0.0,0,452,214.0,701.38,8.897491176,1.247294118,0.5846375,0,0.813509,2765.9306,9.210440367,9.004065,9.61284644,6.554474568,10.31733311,8.131824785,2025-11-03 05:36:35.641484,701.38,0,1,0,0,0.813509,0.813509,21.3918774,1.355139612,0,0.210531936,0,3400,0.8135,4.398435294,4.0,0.0,2,1,0.813509
145,1995-10-28,TX,700,669,2,0.0,30000,20848.4875,0.7272,133680.66,4.0,3.0,0.0,1.0,0,0,0,90.0,88.5,50.36,50.36,241.0,130.02,31334.64,2023-01-17 02:44:00,0.0,1557,0.0,3800,Female,29,0,0.727168333,0,1,2023-01-01,1,0.0,0.0,0.163187779,0.727168333,35.17912105,5.740802632,7.894736842,1,1,0,0.0,0,348,241.0,50.36,8.245957895,1.026473684,0.5846375,0,0.727168333,2763.239665,10.30898599,9.990401216,11.80321658,3.938859659,10.35251139,8.243019469,2025-11-03 05:39:35.641484,50.36,0,1,0,0,0.7271683333,0.7271683333,18.3918774,1.173785973,0,0.1553523198,1,3800,0.7272,35.17912105,4.0,0.0,2,1,0.727168333
146,1994-07-21,MO,751,597,2,1.0,1000,62.87,0.0,7572.59,3.0,3.0,0.0,0.0,0,0,0,152.0,112.5,94.07,94.07,256.0,102.03,26119.03,2023-07-14 23:29:00,0.0,775,0.0,4500,Female,31,0,0.06287,0,1,2023-07-01,1,0.5,1000.0,0.008302311362,0.06287,1.682797778,0.01397111111,0.2222222222,1,1,0,0.0,0,169,256.0,94.07,5.804228889,0.6802,0.06287,0,0.06287,282.915,6.908754779,4.156849768,8.932422474,4.554613462,10.17045773,8.412054873,2025-11-03 05:36:35.641484,94.07,0,1,0,0,0.06287,0.06287,21.3918774,1.135442838,0,0.1218806162,0,4500,0.0,1.682797778,3.0,0.0,2,1,0.06287
147,1977-12-23,PA,675,781,2,0.0,2000,113.02,0.0565,5363.91,3.0,3.0,2.0,0.0,0,0,0,133.0,116.0,125.92,125.92,213.0,108.3,23068.94,2022-07-18 03:17:00,0.0,2042,0.0,2600,Male,47,0,0.05651,0,1,2022-07-01,1,0.0,0.0,0.02107045047,0.05651,2.063042308,0.04346923077,0.7692307692,1,1,0,0.0,0,531,213.0,125.92,8.872669231,1.249615385,0.05651,2,0.05651,146.926,7.601402335,4.736373872,8.58763488,4.843556967,10.04628575,7.863651265,2025-11-03 05:37:35.641484,125.92,0,1,0,0,0.05651,0.05651,20.3918774,1.32193525,0,0.1723484435,0,2600,0.0565,2.063042308,3.0,2.0,2,1,0.05651
148,1996-07-08,IL,697,610,2,1.0,1000,233.85,0.0,24207.13,3.0,3.0,0.0,0.0,0,0,0,187.0,174.5,193.66,193.66,244.0,131.54,32096.78,2023-05-30 04:24:00,5.0,1392,0.003591954,2700,Female,29,0,0.23385,1,1,2023-05-01,1,0.5,1000.0,0.009660376922,0.23385,8.965603704,0.08661111111,0.3703703704,1,1,0,0.0,0,215,244.0,193.66,11.8876963,1.461555556,0.23385,0,0.23385,631.395,6.908754779,5.458947012,10.09444381,5.271254447,10.37654215,7.901377354,2025-11-03 05:36:35.641484,193.66,0,1,0,0,0.23385,0.23385,21.3918774,1.294163882,0,0.1710248307,1,2700,0.0,8.965603704,3.0,0.0,2,1,0.23385
149,1965-02-25,MI,599,625,2,0.0,1000,855.54,0.0,11652.52,11.0,3.0,0.0,0.0,0,0,0,133.0,119.0,78.67,78.67,208.0,184.76,38431.1,2023-08-16 00:52:00,9.0,948,0.009493671,3800,Male,60,0,0.85554,1,1,2023-08-01,0,0.0,0.0,0.07342102824,0.85554,3.066452632,0.2251421053,0.2631578947,1,1,0,0.0,0,137,208.0,78.67,10.11344737,1.458631579,0.5846375,0,0.85554,3251.052,6.908754779,6.752901018,9.363363559,4.377893103,10.55664833,8.243019469,2025-11-03 05:36:35.641484,78.67,0,1,0,0,0.85554,0.85554,21.3918774,1.131125006,0,0.2185969478,0,3800,0.0,3.066452632,11.0,0.0,2,1,0.85554
15,1988-10-07,TX,686,498,3,1.0,10000,4848.24,0.4848,240933.78,3.0,2.0,0.0,0.0,0,0,0,82.0,52.7,54.31,54.31,188.5,60.03,12033.11,2022-08-28 07:48:00,0.0,1958,0.0,3900,Male,37,2,0.484824,0,0,2022-08-01,1,0.3333333333,2500.0,0.02012270758,0.484824,61.77789231,1.243138462,2.564102564,1,1,0,0.0,0,490,188.5,54.31,2.616851282,0.4617692308,0.0,0,0.484824,1890.8136,9.210440367,8.486577271,12.39228155,4.012953724,9.748329953,8.26898821,2025-11-03 05:38:35.641484,54.31,0,1,0,0,0.484824,0.484824,0.0,0.6900297034,0,0.2058569942,0,3900,0.4848,61.77789231,3.0,0.0,3,0,0.484824
150,1979-03-26,TN,611,482,4,0.0,2000,590.78,0.2954,45519.77,10.0,3.0,1.0,2.0,0,0,0,183.0,62.8,264.96,264.96,247.0,164.39,40604.62,2022-04-14 14:08:00,0.0,1206,0.0,3400,Female,46,0,0.29539,0,0,2022-04-01,0,0.0,0.0,0.01297853658,0.29539,13.38816765,0.1737588235,0.5882352941,1,1,0,0.0,0,625,247.0,264.96,11.94253529,1.4505,0.0,0,0.29539,1004.326,7.601402335,6.383134944,10.72592398,5.583345922,10.61166176,8.131824785,2025-11-03 05:38:35.641484,264.96,0,1,0,0,0.29539,0.29539,0.0,1.316647718,0,0.1644882216,0,3400,0.2954,13.38816765,10.0,1.0,4,0,0.29539
151,1994-01-18,OH,775,746,2,0.0,30000,19588.59,0.653,23917.51,7.0,3.0,0.0,1.0,0,0,0,114.0,80.5,974.83,974.83,222.0,143.28,31807.71,2022-05-15 16:56:00,0.0,1795,0.0,2800,Male,31,0,0.652953,0,1,2022-05-01,1,0.0,0.0,0.4889038178,0.652953,8.541967857,6.45558796,10.71428571,1,1,0,0.0,0,594,222.0,974.83,11.35989643,1.535142857,0.5846375,0,0.652953,1828.2684,10.30898599,9.882753582,10.08240792,6.883288391,10.36749543,7.937731775,2025-11-03 05:38:35.641484,974.83,0,1,0,0,0.652953,0.652953,19.3918774,1.337589975,0,0.1951724765,1,2800,0.653,8.541967857,7.0,0.0,2,1,0.652953
152,1972-08-05,MA,672,641,4,2.0,1000,290.45,0.0,397787.15,11.0,3.0,0.0,2.5,0,0,0,134.0,100.8,13.91,13.91,217.0,186.79,40533.35,2023-11-24 03:11:00,0.0,1165,0.0,3500,Male,53,0,0.29045,0,0,2023-11-01,1,0.5,500.0,0.0007301643605,0.29045,113.6534714,0.08298571429,0.2857142857,1,1,0,0.0,0,37,217.0,13.91,11.58095714,1.601057143,0.0,0,0.29045,1016.575,6.908754779,5.674868464,12.89367486,2.702032129,10.60990504,8.160803921,2025-11-03 05:38:35.641484,13.91,0,1,0,0,0.29045,0.29045,0.0,1.068338648,0,0.0908674252,0,3500,0.0,113.6534714,11.0,0.0,4,0,0.29045
153,1998-09-20,NC,665,559,4,1.0,1000,750.53,0.0,105363.74,10.0,3.0,1.0,1.0,0,0,0,134.0,59.5,199.06,199.06,248.0,102.21,25348.44,2022-07-27 04:36:00,7.0,755,0.009271523,2500,Female,27,0,0.75053,1,0,2022-07-01,0,0.25,1000.0,0.007123228541,0.75053,42.145496,0.300212,0.4,1,1,0,1.0,0,522,248.0,199.06,10.139376,1.22652,0.0,0,0.75053,1876.325,6.908754779,6.622111129,11.56518332,5.298617322,10.14051192,7.824445931,2025-11-03 05:38:35.641484,199.06,0,1,0,0,0.75053,0.75053,0.0,1.247913405,0,0.2188081594,1,2500,0.0,42.145496,10.0,1.0,4,0,0.75053
154,1993-10-27,TN,779,613,2,1.0,30000,6277.4,0.2092,443692.58,5.0,2.0,0.0,1.0,0,0,0,71.0,59.5,624.17,624.17,216.0,115.17,24876.55,2023-01-11 05:38:00,0.0,1251,0.0,3300,Female,32,0,0.209246667,0,1,2023-01-01,1,0.5,2500.0,0.01414808424,0.209246667,134.452297,1.902242424,9.090909091,1,1,0,0.0,0,354,216.0,624.17,7.538348485,1.047,0.209246667,0,0.209246667,690.5140011,10.30898599,8.74487045,13.00288947,6.438023613,10.12172107,8.101980732,2025-11-03 05:37:35.641484,624.17,0,1,0,0,0.2092466667,0.2092466667,20.3918774,1.355451063,0,0.1478553336,0,3300,0.2092,134.452297,5.0,0.0,2,1,0.209246667
155,1992-09-15,WA,769,793,2,0.0,20000,605.02,0.0303,87833.45,5.0,3.0,2.0,1.0,0,0,0,33.5,7.5,202.51,202.51,251.0,112.28,28181.92,2023-03-24 13:23:00,7.0,382,0.018324607,4400,Female,33,0,0.030251,1,1,2023-03-01,1,0.0,0.0,0.006888264095,0.030251,19.96214773,0.1375045455,4.545454545,1,1,0,0.0,0,281,251.0,202.51,6.404981818,0.7655454545,0.030251,2,0.0,133.1044,9.903537551,6.406912989,11.38320907,5.315715144,10.2464714,8.389587067,2025-11-03 05:38:35.641484,202.51,0,1,0,0,0.030251,0.030251,19.3918774,1.26174264,0,0.2131225275,1,4400,0.0303,19.96214773,5.0,2.0,2,1,0.030251
156,1995-08-09,OH,683,691,3,0.0,1000,190.02,0.19,16227.91,11.0,3.0,2.5,0.0,0,0,0,166.0,121.7,88.84,88.84,230.0,167.7,38571.81,2022-11-11 12:33:00,0.0,953,0.0,2800,Female,30,0,0.19002,0,0,2022-11-01,1,0.0,0.0,0.01170945612,0.19002,5.795682143,0.06786428571,0.3571428571,1,1,1,0.0,0,414,230.0,88.84,13.77564643,1.796785714,0.0,0,0.19002,532.056,6.908754779,5.252378135,9.694549499,4.49803031,10.5603029,7.937731775,2025-11-03 05:37:35.641484,88.84,0,1,0,0,0.19002,0.19002,0.0,1.21618187,0,0.1815032445,1,2800,0.19,5.795682143,11.0,2.5,3,0,0.19002
157,1982-09-16,OH,571,766,2,0.0,32000,20848.4875,0.8889,28443.87,3.0,2.0,1.0,0.0,0,0,0,178.0,161.0,50.64,50.64,220.0,236.44625,53705.59,2022-04-25 06:51:00,0.0,619,0.0,3000,Female,43,0,0.888870938,0,1,2022-04-01,0,0.0,0.0,0.4889038178,0.888870938,9.48129,6.45558796,10.66666667,1,1,0,0.0,0,615,220.0,50.64,18.20397333,2.4824,0.5846375,1,0.888870938,2666.612814,10.37352243,10.25572311,10.25572311,3.944296566,10.90802576,8.006700845,2025-11-03 05:39:35.641484,50.64,0,1,0,0,0.8888709375,0.8888709375,18.3918774,1.085829709,0,0.1713924441,0,3000,0.8889,9.48129,3.0,1.0,2,1,0.888870938
158,1982-08-03,GA,609,775,2,0.0,1000,582.61,0.0,125337.96,7.0,3.0,0.0,0.0,0,0,0,117.0,93.5,212.61,212.61,226.0,126.87,28672.22,2023-01-04 07:19:00,9.0,1592,0.005653266,3000,Male,43,0,0.58261,1,1,2023-01-01,0,0.0,0.0,0.004648312451,0.58261,41.77932,0.1942033333,0.3333333333,1,1,0,0.0,0,361,226.0,212.61,9.557406667,1.2687,0.58261,0,0.58261,1747.83,6.908754779,6.369232952,11.73877703,5.364151922,10.26371887,8.006700845,2025-11-03 05:36:35.641484,212.61,0,1,0,0,0.58261,0.58261,21.3918774,1.339572269,0,0.1746764369,0,3000,0.0,41.77932,7.0,0.0,2,1,0.58261
159,1980-05-11,NC,683,540,4,0.0,22000,7783.0,0.3538,12314.46,14.0,3.0,0.0,0.0,0,0,0,178.0,111.2,1120.67,1120.67,217.0,113.07,24535.73,2022-07-29 21:52:00,11.0,1140,0.009649123,3600,Male,45,0,0.353772727,1,0,2022-07-01,1,0.0,0.0,0.4889038178,0.353772727,3.420683333,2.161944444,6.111111111,1,1,0,0.0,0,519,217.0,1120.67,6.815480556,0.94225,0.0,0,0.353772727,1273.581817,9.998843186,8.959825624,9.418610663,7.414193291,10.10792646,8.188966864,2025-11-03 05:37:35.641484,1120.67,0,1,0,0,0.3537727273,0.3537727273,0.0,1.234528056,0,0.1194836692,1,3600,0.3538,3.420683333,14.0,0.0,4,0,0.353772727
16,1967-11-08,GA,526,740,2,0.0,35000,5564.46,0.159,5564.46,5.0,3.0,0.0,0.0,0,0,0,76.0,46.0,79.57,79.57,227.0,236.44625,53705.59,2023-12-07 00:31:00,3.0,962,0.003118503,5050,Female,57,4,0.158984571,1,1,2023-12-01,0,0.0,0.0,0.4889038178,0.158984571,0.7675117241,0.7675117241,4.827586207,1,1,0,0.0,1,24,227.0,79.57,12.50565517,1.652731034,0.158984571,0,0.158984571,1152.63814,10.46313191,8.62433492,8.62433492,4.389126372,11.02688793,8.634298168,2025-11-03 05:36:35.641484,79.57,0,1,0,0,0.1589845714,0.1589845714,21.3918774,1.137499529,0,0.2611840284,0,5050,0.159,0.7675117241,5.0,0.0,2,1,0.158984571
160,1999-02-05,IL,708,531,3,1.0,1000,427.15,0.0,65119.63,7.0,3.0,1.0,1.0,0,0,0,63.0,35.3,53.81,53.81,251.0,148.4,37247.81,2023-07-19 12:45:00,0.0,787,0.0,3500,Female,26,0,0.42715,0,0,2023-07-01,1,0.3333333333,1000.0,0.006559466017,0.42715,18.60560857,0.1220428571,0.2857142857,1,1,0,1.0,0,164,251.0,53.81,10.64223143,1.272,0.0,0,0.0,1495.025,6.908754779,6.059473601,11.08399668,4.003872659,10.52537528,8.160803921,2025-11-03 05:36:35.641484,53.81,0,1,0,0,0.42715,0.42715,0.0,1.169357298,0,0.1953490586,1,3500,0.0,18.60560857,7.0,1.0,3,0,0.42715
161,1979-07-23,IL,740,653,2,1.0,11000,10000.79,0.9092,10000.79,4.0,3.0,0.0,1.0,0,0,0,183.0,93.0,45.31,45.31,259.0,134.26,34774.41,2023-10-10 10:33:00,16.0,1655,0.009667674,3800,Female,46,0,0.909162727,1,1,2023-10-01,1,0.5,2500.0,0.4889038178,0.909162727,2.631786842,2.631786842,2.894736842,1,1,0,0.0,0,82,259.0,45.31,9.151160526,1.059947368,0.5846375,0,0.909162727,3454.818363,9.305741457,9.210519356,9.210519356,3.83535792,10.45666581,8.243019469,2025-11-03 05:36:35.641484,45.31,0,1,0,0,0.9091627273,0.9091627273,21.3918774,1.134630206,0,0.1543352507,1,3800,0.9092,2.631786842,4.0,0.0,2,1,0.909162727
162,1978-02-14,MI,562,482,4,0.0,10000,4908.87,0.4909,364104.91,18.0,3.0,1.0,2.0,0,0,0,79.0,50.8,73.39,73.39,254.0,110.36,28031.99,2022-02-25 08:48:00,0.0,1033,0.0,3100,Female,47,0,0.490887,0,0,2022-02-01,0,0.0,0.0,0.01348202088,0.490887,117.4531968,1.583506452,3.225806452,1,1,0,0.0,0,674,254.0,73.39,9.042577419,1.068,0.0,0,0.490887,1521.7497,9.210440367,8.499002744,12.80520007,4.309321524,10.24113731,8.039479919,2025-11-03 05:38:35.641484,73.39,0,1,0,0,0.490887,0.490887,0.0,1.142599704,0,0.1997521018,1,3100,0.4909,117.4531968,18.0,1.0,4,0,0.490887
163,1986-09-15,MI,554,787,4,0.0,5000,4692.0,0.9384,142873.52,18.5,3.0,0.0,0.0,0,0,0,108.0,91.5,45.99,45.99,228.0,178.09,40604.43,2022-10-26 02:55:00,11.0,1291,0.008520527,2300,Female,39,0,0.9384,1,0,2022-10-01,0,0.0,0.0,0.0328402352,0.9384,62.11892174,2.04,2.173913043,1,1,0,0.0,0,431,228.0,45.99,17.6541,2.322913043,0.0,0,0.9384,2158.32,8.517393171,8.453827316,11.86972204,3.849934813,10.61165708,7.74109909,2025-11-03 05:37:35.641484,45.99,0,1,0,0,0.9384,0.9384,0.0,1.15627431,0,0.2279304063,0,2300,0.9384,62.11892174,18.5,0.0,4,0,0.9384
164,1968-04-27,MI,525,614,3,0.0,1000,920.71,0.0,217601.73,12.0,3.0,2.0,0.0,0,0,0,120.0,93.0,131.53,131.53,227.0,128.26,29114.95,2023-01-06 04:04:00,0.0,1412,0.0,2400,Female,57,0,0.92071,0,0,2023-01-01,0,0.0,0.0,0.004231170405,0.92071,90.6673875,0.3836291667,0.4166666667,1,1,0,0.0,0,359,227.0,131.53,12.13122917,1.60325,0.0,0,0.92071,2209.704,6.908754779,6.82623064,12.29042634,4.886809035,10.27904141,7.783640596,2025-11-03 05:39:35.641484,131.53,0,1,0,0,0.92071,0.92071,0.0,1.288109661,0,0.2394524565,1,2400,0.0,90.6673875,12.0,2.0,3,0,0.92071
165,1989-10-23,CA,669,791,4,0.0,2000,148.51,0.0743,430979.72,5.0,2.0,0.0,1.0,0,0,0,110.0,52.2,31.97,31.97,225.0,124.72,28061.11,2023-09-22 14:22:00,10.0,777,0.012870013,4000,Female,36,0,0.074255,1,0,2023-09-01,0,0.0,0.0,0.0003445869796,0.074255,107.74493,0.0371275,0.5,1,1,0,0.0,0,99,225.0,31.97,7.0152775,0.9354,0.0,0,0.074255,297.02,7.601402335,5.00736328,12.97381863,3.495598057,10.24217555,8.294299609,2025-11-03 05:39:35.641484,31.97,0,1,0,0,0.074255,0.074255,0.0,1.167058804,0,0.1051768409,1,4000,0.0743,107.74493,5.0,0.0,4,0,0.074255
166,2001-07-16,CA,676,794,3,0.0,20000,6533.61,0.3267,117391.64,5.0,3.0,0.0,0.0,0,0,0,177.0,77.3,288.53,288.53,234.0,95.09,22251.75,2022-06-17 08:34:00,9.0,1125,0.008,3100,Male,24,0,0.3266805,1,0,2022-06-01,1,0.0,0.0,0.05565651864,0.3266805,37.86827097,2.107616129,6.451612903,1,1,0,0.0,0,562,234.0,288.53,7.177983871,0.9202258065,0.0,0,0.3266805,1012.70955,9.903537551,8.784867946,11.67327949,5.668258919,10.01022088,8.039479919,2025-11-03 05:37:35.641484,288.53,0,1,0,0,0.3266805,0.3266805,0.0,1.314223075,0,0.195251717,0,3100,0.3267,37.86827097,5.0,0.0,3,0,0.3266805
167,1987-05-25,PA,785,569,3,0.0,20000,5320.54,0.266,124970.06,9.0,3.0,1.0,0.0,0,0,0,108.0,71.3,1120.67,1120.67,209.0,150.89,31535.71,2022-12-20 16:58:00,9.0,1018,0.008840864,4700,Male,38,0,0.266027,1,0,2022-12-01,1,0.0,0.0,0.04257451745,0.266027,26.58937447,1.132029787,4.255319149,1,1,0,0.0,0,375,209.0,1120.67,6.709725532,0.9631276596,0.0,0,0.266027,1250.3269,9.903537551,8.579518014,11.73583747,7.928434855,10.35890754,8.455530531,2025-11-03 05:39:35.641484,1120.67,0,1,0,0,0.266027,0.266027,0.0,1.270144052,0,0.1577678444,1,4700,0.266,26.58937447,9.0,1.0,3,0,0.266027
168,1991-09-24,IN,704,583,2,0.0,1000,198.13,0.0,29637.1,5.0,3.0,2.0,1.0,0,0,1,185.0,153.5,306.21,306.21,230.0,153.67,35345.15,2022-12-10 02:49:00,0.0,1519,0.0,3700,Male,34,0,0.19813,0,1,2022-12-01,1,0.0,0.0,0.006685201993,0.19813,8.010027027,0.05354864865,0.2702702703,1,1,0,0.0,0,386,230.0,306.21,9.552743243,1.245972973,0.19813,2,0.19813,733.081,6.908754779,5.293957878,10.29681597,5.727531553,10.47294475,8.216358332,2025-11-03 05:39:35.641484,306.21,0,1,0,0,0.19813,0.19813,18.3918774,1.350612758,0,0.1434410266,1,3700,0.0,8.010027027,5.0,2.0,2,1,0.19813
169,1979-08-08,NJ,579,786,2,0.0,2000,381.37,0.1907,381.37,5.0,2.0,1.0,2.0,0,0,0,161.0,127.0,214.52,214.52,247.0,117.21,28950.51,2023-08-18 16:23:00,10.0,1713,0.005837712,2900,Female,46,0,0.190685,1,1,2023-08-01,0,0.0,0.0,0.4889038178,0.190685,0.1315068966,0.1315068966,0.6896551724,1,1,0,0.0,0,134,247.0,214.52,9.982934483,1.212517241,0.190685,1,0.190685,552.9865,7.601402335,5.946388726,6.433559638,5.373053713,10.27337764,7.972810784,2025-11-03 05:37:35.641484,214.52,0,1,0,0,0.190685,0.190685,20.3918774,1.287235199,0,0.1984420667,0,2900,0.1907,0.1315068966,5.0,1.0,2,1,0.190685
17,1970-04-28,FL,713,666,4,0.0,20000,10999.76,0.55,385365.04,16.0,3.0,0.0,2.0,0,0,0,174.0,116.5,441.18,441.18,270.0,236.44625,53705.59,2022-03-13 22:50:00,0.0,1741,0.0,5050,Female,55,10,0.549988,0,0,2022-03-01,1,0.0,0.0,0.02854374128,0.549988,4.972452129,0.1419323871,0.2580645161,1,1,0,0.0,1,657,270.0,441.18,4.240724258,0.4711896774,0.0,0,0.549988,4073.358225,9.903537551,9.30571964,12.86194891,6.091717039,11.02688793,8.634298168,2025-11-03 05:38:35.641484,441.18,0,1,0,0,0.549988,0.549988,0.0,1.329930772,0,0.2054679848,1,5050,0.55,4.972452129,16.0,0.0,4,0,0.549988
170,1992-08-01,PA,794,498,2,0.0,10000,4351.88,0.4352,9378.63,3.0,1.0,1.0,0.0,0,0,0,116.0,61.5,85.54,85.54,246.0,125.84,30956.04,2022-11-03 02:37:00,0.0,580,0.0,3700,Female,33,0,0.435188,0,1,2022-11-01,1,0.0,0.0,0.4640208645,0.435188,2.534764865,1.176183784,2.702702703,1,1,0,0.0,0,423,246.0,85.54,8.366497297,1.020324324,0.435188,1,0.435188,1610.1956,9.210440367,8.378592974,9.146295596,4.460606735,10.34035572,8.216358332,2025-11-03 05:37:35.641484,85.54,0,1,0,0,0.435188,0.435188,20.3918774,1.203735852,0,0.188052283,1,3700,0.4352,2.534764865,3.0,1.0,2,1,0.435188
171,1986-11-22,PA,602,560,4,1.0,5000,217.18,0.0434,373874.14,14.0,3.0,0.0,0.0,0,0,0,168.0,124.8,105.78,105.78,225.0,165.77,37298.77,2023-11-13 23:46:00,22.5,1625,0.014769231,3600,Female,38,0,0.043436,1,0,2023-11-01,0,0.25,2500.0,0.0005808906709,0.043436,103.8539278,0.06032777778,1.388888889,1,1,0,0.0,0,47,225.0,105.78,10.36076944,1.381416667,0.0,0,0.043436,156.3696,8.517393171,5.38532041,12.83167717,4.670770643,10.52674244,8.188966864,2025-11-03 05:39:35.641484,105.78,0,1,0,0,0.043436,0.043436,0.0,1.231734346,0,0.1783733975,1,3600,0.0434,103.8539278,14.0,0.0,4,0,0.043436
172,1975-08-05,WI,621,660,3,1.0,1000,922.98,0.0,433579.99,6.0,3.0,1.0,2.0,0,0,0,169.0,152.3,424.61,424.61,204.0,197.74,40339.92,2022-07-25 08:03:00,12.0,1290,0.009302326,2900,Male,50,0,0.92298,1,0,2022-07-01,0,0.3333333333,1000.0,0.00212874215,0.92298,149.5103414,0.3182689655,0.3448275862,1,1,0,1.0,0,524,204.0,424.61,13.91031724,2.045586207,0.0,0,0.92298,2676.642,6.908754779,6.828690426,12.97983389,6.053523434,10.60512162,7.972810784,2025-11-03 05:38:35.641484,424.61,0,1,0,0,0.92298,0.92298,0.0,1.263440209,0,0.1758459001,1,2900,0.0,149.5103414,6.0,1.0,3,0,0.92298
173,1999-01-13,MO,687,745,4,0.0,1000,35.57,0.0356,337745.46,16.0,3.0,1.0,1.0,0,0,0,164.0,93.0,136.61,136.61,247.0,132.84,32810.35,2022-01-14 04:33:00,0.0,1177,0.0,2500,Male,26,0,0.03557,0,0,2022-01-01,1,0.0,0.0,0.0001053159974,0.03557,135.098184,0.014228,0.4,1,1,0,0.0,0,716,247.0,136.61,13.12414,1.59408,0.0,0,0.03557,88.925,6.908754779,3.599228232,12.73005077,4.924423597,10.39852977,7.824445931,2025-11-03 05:36:35.641484,136.61,0,1,0,0,0.03557,0.03557,0.0,1.251426314,0,0.2325142767,1,2500,0.0356,135.098184,16.0,1.0,4,0,0.03557
174,2001-11-01,TX,515,761,3,2.5,10000,2620.7,0.2621,126978.54,9.0,3.0,1.0,1.0,0,0,0,183.0,96.3,775.24,775.24,237.0,188.46,44664.08,2022-01-11 08:55:00,5.0,1196,0.004180602,2900,Female,23,0,0.26207,1,0,2022-01-01,0,0.8333333333,2500.0,0.02063892056,0.26207,43.78570345,0.9036896552,3.448275862,1,1,0,0.3333333333,0,719,237.0,775.24,15.4014069,1.949586207,0.0,0,0.26207,760.003,9.210440367,7.871578241,11.75178125,6.654461751,10.70694727,7.972810784,2025-11-03 05:38:35.641484,775.24,0,1,0,0,0.26207,0.26207,0.0,1.380049169,0,0.2219269372,0,2900,0.2621,43.78570345,9.0,1.0,3,0,0.26207
175,1992-03-28,MA,766,657,2,0.0,1000,188.8,0.0,41490.69,5.0,2.0,1.0,1.0,0,0,0,179.0,97.0,273.92,273.92,221.0,98.53,21774.53,2023-08-03 08:02:00,11.0,1329,0.0082769,5000,Male,33,0,0.1888,1,1,2023-08-01,1,0.0,0.0,0.004550418419,0.1888,8.298138,0.03776,0.2,1,1,0,0.0,0,150,221.0,273.92,4.354906,0.59118,0.1888,1,0.1888,944.0,6.908754779,5.245970886,10.63324845,5.616480146,9.988542141,8.517393171,2025-11-03 05:38:35.641484,273.92,0,1,0,0,0.1888,0.1888,19.3918774,1.36270308,0,0.2155627173,1,5000,0.0,8.298138,5.0,1.0,2,1,0.1888
176,1976-01-09,PA,595,712,4,1.0,40000,20593.03,0.5148,139039.54,11.0,3.0,2.0,1.0,0,0,0,182.0,128.2,140.4,140.4,204.0,170.64,34811.42,2023-01-25 01:11:00,0.0,1066,0.0,3900,Female,49,0,0.51482575,0,0,2023-01-01,0,0.25,2500.0,0.1481091638,0.51482575,35.6511641,5.280264103,10.25641026,1,1,0,2.0,0,340,204.0,140.4,8.926005128,1.312615385,0.0,0,0.51482575,2007.820425,10.59665973,9.932756507,11.84252082,4.951592753,10.4577295,8.26898821,2025-11-03 05:37:35.641484,140.4,0,1,0,0,0.51482575,0.51482575,0.0,1.19051229,0,0.1856275339,1,3900,0.5148,35.6511641,11.0,2.0,4,0,0.51482575
177,1985-04-15,NC,774,613,3,0.0,1000,351.13,0.0,28609.32,9.0,3.0,2.0,1.0,1,1040,0,145.0,98.7,289.85,289.85,239.0,166.24,39730.87,2022-09-10 08:14:00,11.0,1987,0.005535984,3400,Male,40,0,0.35113,1,0,2022-09-01,1,0.0,0.0,0.01227327319,0.35113,8.414505882,0.1032735294,0.2941176471,1,1,0,0.0,0,477,239.0,289.85,11.68555,1.466823529,0.0,0,0.35113,1193.842,6.908754779,5.864000426,10.26152277,5.67280767,10.58990892,8.131824785,2025-11-03 05:38:35.641484,289.85,0,1,0,0,0.35113,0.35113,0.0,1.331560227,0,0.1989614576,0,3400,0.0,8.414505882,9.0,2.0,3,0,0.35113
178,1986-07-09,MI,688,766,2,0.0,2000,1320.8,0.6604,11474.75,4.0,3.0,1.0,1.0,0,0,0,116.0,100.0,209.17,209.17,205.0,163.16,33448.46,2022-03-08 04:10:00,0.0,1737,0.0,3900,Female,39,0,0.6604,0,1,2022-03-01,1,0.0,0.0,0.1151049042,0.6604,2.94224359,0.3386666667,0.5128205128,1,1,0,0.0,0,663,205.0,209.17,8.576528205,1.255076923,0.5846375,1,0.6604,2575.56,7.601402335,7.186749723,9.347991392,5.347916727,10.41779092,8.26898821,2025-11-03 05:36:35.641484,209.17,0,1,0,0,0.6604,0.6604,21.3918774,1.255342055,0,0.2563739404,1,3900,0.6604,2.94224359,4.0,1.0,2,1,0.6604
179,1981-02-16,CA,737,654,4,0.0,20000,10408.16,0.5204,385542.7,16.0,3.0,1.0,0.0,0,0,1,157.0,99.8,73.27,73.27,234.0,128.59,30089.39,2022-07-27 01:23:00,0.0,829,0.0,3100,Female,44,0,0.520408,0,0,2022-07-01,1,0.0,0.0,0.0269961278,0.520408,124.3686129,3.357470968,6.451612903,1,1,0,0.0,0,522,234.0,73.27,9.706254839,1.244419355,0.0,0,0.520408,1613.2648,9.903537551,9.250441467,12.86240982,4.307707102,10.31196113,8.039479919,2025-11-03 05:37:35.641484,73.27,0,1,0,0,0.520408,0.520408,0.0,1.217549659,0,0.2315962978,1,3100,0.5204,124.3686129,16.0,1.0,4,0,0.520408
18,1989-05-15,VA,594,649,3,2.0,25000,2659.15,0.1064,52932.67,7.0,3.0,1.0,0.0,0,0,0,121.0,77.0,475.82,475.82,268.0,236.44625,53705.59,2023-10-27 23:18:00,0.0,1701,0.0,5050,Female,36,15,0.106366,0,0,2023-10-01,0,0.6666666667,2500.0,0.05023646077,0.106366,4.103307752,0.2061356589,1.937984496,1,1,0,0.5,1,64,268.0,475.82,18.8428536,2.50213838,0.0,0,0.106366,1372.1214,10.1266711,7.886137791,10.8767949,6.167139061,11.02688793,8.634298168,2025-11-03 05:38:35.641484,475.82,0,1,0,0,0.106366,0.106366,0.0,1.337726627,0,0.1593882539,1,5050,0.1064,4.103307752,7.0,1.0,3,0,0.106366
180,1999-01-12,OH,742,755,4,1.0,1000,296.17,0.0,390827.89,10.0,3.0,1.0,1.0,0,0,0,112.0,79.0,284.62,284.62,222.0,154.16,34223.53,2022-06-28 14:37:00,0.0,1586,0.0,5050,Male,26,0,0.29617,0,0,2022-06-01,1,0.25,1000.0,0.0007578015991,0.29617,76.63291961,0.05807254902,0.1960784314,1,1,0,1.0,0,550,222.0,284.62,6.710496078,0.9068235294,0.0,0,0.29617,1510.467,6.908754779,5.694304366,12.87602512,5.654662256,10.44069792,8.537191878,2025-11-03 05:37:35.641484,284.62,0,1,0,0,0.29617,0.29617,0.0,1.343446791,0,0.1473379178,1,5050,0.0,76.63291961,10.0,1.0,4,0,0.29617
181,1969-11-02,CA,706,768,4,0.0,37000,20848.4875,0.6727,119939.18,15.0,3.0,1.0,2.0,0,0,0,146.0,65.8,866.42,866.42,233.0,179.51,41826.14,2022-08-08 04:47:00,0.0,1301,0.0,3800,Female,55,0,0.672678108,0,0,2022-08-01,1,0.0,0.0,0.2075142585,0.672678108,31.56294211,6.45558796,9.736842105,1,1,0,0.0,0,510,233.0,866.42,11.00687895,1.417184211,0.0,0,0.672678108,2556.17681,10.51870022,10.12222501,11.6947484,6.765523289,10.64130069,8.243019469,2025-11-03 05:37:35.641484,866.42,0,1,0,0,0.6726781081,0.6726781081,0.0,1.377113549,0,0.1692752503,1,3800,0.6727,31.56294211,15.0,1.0,4,0,0.672678108
182,1980-04-27,CA,604,714,2,0.0,1000,875.66,0.8757,292311.65,9.0,3.0,0.0,1.0,0,0,0,91.0,83.0,1120.67,1120.67,243.0,124.36,30219.21,2022-09-26 17:05:00,11.0,1677,0.006559332,2900,Female,45,0,0.87566,1,1,2022-09-01,0,0.0,0.0,0.002995638388,0.87566,100.7971207,0.3019517241,0.3448275862,1,1,0,0.0,0,460,243.0,1120.67,10.42041724,1.286482759,0.5846375,0,0.87566,2539.414,6.908754779,6.776119232,12.58557923,7.90895685,10.31626618,7.972810784,2025-11-03 05:38:35.641484,1120.67,0,1,0,0,0.87566,0.87566,19.3918774,1.315553581,0,0.1835063027,1,2900,0.8757,100.7971207,9.0,0.0,2,1,0.87566
183,1974-04-05,CO,780,726,3,1.0,2000,922.25,0.4611,209146.13,10.0,2.0,1.0,1.0,0,0,0,186.0,125.0,36.44,36.44,245.0,159.56,39092.21,2022-05-05 15:12:00,0.0,628,0.0,3900,Female,51,0,0.461125,0,0,2022-05-01,1,0.3333333333,2000.0,0.004409596295,0.461125,53.62721282,0.236474359,0.5128205128,1,1,0,1.0,0,604,245.0,36.44,10.02364359,1.227384615,0.0,0,0.461125,1798.3875,7.601402335,6.827900054,12.25079325,3.622739652,10.57370407,8.26898821,2025-11-03 05:39:35.641484,36.44,0,1,0,0,0.461125,0.461125,0.0,1.153567864,0,0.1960123355,1,3900,0.4611,53.62721282,10.0,1.0,3,0,0.461125
184,1972-10-07,MA,612,675,2,0.0,0,0.0,0.0,117843.18,7.0,3.0,0.0,0.0,0,0,0,38.0,37.0,529.08,529.08,240.0,107.48,25794.15,2022-01-28 04:12:00,0.0,1139,0.0,3000,Male,53,0,0.49068525,0,1,2022-01-01,0,0.0,0.0,0.0,0.49068525,39.28106,0.0,0.0,1,1,0,0.0,0,702,240.0,529.08,8.59805,1.0748,0.0,0,0.477859,1590.507672,2.416580621,1.973596521,11.67711852,6.273027939,10.15794177,8.006700845,2025-11-03 05:37:35.641484,529.08,0,1,0,0,0.0,0.0,20.3918774,1.346167274,0,0.1624783717,1,3000,0.0,39.28106,7.0,0.0,2,1,0.49068525
185,1981-06-06,WI,597,691,2,0.0,10000,5964.18,0.5964,122808.9,8.0,3.0,1.0,0.0,0,0,0,158.0,111.0,524.45,524.45,227.0,133.54,30313.08,2023-07-17 17:39:00,0.0,1160,0.0,2800,Female,44,0,0.596418,0,1,2023-07-01,0,0.0,0.0,0.04856472129,0.596418,43.86032143,2.130064286,3.571428571,1,1,0,0.0,0,166,227.0,524.45,10.8261,1.430785714,0.5846375,1,0.596418,1669.9704,9.210440367,8.69369451,11.71839291,6.264255038,10.31936757,7.937731775,2025-11-03 05:39:35.641484,524.45,0,1,0,0,0.596418,0.596418,18.3918774,1.386040014,0,0.1748491141,1,2800,0.5964,43.86032143,8.0,1.0,2,1,0.596418
186,1972-03-10,FL,744,614,3,1.0,20000,13750.01,0.6875,18810.71,11.0,3.0,0.0,0.0,1,1895,0,174.0,133.0,31.99,31.99,220.0,101.34,22293.95,2022-10-13 18:57:00,14.0,1642,0.008526188,4300,Female,53,0,0.6875005,1,0,2022-10-01,1,0.3333333333,2500.0,0.4889038178,0.6875005,4.374583721,3.197676744,4.651162791,1,1,0,0.0,0,443,220.0,31.99,5.184639535,0.7070232558,0.0,0,0.6875005,2956.25215,9.903537551,9.528867555,9.842234827,3.496204485,10.01211547,8.366602833,2025-11-03 05:36:35.641484,31.99,0,1,0,0,0.6875005,0.6875005,0.0,1.169194883,0,0.1982691648,1,4300,0.6875,4.374583721,11.0,0.0,3,0,0.6875005
187,2002-01-10,MO,627,684,2,0.0,12000,5586.0,0.4655,5586.0,5.0,3.0,0.0,2.0,0,0,0,149.0,137.0,123.18,123.18,245.0,82.52,20217.77,2022-12-03 23:39:00,0.0,1769,0.0,3500,Male,23,0,0.4655,0,1,2022-12-01,0,0.0,0.0,0.4889038178,0.4655,1.596,1.596,3.428571429,1,1,0,0.0,0,392,245.0,123.18,5.776505714,0.7073142857,0.4655,0,0.4655,1629.25,9.392745259,8.628197749,8.628197749,4.821732126,9.91436666,8.160803921,2025-11-03 05:36:35.641484,123.18,0,1,0,0,0.4655,0.4655,21.3918774,1.116518654,0,0.1866103417,1,3500,0.4655,1.596,5.0,0.0,2,1,0.4655
188,1989-07-23,AZ,518,723,2,0.0,0,0.0,0.0,80071.23,4.0,3.0,0.0,0.0,0,0,0,67.0,57.5,10.02,10.02,208.0,195.18,40598.34,2023-12-02 07:26:00,0.0,902,0.0,2700,Male,36,0,0.49068525,0,1,2023-12-01,0,0.0,0.0,0.0,0.49068525,29.65601111,0.0,0.0,1,1,0,0.0,0,29,208.0,10.02,15.03642222,2.168666667,0.0,0,0.477859,1590.507672,2.416580621,1.973596521,11.29068438,2.399711804,10.61150709,7.901377354,2025-11-03 05:37:35.641484,10.02,0,1,0,0,0.0,0.0,20.3918774,1.004922027,0,0.2401064334,0,2700,0.0,29.65601111,4.0,0.0,2,1,0.49068525
189,1969-10-23,OH,661,773,2,1.0,20000,16872.2,0.8436,28934.87,6.0,3.0,1.0,0.0,0,0,0,43.0,42.0,59.0,59.0,242.0,120.45,29148.73,2023-03-13 12:32:00,10.0,1602,0.006242197,3400,Female,56,0,0.84361,1,1,2023-03-01,0,0.5,2500.0,0.4889038178,0.84361,8.510255882,4.962411765,5.882352941,1,1,0,1.0,0,292,242.0,59.0,8.573155882,1.062794118,0.5846375,1,0.84361,2868.274,9.903537551,9.733481843,10.27283728,4.094344562,10.28020093,8.131824785,2025-11-03 05:36:35.641484,59.0,0,1,0,0,0.84361,0.84361,21.3918774,1.176211384,0,0.2240082191,0,3400,0.8436,8.510255882,6.0,1.0,2,1,0.84361
19,1975-06-12,AZ,666,538,2,0.0,30000,19008.77,0.6336,234013.1,10.0,3.0,0.0,1.0,0,0,0,139.0,131.5,106.26,106.26,191.0,83.09,15870.68,2023-09-30 16:44:00,20.0,1596,0.012531328,1450,Male,50,2,0.633625667,1,1,2023-09-01,0,0.0,0.0,0.08122951236,0.633625667,183.5765946,6.45558796,15.64516129,1,1,0,0.0,0,91,191.0,106.26,12.696544,1.99416,0.5846375,0,0.633625667,792.0320838,10.30898599,9.852708337,12.36313665,4.675255794,9.748329953,7.51979194,2025-11-03 05:37:35.641484,106.26,0,1,0,0,0.6336256667,0.6336256667,20.3918774,1.237992604,0,0.1859098718,1,1450,0.6336,183.5765946,10.0,0.0,2,1,0.633625667
190,1971-12-25,GA,573,735,3,0.0,0,0.0,0.0,135767.76,10.0,3.0,0.0,2.0,0,0,0,144.0,105.3,232.62,232.62,231.0,105.43,24353.8,2023-10-06 23:18:00,0.0,1164,0.0,3300,Female,53,0,0.49068525,0,0,2023-10-01,0,0.0,0.0,0.0,0.49068525,41.14174545,0.0,0.0,1,1,0,0.0,0,85,231.0,232.62,7.379939394,0.9584545455,0.0,0,0.477859,1590.507672,2.416580621,1.973596521,11.81870842,5.453695864,10.10048423,8.101980732,2025-11-03 05:36:35.641484,232.62,0,1,0,0,0.0,0.0,0.0,1.330288411,0,0.186101454,0,3300,0.0,41.14174545,10.0,0.0,3,0,0.49068525
191,1972-10-26,NY,600,615,3,1.0,1000,972.42,0.9724,54825.99,6.0,3.0,0.0,0.0,0,0,0,172.0,129.7,173.02,173.02,233.0,120.64,28109.47,2023-12-16 07:27:00,12.0,743,0.01615074,3300,Female,53,0,0.97242,1,0,2023-12-01,0,0.3333333333,1000.0,0.01773647863,0.97242,16.61393636,0.2946727273,0.303030303,1,1,0,0.0,0,15,233.0,173.02,8.518021212,1.096727273,0.0,0,0.97242,3208.986,6.908754779,6.880815644,10.91193787,5.159170235,10.24389738,8.101980732,2025-11-03 05:38:35.641484,173.02,0,1,0,0,0.97242,0.97242,0.0,1.305800231,0,0.2278106994,0,3300,0.9724,16.61393636,6.0,0.0,3,0,0.97242
192,1987-09-14,VA,597,607,3,0.0,20000,7770.68,0.3885,201411.02,8.0,3.0,2.0,1.0,0,0,0,111.0,68.3,168.69,168.69,216.0,121.46,26235.69,2022-09-01 15:40:00,0.0,1375,0.0,3800,Female,38,0,0.388534,0,0,2022-09-01,0,0.0,0.0,0.03858120574,0.388534,53.0029,2.044915789,5.263157895,1,1,0,0.0,0,485,216.0,168.69,6.904128947,0.9588947368,0.0,0,0.388534,1476.4292,9.903537551,8.958241636,12.21310794,5.133973243,10.17491409,8.243019469,2025-11-03 05:38:35.641484,168.69,0,1,0,0,0.388534,0.388534,0.0,1.333128186,0,0.1424284665,1,3800,0.3885,53.0029,8.0,2.0,3,0,0.388534
193,1969-09-21,NC,559,541,4,0.0,2000,931.55,0.4658,387141.2,14.0,3.0,1.0,0.0,0,0,0,105.0,72.2,58.04,58.04,234.0,124.05,29026.79,2023-08-13 10:44:00,0.0,1690,0.0,3300,Female,56,0,0.465775,0,0,2023-08-01,0,0.0,0.0,0.002406228012,0.465775,117.3155152,0.2822878788,0.6060606061,1,1,0,0.0,0,140,234.0,58.04,8.79599697,1.127727273,0.0,0,0.465775,1537.0575,7.601402335,6.837922769,12.86654735,4.07821518,10.27600893,8.101980732,2025-11-03 05:39:35.641484,58.04,0,1,0,0,0.465775,0.465775,0.0,1.196393387,0,0.167314657,0,3300,0.4658,117.3155152,14.0,1.0,4,0,0.465775
194,1965-07-27,CO,732,757,3,0.0,7000,2503.8,0.3577,23606.73,4.0,3.0,1.0,0.0,0,0,0,171.0,71.0,464.17,464.17,241.0,97.41,23476.16,2023-05-25 20:41:00,0.0,638,0.0,3600,Female,60,0,0.357685714,0,0,2023-05-01,1,0.0,0.0,0.1060629744,0.357685714,6.557425,0.6955,1.944444444,1,1,0,0.0,0,219,241.0,464.17,6.521155556,0.81175,0.0,0,0.357685714,1287.66857,8.853808275,7.82596417,10.06932948,6.14240293,10.06378331,8.188966864,2025-11-03 05:38:35.641484,464.17,0,1,0,0,0.3576857143,0.3576857143,0.0,1.317203258,0,0.2193879956,1,3600,0.3577,6.557425,4.0,1.0,3,0,0.357685714
195,1971-07-12,MA,726,797,3,1.0,20000,8628.02,0.4314,365184.18,14.0,3.0,2.0,1.0,0,0,0,168.0,153.7,766.06,766.06,234.0,140.18,32802.16,2023-05-04 05:59:00,8.0,1975,0.004050633,3000,Female,54,0,0.431401,1,0,2023-05-01,1,0.3333333333,2500.0,0.02362648897,0.431401,121.72806,2.876006667,6.666666667,1,1,0,2.0,0,241,234.0,766.06,10.93405333,1.4018,0.0,0,0.431401,1294.203,9.903537551,9.06288622,12.80815985,6.642565025,10.39828013,8.006700845,2025-11-03 05:36:35.641484,766.06,0,1,0,0,0.431401,0.431401,0.0,1.376469155,0,0.2673990248,1,3000,0.4314,121.72806,14.0,2.0,3,0,0.431401
196,1974-07-06,TN,732,731,2,0.0,30000,14242.04,0.4747,14242.04,8.0,3.0,2.0,1.0,0,0,0,146.0,115.0,39.24,39.24,213.0,132.98,28323.76,2023-08-07 04:42:00,0.0,1702,0.0,2900,Male,51,0,0.474734667,0,1,2023-08-01,1,0.0,0.0,0.4889038178,0.474734667,4.911048276,4.911048276,10.34482759,1,1,0,0.0,0,146,213.0,39.24,9.766813793,1.375655172,0.474734667,2,0.474734667,1376.730534,10.30898599,9.564023645,9.564023645,3.694861526,10.25149161,7.972810784,2025-11-03 05:37:35.641484,39.24,0,1,0,0,0.4747346667,0.4747346667,20.3918774,1.17350809,0,0.128237507,1,2900,0.4747,4.911048276,8.0,2.0,2,1,0.474734667
197,1982-10-26,IN,741,683,3,1.0,6000,4276.33,0.7127,298656.73,3.0,2.0,1.0,1.0,0,0,0,165.0,110.0,12.67,12.67,239.0,123.64,29550.18,2022-12-13 18:30:00,11.0,1012,0.010869565,4700,Male,43,0,0.712721667,1,0,2022-12-01,1,0.3333333333,2500.0,0.01431854558,0.712721667,63.54398511,0.9098574468,1.276595745,1,1,0,1.0,0,382,239.0,12.67,6.28727234,0.7891914894,0.0,0,0.712721667,3349.791835,8.699681401,8.361084262,12.60705348,2.615203651,10.29387895,8.455530531,2025-11-03 05:36:35.641484,12.67,0,1,0,0,0.7127216667,0.7127216667,0.0,1.098631756,0,0.1052491097,0,4700,0.7127,63.54398511,3.0,1.0,3,0,0.712721667
198,1995-08-14,MO,775,507,3,0.0,1000,868.85,0.8689,311186.67,9.0,3.0,0.0,1.0,0,0,0,112.0,72.7,1120.67,1120.67,246.0,138.32,34026.29,2022-07-23 09:09:00,15.0,1228,0.012214984,4900,Male,30,0,0.86885,1,0,2022-07-01,1,0.0,0.0,0.002792054043,0.86885,63.50748367,0.1773163265,0.2040816327,1,1,0,0.0,0,526,246.0,1120.67,6.944140816,0.8468571429,0.0,0,0.86885,4073.358225,6.908754779,6.768320783,12.64815145,7.591982797,10.43491813,8.497194545,2025-11-03 05:36:35.641484,1120.67,0,1,0,0,0.86885,0.86885,0.0,1.341628027,0,0.1033481845,1,4900,0.8689,63.50748367,9.0,0.0,3,0,0.86885
199,1982-06-28,OH,724,737,3,1.0,1000,567.28,0.0,222655.02,12.0,3.0,2.0,0.0,0,0,0,177.0,111.7,215.27,215.27,227.0,162.67,36925.62,2022-02-11 20:29:00,0.0,1628,0.0,3300,Female,43,0,0.56728,0,0,2022-02-01,1,0.3333333333,1000.0,0.002547797934,0.56728,67.47121818,0.1719030303,0.303030303,1,1,0,2.0,0,687,227.0,215.27,11.18958182,1.478818182,0.0,0,0.56728,1872.024,6.908754779,6.342614255,12.31338335,5.376527627,10.51668798,8.101980732,2025-11-03 05:36:35.641484,215.27,0,1,0,0,0.56728,0.56728,0.0,1.308377951,0,0.2619275254,1,3300,0.0,67.47121818,12.0,2.0,3,0,0.56728
2,1980-04-05,FL,546,729,4,0.0,30000,17824.57,0.5942,489705.83,17.0,3.0,0.0,2.0,0,0,0,105.0,82.5,1120.67,1120.67,225.0,206.97,46569.03,2023-08-26 10:37:00,0.0,1871,0.0,4170,Male,45,1,0.594152333,0,0,2023-08-01,0,0.0,0.0,0.03639852521,0.594152333,117.4354508,4.274477218,7.194244604,1,1,0,0.0,0,127,225.0,1120.67,11.16763309,1.488992806,0.0,0,0.594152333,2477.615229,10.30898599,9.788389222,13.10156218,7.845306399,10.74871248,8.335911094,2025-11-03 05:37:35.641484,1120.67,0,1,0,0,0.5941523333,0.5941523333,0.0,1.346508227,0,0.2293827813,1,4170,0.5942,117.4354508,17.0,0.0,4,0,0.594152333
20,1982-12-22,TX,593,654,2,0.0,48500,20848.4875,0.0,28287.55,8.0,3.0,0.0,1.0,0,0,0,75.0,45.5,1120.67,1120.67,246.0,236.44625,53705.59,2022-02-16 07:18:00,18.0,2343,0.007682458,5050,Male,42,10,0.858014,1,1,2022-02-01,0,0.0,0.0,0.4889038178,0.858014,1.028638182,2.776845455,3.236363636,1,1,0,0.0,1,683,246.0,1120.67,6.248761455,0.7620436364,0.5846375,0,0.858014,4073.358225,11.39640288,11.24326993,10.25021241,7.292432475,11.02688793,8.634298168,2025-11-03 05:39:35.641484,1120.67,0,1,0,0,0.8580140449,0.8580140449,18.3918774,1.374559165,0,0.1743595866,1,5050,0.0,1.028638182,8.0,0.0,2,1,0.858014
200,1970-05-15,OH,681,714,3,1.0,10000,2494.21,0.2494,260865.9,6.0,3.0,1.0,1.0,0,0,0,100.0,58.0,290.5,290.5,254.0,152.56,38751.09,2022-03-07 17:35:00,13.0,1015,0.012807882,3300,Female,55,0,0.249421,1,0,2022-03-01,1,0.3333333333,2500.0,0.009561272669,0.249421,79.05027273,0.7558212121,3.03030303,1,1,0,1.0,0,663,254.0,290.5,11.74275455,1.386909091,0.0,0,0.249421,823.0893,9.210440367,7.822128173,12.47176559,5.675040006,10.56493997,8.101980732,2025-11-03 05:37:35.641484,290.5,0,1,0,0,0.249421,0.249421,0.0,1.319258697,0,0.1990472928,1,3300,0.2494,79.05027273,6.0,1.0,3,0,0.249421
201,1994-10-20,PA,745,641,4,1.0,30000,9018.72,0.3006,74614.81,13.0,3.0,0.0,1.0,1,374,0,161.0,98.8,425.61,425.61,246.0,105.64,25988.2,2023-05-02 13:12:00,7.0,1531,0.004572175,4500,Male,31,0,0.300624,1,0,2023-05-01,1,0.25,2500.0,0.1208703741,0.300624,16.58106889,2.00416,6.666666667,1,1,0,0.0,0,242,246.0,425.61,5.775155556,0.7042666667,0.0,0,0.300624,1352.808,10.30898599,9.10716857,11.22010769,6.055870247,10.16543635,8.412054873,2025-11-03 05:39:35.641484,425.61,0,1,0,0,0.300624,0.300624,0.0,1.325788857,0,0.2423862348,1,4500,0.3006,16.58106889,13.0,0.0,4,0,0.300624
202,1986-01-16,NC,486,674,4,0.0,12000,8348.46,0.6957,195801.69,10.0,3.0,0.0,2.5,0,0,0,163.0,73.8,226.16,226.16,255.0,162.9,41538.24,2022-05-29 11:38:00,20.0,1739,0.011500863,3300,Female,39,0,0.695705,1,0,2022-05-01,0,0.0,0.0,0.04263732351,0.695705,59.33384545,2.529836364,3.636363636,1,1,0,0.0,0,580,255.0,226.16,12.58734545,1.480909091,0.0,0,0.695705,2295.8265,9.392745259,9.029952145,12.18486275,5.425654615,10.6343938,8.101980732,2025-11-03 05:38:35.641484,226.16,0,1,0,0,0.695705,0.695705,0.0,1.291050099,0,0.1687566938,1,3300,0.6957,59.33384545,10.0,0.0,4,0,0.695705
203,1976-08-07,VA,646,793,2,0.0,5000,2677.99,0.5356,4917.95,9.0,3.0,0.0,0.0,0,0,0,68.0,57.5,115.83,115.83,251.0,154.85,38868.21,2023-05-02 12:45:00,0.0,1564,0.0,3800,Male,49,0,0.535598,0,1,2023-05-01,0,0.0,0.0,0.4889038178,0.535598,1.294197368,0.7047342105,1.315789474,1,1,0,0.0,0,242,251.0,115.83,10.22847632,1.2225,0.535598,0,0.535598,2035.2724,8.517393171,7.893195137,8.500850372,4.760719887,10.5679577,8.243019469,2025-11-03 05:37:35.641484,115.83,0,1,0,0,0.535598,0.535598,20.3918774,1.231339715,0,0.2047499744,1,3800,0.5356,1.294197368,9.0,0.0,2,1,0.535598
204,1981-06-09,WI,575,601,4,0.0,5000,1673.22,0.3346,176268.9,11.0,2.0,1.0,2.0,0,0,0,173.0,114.0,147.81,147.81,198.0,196.61,38927.93,2023-12-27 16:40:00,0.0,1383,0.0,2600,Male,44,0,0.334644,0,0,2023-12-01,0,0.0,0.0,0.009492428897,0.334644,67.79573077,0.6435461538,1.923076923,1,1,0,0.0,0,3,198.0,147.81,14.97228077,2.268576923,0.0,0,0.334644,870.0744,8.517393171,7.423102664,12.07977162,5.002670324,10.56949295,7.863651265,2025-11-03 05:36:35.641484,147.81,0,1,0,0,0.334644,0.334644,0.0,1.099629217,0,0.1242934548,1,2600,0.3346,67.79573077,11.0,1.0,4,0,0.334644
205,1982-09-01,TN,721,667,2,1.0,1000,420.84,0.0,7402.34,8.0,3.0,1.0,0.0,0,0,1,188.0,116.5,1120.67,1120.67,236.0,122.49,28906.97,2023-05-17 07:30:00,19.0,846,0.01942862,2600,Male,43,0,0.42084,1,1,2023-05-01,1,0.5,1000.0,0.05685229265,0.42084,2.847053846,0.1618615385,0.3846153846,1,1,0,1.0,0,228,236.0,1120.67,11.11806538,1.413346154,0.42084,1,0.42084,1094.184,6.908754779,6.044626095,8.909686529,7.812964841,10.27187261,7.863651265,2025-11-03 05:36:35.641484,1120.67,0,1,0,0,0.42084,0.42084,21.3918774,1.305207197,0,0.1876830762,0,2600,0.0,2.847053846,8.0,1.0,2,1,0.42084
206,1977-02-08,MI,735,587,4,0.0,1000,482.51,0.0,580170.71,10.0,3.0,1.0,0.0,0,0,0,143.0,92.0,200.02,200.02,241.0,108.05,26040.64,2023-05-02 23:44:00,0.0,948,0.0,3400,Male,48,0,0.48251,0,0,2023-05-01,1,0.0,0.0,0.00083166901,0.48251,170.6384441,0.1419147059,0.2941176471,1,1,0,0.0,0,242,241.0,200.02,7.659011765,0.9533823529,0.0,0,0.48251,1640.534,6.908754779,6.181071997,13.27107939,5.303404406,10.16745207,8.131824785,2025-11-03 05:37:35.641484,200.02,0,1,0,0,0.48251,0.48251,0.0,1.285931527,0,0.2694994551,1,3400,0.0,170.6384441,10.0,1.0,4,0,0.48251
207,1996-09-25,OH,670,685,4,1.0,1000,271.51,0.0,277454.36,18.5,3.0,1.0,1.0,0,0,0,179.0,108.0,1120.67,1120.67,223.0,129.57,28893.98,2022-02-03 15:05:00,8.0,1246,0.006420546,2600,Female,29,0,0.27151,1,0,2022-02-01,1,0.25,1000.0,0.0009785753592,0.27151,106.7132154,0.1044269231,0.3846153846,1,1,0,1.0,0,695,223.0,1120.67,11.11306923,1.495038462,0.0,0,0.27151,705.926,6.908754779,5.607675311,12.53341533,7.546889681,10.27142316,7.863651265,2025-11-03 05:37:35.641484,1120.67,0,1,0,0,0.27151,0.27151,0.0,1.29534138,0,0.2205567463,1,2600,0.0,106.7132154,18.5,1.0,4,0,0.27151
208,1995-11-23,CO,710,772,4,1.0,2000,1278.82,0.6394,13823.57,16.0,3.0,2.0,0.0,0,0,0,156.0,64.2,265.58,265.58,255.0,160.89,41027.43,2022-02-19 06:09:00,17.0,1548,0.010981912,3200,Male,29,0,0.63941,1,0,2022-02-01,1,0.25,2000.0,0.09251011135,0.63941,4.319865625,0.39963125,0.625,1,1,0,2.0,0,680,255.0,265.58,12.82107188,1.50834375,0.0,0,0.63941,2046.112,7.601402335,7.154474722,9.534202723,5.585674386,10.62202052,8.07121854,2025-11-03 05:38:35.641484,265.58,0,1,0,0,0.63941,0.63941,0.0,1.307955486,0,0.2128492834,1,3200,0.6394,4.319865625,16.0,2.0,4,0,0.63941
209,1993-01-03,GA,774,531,2,1.0,2000,1880.55,0.9403,12369.95,4.0,3.0,2.0,1.0,0,0,0,119.0,117.0,105.68,105.68,253.0,89.77,22712.62,2023-10-09 01:27:00,0.0,1136,0.0,3800,Male,32,0,0.940275,0,1,2023-10-01,1,0.5,2000.0,0.1520256751,0.940275,3.25525,0.4948815789,0.5263157895,1,1,0,2.0,0,83,253.0,105.68,5.977005263,0.7087105263,0.5846375,2,0.940275,3573.045,7.601402335,7.539851184,9.423106261,4.669833699,10.03072002,8.243019469,2025-11-03 05:39:35.641484,105.68,0,1,0,0,0.940275,0.940275,18.3918774,1.106296885,0,0.1804481839,1,3800,0.9403,3.25525,4.0,2.0,2,1,0.940275
21,1975-09-24,OH,629,534,4,1.0,30000,19641.81,0.6547,82184.35,9.0,3.0,1.0,2.0,0,0,0,178.0,105.5,40.08,40.08,268.0,236.44625,53705.59,2023-12-18 00:13:00,0.0,1780,0.0,5050,Male,50,15,0.654727,0,0,2023-12-01,0,0.25,2500.0,0.2389969623,0.654727,3.604576754,0.8614828947,1.315789474,1,1,0,1.0,1,13,268.0,40.08,18.8428536,2.50213838,0.0,0,0.654727,4073.358225,10.30898599,9.885466647,11.31673234,3.715521385,11.02688793,8.634298168,2025-11-03 05:37:35.641484,40.08,0,1,0,0,0.654727,0.654727,0.0,1.142793486,0,0.259980194,1,5050,0.6547,3.604576754,9.0,1.0,4,0,0.654727
210,1979-07-23,OH,600,675,2,2.0,10000,8518.89,0.8519,24987.42,7.0,3.0,0.0,1.0,0,0,0,164.0,132.0,18.96,18.96,248.0,148.87,36920.02,2023-11-28 14:29:00,22.5,1207,0.01942862,3400,Female,46,0,0.851889,1,1,2023-11-01,0,0.8333333333,2500.0,0.3409271545,0.851889,7.349241176,2.505555882,2.941176471,1,1,0,0.0,0,32,248.0,18.96,10.85882941,1.313558824,0.5846375,0,0.851889,2896.4226,9.210440367,9.050158709,10.1261678,2.993730271,10.51653632,8.131824785,2025-11-03 05:38:35.641484,18.96,0,1,0,0,0.851889,0.851889,19.3918774,1.11986588,0,0.3152260959,1,3400,0.8519,7.349241176,7.0,0.0,2,1,0.851889
211,1984-11-19,VA,554,722,2,0.0,5000,564.91,0.113,20323.47,4.0,3.0,0.0,0.0,0,0,1,33.5,14.0,241.12,241.12,247.0,164.57,40648.14,2022-05-05 21:03:00,10.0,1141,0.008764242,2100,Male,40,0,0.112982,1,1,2022-05-01,0,0.0,0.0,0.02779594233,0.112982,9.677842857,0.2690047619,2.380952381,1,1,0,0.0,0,604,247.0,241.12,18.8428536,2.351,0.112982,0,0.0,237.2622,8.517393171,6.338435055,9.919580858,5.489433471,10.61273296,7.650168701,2025-11-03 05:39:35.641484,241.12,0,1,0,0,0.112982,0.112982,18.3918774,1.306949559,0,0.1802574739,1,2100,0.113,9.677842857,4.0,0.0,2,1,0.112982
212,1995-09-17,VA,570,735,4,0.0,2000,419.48,0.2097,25160.5,8.0,2.0,2.0,1.0,0,0,0,141.0,119.8,1120.67,1120.67,236.0,109.78,25908.27,2022-01-20 03:49:00,0.0,1007,0.0,3200,Female,30,0,0.20974,0,0,2022-01-01,0,0.0,0.0,0.0166721647,0.20974,7.86265625,0.1310875,0.625,1,1,0,0.0,0,710,236.0,1120.67,8.096334375,1.0291875,0.0,0,0.20974,671.168,7.601402335,6.041396916,10.13307033,7.882209253,10.1623561,8.07121854,2025-11-03 05:39:35.641484,1120.67,0,1,0,0,0.20974,0.20974,0.0,1.270753346,0,0.1841986088,0,3200,0.2097,7.86265625,8.0,2.0,4,0,0.20974
213,1992-12-18,NC,744,729,3,0.0,1000,260.21,0.0,372096.41,11.0,3.0,2.0,1.0,0,0,0,187.0,78.0,488.7,488.7,224.0,106.36,23825.56,2022-01-04 16:11:00,10.0,1925,0.005194805,3200,Female,32,0,0.26021,1,0,2022-01-01,1,0.0,0.0,0.00069930801,0.26021,116.2801281,0.081315625,0.3125,1,1,0,0.0,0,725,224.0,488.7,7.4454875,0.997125,0.0,0,0.26021,832.672,6.908754779,5.565324682,12.82691095,6.193792959,10.0785562,8.07121854,2025-11-03 05:39:35.641484,488.7,0,1,0,0,0.26021,0.26021,0.0,1.367949053,0,0.191859717,0,3200,0.0,116.2801281,11.0,2.0,3,0,0.26021
214,1987-12-15,NJ,608,683,2,0.0,22000,11386.34,0.5176,11386.34,8.0,3.0,0.0,1.0,0,0,0,169.0,155.0,98.1,98.1,249.0,149.01,37102.77,2023-07-22 16:09:00,0.0,2134,0.0,3700,Male,37,0,0.517560909,0,1,2023-07-01,0,0.0,0.0,0.4889038178,0.517560909,3.077389189,3.077389189,5.945945946,1,1,0,0.0,0,161,249.0,98.1,10.02777568,1.208189189,0.517560909,0,0.517560909,1914.975363,9.998843186,9.340257491,9.340257491,4.596129441,10.52147386,8.216358332,2025-11-03 05:36:35.641484,98.1,0,1,0,0,0.5175609091,0.5175609091,21.3918774,1.219264099,0,0.2223416617,1,3700,0.5176,3.077389189,8.0,0.0,2,1,0.517560909
215,1984-05-08,FL,563,590,3,0.0,1000,430.61,0.4306,158963.12,9.0,3.0,0.0,0.0,0,0,0,189.0,169.0,764.15,764.15,210.0,139.41,29276.89,2022-02-22 00:21:00,0.0,974,0.0,2500,Female,41,0,0.43061,0,0,2022-02-01,0,0.0,0.0,0.002708867315,0.43061,63.585248,0.172244,0.4,1,1,0,0.0,0,677,210.0,764.15,11.710756,1.67292,0.0,0,0.43061,1076.525,6.908754779,6.067522403,11.9764338,6.640071893,10.2845879,7.824445931,2025-11-03 05:36:35.641484,764.15,0,1,0,0,0.43061,0.43061,0.0,1.330257309,0,0.199702012,1,2500,0.4306,63.585248,9.0,0.0,3,0,0.43061
216,1977-06-04,IN,723,710,4,0.0,32000,9747.79,0.3046,248674.04,12.0,3.0,2.0,1.0,0,0,0,164.0,57.5,82.77,82.77,225.0,120.47,27105.66,2023-09-26 23:58:00,5.0,1419,0.003523608,2600,Female,48,0,0.304618438,1,0,2023-09-01,1,0.0,0.0,0.03919906557,0.304618438,95.64386154,3.74915,12.30769231,1,1,0,0.0,0,95,225.0,82.77,10.42525385,1.390038462,0.0,0,0.304618438,792.0079388,10.37352243,9.184898454,12.42390226,4.428074948,10.20753473,7.863651265,2025-11-03 05:39:35.641484,82.77,0,1,0,0,0.3046184375,0.3046184375,0.0,1.247453489,0,0.1532844962,1,2600,0.3046,95.64386154,12.0,2.0,4,0,0.304618438
217,1976-04-07,CO,613,664,4,0.0,22000,18805.42,0.8548,271228.88,11.0,3.0,0.0,0.0,1,626,0,176.0,114.2,193.57,193.57,238.0,171.63,40848.62,2022-12-18 17:13:00,0.0,921,0.0,2600,Female,49,0,0.854791818,0,0,2022-12-01,0,0.0,0.0,0.0693341358,0.854791818,104.3188,6.45558796,8.461538462,1,1,0,0.0,0,377,238.0,193.57,15.71100769,1.980346154,0.0,0,0.854791818,2222.458727,9.998843186,9.84195358,12.51072201,5.270791995,10.6176528,7.863651265,2025-11-03 05:36:35.641484,193.57,0,1,0,0,0.8547918182,0.8547918182,0.0,1.28707975,0,0.1596616759,1,2600,0.8548,104.3188,11.0,0.0,4,0,0.854791818
218,1982-12-19,TN,656,690,2,0.0,1000,566.15,0.0,262010.74,7.0,2.0,0.0,0.0,0,0,0,130.0,66.0,593.21,593.21,250.0,153.06,38264.63,2022-06-15 11:35:00,19.0,1278,0.01486698,3300,Male,42,0,0.56615,1,1,2022-06-01,0,0.0,0.0,0.002160789287,0.56615,79.39719394,0.1715606061,0.303030303,1,1,0,0.0,0,563,250.0,593.21,11.59534242,1.391454545,0.56615,0,0.56615,1868.295,6.908754779,6.340623819,12.47614459,6.387232792,10.55230738,8.101980732,2025-11-03 05:36:35.641484,593.21,0,1,0,0,0.56615,0.56615,21.3918774,1.377756722,0,0.1819061587,1,3300,0.0,79.39719394,7.0,0.0,2,1,0.56615
219,1983-02-27,AZ,659,775,2,0.0,0,0.0,0.0,16768.36,1.0,1.0,0.0,0.0,0,0,0,41.0,31.5,1120.67,1120.67,222.0,155.4,34498.71,2023-11-27 02:51:00,12.0,1327,0.009042954,3300,Female,42,0,0.49068525,1,1,2023-11-01,0,0.0,0.0,0.0,0.49068525,5.081321212,0.0,0.0,1,1,0,0.0,0,34,222.0,1120.67,10.45415455,1.412727273,0.0,0,0.477859,1590.507672,2.416580621,1.973596521,9.727308691,7.858200064,10.4487062,8.101980732,2025-11-03 05:38:35.641484,1120.67,0,1,0,0,0.0,0.0,19.3918774,1.325774264,0,0.1403134007,1,3300,0.0,5.081321212,1.0,0.0,2,1,0.49068525
22,1975-08-13,NJ,564,551,3,0.0,15000,5948.61,0.3966,12423.88,7.0,2.0,1.0,2.0,1,2158,0,117.0,50.7,39.87,39.87,188.5,199.76,33759.03,2022-12-19 14:49:00,10.0,1163,0.008598452,2080,Male,50,4,0.396574,1,0,2022-12-01,0,0.0,0.0,0.4788045281,0.396574,5.973019231,2.859908654,7.211538462,1,1,0,0.0,1,376,188.5,39.87,16.23030288,2.50213838,0.0,0,0.396574,824.87392,9.615872145,8.69108095,9.427456193,3.710396298,10.42703284,7.640603826,2025-11-03 05:39:35.641484,39.87,0,1,0,0,0.396574,0.396574,0.0,0.7599825476,0,0.1615075623,1,2080,0.3966,5.973019231,7.0,1.0,3,0,0.396574
220,1983-04-12,WA,625,646,3,0.0,1000,781.69,0.0,326042.4,10.0,2.0,0.0,2.0,0,0,0,186.0,105.3,484.35,484.35,212.0,140.01,29682.61,2022-04-29 11:06:00,18.0,391,0.01942862,3500,Male,42,0,0.78169,1,0,2022-04-01,0,0.0,0.0,0.002397510262,0.78169,93.15497143,0.22334,0.2857142857,1,1,0,0.0,0,611,212.0,484.35,8.480745714,1.200085714,0.0,0,0.78169,2735.915,6.908754779,6.662736704,12.69478578,6.18487028,10.29835032,8.160803921,2025-11-03 05:37:35.641484,484.35,0,1,0,0,0.78169,0.78169,0.0,1.368050807,0,0.1766732965,0,3500,0.0,93.15497143,10.0,0.0,3,0,0.78169
221,1984-01-23,IN,708,675,4,1.0,21000,2555.98,0.1217,462403.52,18.0,3.0,0.0,0.0,0,0,0,189.0,145.2,359.88,359.88,236.0,97.33,22969.95,2023-11-29 10:32:00,12.0,1859,0.006455083,3600,Female,41,0,0.121713333,1,0,2023-11-01,1,0.25,2500.0,0.00552759633,0.121713333,128.4454222,0.7099944444,5.833333333,1,1,0,0.0,0,32,236.0,359.88,6.380541667,0.8110833333,0.0,0,0.121713333,438.1679988,9.952325335,7.846582154,13.04419537,5.888545493,10.04198565,8.188966864,2025-11-03 05:36:35.641484,359.88,0,1,0,0,0.1217133333,0.1217133333,0.0,1.32520559,0,0.1058316284,1,3600,0.1217,128.4454222,18.0,0.0,4,0,0.121713333
222,1973-05-02,NY,717,565,4,1.0,1000,93.2,0.0932,153415.93,10.0,3.0,1.0,2.0,0,0,0,186.0,123.8,165.96,165.96,223.0,121.51,27097.55,2022-11-06 14:14:00,0.0,1367,0.0,4000,Female,52,0,0.0932,0,0,2022-11-01,1,0.25,1000.0,0.0006074988432,0.0932,38.3539825,0.0233,0.25,1,1,0,1.0,0,419,223.0,165.96,6.7743875,0.911325,0.0,0,0.0932,372.8,6.908754779,4.545420182,11.94091453,5.117754263,10.2072355,8.294299609,2025-11-03 05:38:35.641484,165.96,0,1,0,0,0.0932,0.0932,0.0,1.322992536,0,0.1206703019,1,4000,0.0932,38.3539825,10.0,1.0,4,0,0.0932
223,2000-05-23,IL,695,516,3,2.5,20000,17390.8,0.8695,44465.52,5.0,3.0,2.0,1.0,0,0,0,189.0,140.3,52.29,52.29,240.0,161.27,38704.36,2023-12-19 10:57:00,11.0,1987,0.005535984,3300,Male,25,0,0.86954,1,0,2023-12-01,1,0.8333333333,2500.0,0.3911075368,0.86954,13.4744,5.269939394,6.060606061,1,1,0,0.6666666667,0,12,240.0,52.29,11.72859394,1.466090909,0.0,0,0.86954,2869.482,9.903537551,9.76375411,10.70249183,3.975748696,10.56373337,8.101980732,2025-11-03 05:38:35.641484,52.29,0,1,0,0,0.86954,0.86954,0.0,1.177935538,0,0.2385942388,0,3300,0.8695,13.4744,5.0,2.0,3,0,0.86954
224,1996-02-28,CA,562,596,3,1.0,22000,20828.6,0.9468,28224.58,13.0,3.0,2.0,1.0,0,0,0,150.0,134.7,76.07,76.07,223.0,148.14,33035.9,2023-05-23 01:45:00,0.0,1565,0.0,2700,Female,29,0,0.946754545,0,0,2023-05-01,0,0.3333333333,2500.0,0.4889038178,0.946754545,10.45354815,6.45558796,8.148148148,1,1,0,2.0,0,222,223.0,76.07,12.23551852,1.646,0.0,0,0.946754545,2556.237272,9.998843186,9.944130331,10.24798394,4.3447141,10.4053804,7.901377354,2025-11-03 05:37:35.641484,76.07,0,1,0,0,0.9467545455,0.9467545455,0.0,1.219654988,0,0.20022545,0,2700,0.9468,10.45354815,13.0,2.0,3,0,0.946754545
225,2001-05-16,CO,642,616,4,1.0,1000,651.97,0.0,509307.73,8.0,3.0,0.0,2.5,0,0,0,169.0,102.0,161.17,161.17,235.0,127.53,29968.84,2022-06-02 03:16:00,0.0,783,0.0,2900,Male,24,0,0.65197,0,0,2022-06-01,0,0.25,1000.0,0.001280110161,0.65197,175.6233552,0.2248172414,0.3448275862,1,1,0,0.0,0,577,235.0,161.17,10.33408276,1.319275862,0.0,0,0.65197,1890.713,6.908754779,6.481531186,13.14080965,5.088645168,10.30794682,7.972810784,2025-11-03 05:38:35.641484,161.17,0,1,0,0,0.65197,0.65197,0.0,1.294228016,0,0.1991645871,1,2900,0.0,175.6233552,8.0,0.0,4,0,0.65197
226,1993-06-06,NY,618,665,2,1.0,12000,6421.33,0.5351,6421.33,4.0,2.0,2.0,1.0,0,0,0,72.0,54.0,692.42,692.42,223.0,123.17,27467.52,2023-12-03 12:40:00,0.0,1292,0.0,3200,Female,32,0,0.535110833,0,1,2023-12-01,0,0.5,2500.0,0.4889038178,0.535110833,2.006665625,2.006665625,3.75,1,1,0,2.0,0,27,223.0,692.42,8.5836,1.15471875,0.535110833,2,0.535110833,1712.354666,9.392745259,8.767536259,8.767536259,6.541635876,10.2207959,8.07121854,2025-11-03 05:39:35.641484,692.42,0,1,0,0,0.5351108333,0.5351108333,18.3918774,1.363520717,0,0.2136269701,1,3200,0.5351,2.006665625,4.0,2.0,2,1,0.535110833
227,1981-08-04,TX,691,574,3,0.0,1000,194.82,0.0,23697.97,12.0,3.0,1.0,1.0,0,0,0,185.0,133.0,85.14,85.14,202.0,136.46,27565.69,2022-05-07 14:54:00,10.0,1125,0.008888889,2600,Male,44,0,0.19482,1,0,2022-05-01,1,0.0,0.0,0.008220957323,0.19482,9.114603846,0.07493076923,0.3846153846,1,1,0,0.0,0,602,202.0,85.14,10.60218846,1.574538462,0.0,0,0.19482,506.532,6.908754779,5.27719587,10.07318687,4.45597388,10.22436344,7.863651265,2025-11-03 05:38:35.641484,85.14,0,1,0,0,0.19482,0.19482,0.0,1.19394803,0,0.1538972837,1,2600,0.0,9.114603846,12.0,1.0,3,0,0.19482
228,1990-08-03,MO,544,608,4,2.0,37000,19796.91,0.5351,19796.91,14.0,3.0,1.0,2.0,0,0,0,73.0,53.0,115.53,115.53,239.0,154.85,37009.21,2023-08-29 10:51:00,0.0,1779,0.0,2400,Female,35,0,0.535051622,0,0,2023-08-01,0,0.5,2500.0,0.4889038178,0.535051622,8.2487125,6.45558796,15.41666667,1,1,0,0.5,0,124,239.0,115.53,15.42050417,1.935625,0.0,0,0.535051622,1284.123893,10.51870022,9.893331656,9.893331656,4.758148751,10.5189491,7.783640596,2025-11-03 05:39:35.641484,115.53,0,1,0,0,0.5350516216,0.5350516216,0.0,1.245830676,0,0.1648812242,1,2400,0.5351,8.2487125,14.0,1.0,4,0,0.535051622
229,1968-03-05,MO,587,683,2,0.0,35000,14332.14,0.4095,14332.14,5.0,2.0,0.0,0.0,0,0,0,159.0,133.5,51.63,51.63,240.0,137.16,32917.86,2022-02-02 14:13:00,0.0,1298,0.0,3800,Male,57,0,0.409489714,0,1,2022-02-01,0,0.0,0.0,0.4889038178,0.409489714,3.771615789,3.771615789,9.210526316,1,1,0,0.0,0,696,240.0,51.63,8.662594737,1.082842105,0.409489714,0,0.409489714,1556.060913,10.46313191,9.570329618,9.570329618,3.963286299,10.40180102,8.243019469,2025-11-03 05:39:35.641484,51.63,0,1,0,0,0.4094897143,0.4094897143,18.3918774,1.179958821,0,0.2848984377,0,3800,0.4095,3.771615789,5.0,0.0,2,1,0.409489714
23,2000-04-22,NC,534,792,3,1.0,15000,5188.28,0.3459,44979.38,11.0,3.0,1.0,1.0,0,0,0,184.0,111.3,151.73,151.73,272.5,236.44625,53705.59,2022-06-02 21:27:00,0.0,1430,0.0,5050,Male,25,5,0.345885333,0,0,2022-06-01,0,0.3333333333,2500.0,0.1153479661,0.345885333,7.139584127,0.8235365079,2.380952381,1,1,0,1.0,1,576,272.5,151.73,18.8428536,2.50213838,0.0,0,0.345885333,2179.077598,9.615872145,8.554350238,10.71398167,5.028671657,11.02688793,8.634298168,2025-11-03 05:36:35.641484,151.73,0,1,0,0,0.3458853333,0.3458853333,0.0,1.225534034,0,0.1988610493,1,5050,0.3459,7.139584127,11.0,1.0,3,0,0.345885333
230,1984-02-08,FL,528,722,3,0.0,32000,12641.83,0.3951,20343.46,8.0,2.0,0.0,2.0,0,0,0,154.0,88.7,61.23,61.23,214.0,176.28,37724.01,2022-06-20 21:10:00,0.0,543,0.0,3100,Male,41,0,0.395057188,0,0,2022-06-01,0,0.0,0.0,0.4889038178,0.395057188,6.562406452,4.078009677,10.32258065,1,1,0,0.0,0,558,214.0,61.23,12.16903548,1.705935484,0.0,0,0.395057188,1224.677283,10.37352243,9.444845535,9.920563918,4.130837199,10.53807855,8.039479919,2025-11-03 05:39:35.641484,61.23,0,1,0,0,0.3950571875,0.3950571875,0.0,1.148843082,0,0.1507683127,0,3100,0.3951,6.562406452,8.0,0.0,3,0,0.395057188
231,2000-07-20,WI,493,748,4,2.0,32000,17782.09,0.5557,29163.37,13.0,3.0,0.0,0.0,1,475,0,152.0,99.5,603.67,603.67,207.0,163.64,33873.6,2023-10-27 02:16:00,0.0,779,0.0,2300,Male,25,0,0.555690313,0,0,2023-10-01,0,0.5,2500.0,0.4889038178,0.555690313,12.67972609,6.45558796,13.91304348,1,1,0,0.0,0,65,207.0,603.67,14.72765217,2.134434783,0.0,0,0.555690313,1278.08772,10.37352243,9.786003285,10.28070304,6.404682855,10.43042075,7.74109909,2025-11-03 05:38:35.641484,603.67,0,1,0,0,0.5556903125,0.5556903125,0.0,1.328751795,0,0.2297763071,0,2300,0.5557,12.67972609,13.0,0.0,4,0,0.555690313
232,1979-09-13,MA,533,796,3,0.0,1000,1000.0,0.0,272663.84,7.0,3.0,1.0,1.0,0,0,0,127.0,88.3,327.2,327.2,231.0,131.99,30489.84,2022-11-30 11:55:00,0.0,1244,0.0,2500,Female,46,0,1.0,0,0,2022-11-01,0,0.0,0.0,0.003667519683,1.0,109.065536,0.4,0.4,1,1,0,0.0,0,395,231.0,327.2,12.195936,1.58388,0.0,0,1.0,2500.0,6.908754779,6.908754779,12.51599863,5.793623179,10.32518159,7.824445931,2025-11-03 05:36:35.641484,327.2,0,1,0,0,1.0,1.0,0.0,1.36667987,0,0.2511167754,1,2500,0.0,109.065536,7.0,1.0,3,0,1.0
233,1993-05-28,MO,523,638,2,2.0,10000,4791.88,0.4792,7551.34,7.0,2.0,1.0,1.0,0,0,0,121.0,74.0,98.19,98.19,225.0,179.23,40325.78,2023-04-28 20:46:00,0.0,1552,0.0,3200,Male,32,0,0.479188,0,1,2023-04-01,0,0.8333333333,2500.0,0.4889038178,0.479188,2.35979375,1.4974625,3.125,1,1,0,0.5,0,246,225.0,98.19,12.60180625,1.68028125,0.479188,1,0.479188,1533.4016,9.210440367,8.474886762,8.929612728,4.597037203,10.60477104,8.07121854,2025-11-03 05:37:35.641484,98.19,0,1,0,0,0.479188,0.479188,20.3918774,1.209599969,0,0.2062567746,1,3200,0.4792,2.35979375,7.0,1.0,2,1,0.479188
234,1992-05-19,WI,606,706,2,0.0,6000,3340.11,0.5567,3340.11,9.0,3.0,0.0,0.0,0,0,0,184.0,156.0,18.03,18.03,248.0,105.33,26121.17,2023-04-16 04:58:00,8.0,1592,0.005025126,2900,Female,33,0,0.556685,1,1,2023-04-01,0,0.0,0.0,0.4889038178,0.556685,1.151762069,1.151762069,2.068965517,1,1,0,0.0,0,259,248.0,18.03,9.0073,1.08962069,0.556685,0,0.556685,1614.3865,8.699681401,8.114058366,8.114058366,2.946016681,10.17053966,7.972810784,2025-11-03 05:37:35.641484,18.03,0,1,0,0,0.556685,0.556685,20.3918774,1.051836943,0,0.2060893753,0,2900,0.5567,1.151762069,9.0,0.0,2,1,0.556685
235,1968-10-24,FL,547,494,2,0.0,20000,3063.89,0.1532,10543.6,9.0,3.0,0.0,0.0,0,0,0,157.0,123.5,128.19,128.19,230.0,158.76,36515.57,2022-01-20 05:18:00,5.0,1768,0.002828054,3600,Male,57,0,0.1531945,1,1,2022-01-01,0,0.0,0.0,0.2905923973,0.1531945,2.928777778,0.8510805556,5.555555556,1,1,0,0.0,0,710,230.0,128.19,10.14321389,1.323,0.1531945,0,0.1531945,551.5002,9.903537551,8.027766959,9.26336916,4.861284189,10.50552141,8.188966864,2025-11-03 05:39:35.641484,128.19,0,1,0,0,0.1531945,0.1531945,18.3918774,1.258859033,0,0.1635805463,1,3600,0.1532,2.928777778,9.0,0.0,2,1,0.1531945
236,1978-11-07,NJ,662,723,4,1.0,30000,18681.19,0.6227,580391.195,13.0,2.0,0.0,2.0,0,0,0,155.0,98.0,97.47,97.47,217.0,179.02,38848.41,2022-09-25 04:02:00,15.0,1231,0.012185215,3300,Female,46,0,0.622706333,1,0,2022-09-01,0,0.25,2500.0,0.03040560248,0.622706333,183.5765946,5.660966667,9.090909091,1,1,0,0.0,0,462,217.0,97.47,11.77224545,1.627454545,0.0,0,0.622706333,2054.930899,10.30898599,9.835325943,13.32840244,4.589751933,10.56744817,8.101980732,2025-11-03 05:39:35.641484,97.47,0,1,0,0,0.6227063333,0.6227063333,0.0,1.194502184,0,0.1091800831,1,3300,0.6227,183.5765946,13.0,0.0,4,0,0.622706333
237,1970-03-08,WA,756,760,3,1.0,1000,377.04,0.0,334837.75,11.0,2.0,0.0,1.0,0,0,0,179.0,103.7,537.07,537.07,228.0,96.09,21908.96,2022-06-27 00:57:00,12.0,1505,0.007973422,4000,Female,55,0,0.37704,1,0,2022-06-01,1,0.3333333333,1000.0,0.001126037909,0.37704,83.7094375,0.09426,0.25,1,1,0,0.0,0,552,228.0,537.07,5.47724,0.720675,0.0,0,0.37704,1508.16,6.908754779,5.93500001,12.72140435,6.287988663,9.994696607,8.294299609,2025-11-03 05:36:35.641484,537.07,0,1,0,0,0.37704,0.37704,0.0,1.332061814,0,0.2328500857,1,4000,0.0,83.7094375,11.0,0.0,3,0,0.37704
238,2000-02-06,CA,549,782,4,2.0,10000,9282.22,0.9282,185755.51,15.0,3.0,1.0,1.0,0,0,0,118.0,70.5,791.56,791.56,237.0,194.09,45999.85,2023-04-28 05:14:00,10.0,904,0.011061947,2500,Female,25,0,0.928222,1,0,2023-04-01,0,0.5,2500.0,0.04997009241,0.928222,74.302204,3.712888,4.0,1,1,0,0.5,0,247,237.0,791.56,18.39994,2.32908,0.0,0,0.928222,2320.555,9.210440367,9.135963748,12.13219201,6.675268213,10.73641515,7.824445931,2025-11-03 05:38:35.641484,791.56,0,1,0,0,0.928222,0.928222,0.0,1.378225094,0,0.1716832611,1,2500,0.9282,74.302204,15.0,1.0,4,0,0.928222
239,1991-08-23,WI,768,748,3,1.0,1000,305.72,0.0,502663.85,8.0,3.0,1.0,0.0,0,0,0,150.0,116.7,87.06,87.06,253.0,127.82,32339.56,2022-03-02 02:48:00,0.0,700,0.0,4000,Male,34,0,0.30572,0,0,2022-03-01,1,0.3333333333,1000.0,0.0006081996945,0.30572,125.6659625,0.07643,0.25,1,1,0,1.0,0,669,253.0,87.06,8.08489,0.95865,0.0,0,0.30572,1222.88,6.908754779,5.725935279,13.12767892,4.4780184,10.38407745,8.294299609,2025-11-03 05:36:35.641484,87.06,0,1,0,0,0.30572,0.30572,0.0,1.190273353,0,0.2296694714,0,4000,0.0,125.6659625,8.0,1.0,3,0,0.30572
24,1968-04-27,NY,576,681,4,1.0,3000,485.64,0.1619,174161.81,11.0,3.0,2.0,0.0,0,0,0,126.0,79.8,17.05,17.05,192.0,50.87625,12033.11,2022-02-17 17:29:00,4.0,1329,0.003009782,3700,Female,57,1,0.16188,1,0,2022-02-01,0,0.25,2500.0,0.002788441393,0.16188,47.07075946,0.1312540541,0.8108108108,1,1,0,2.0,0,681,192.0,17.05,2.144445946,0.3351081081,0.0,0,0.16188,598.956,8.006700845,6.18752463,12.06774583,2.893145685,9.748329953,8.216358332,2025-11-03 05:38:35.641484,17.05,0,1,0,0,0.16188,0.16188,0.0,0.4586822961,0,0.1876852636,1,3700,0.1619,47.07075946,11.0,2.0,4,0,0.16188
240,1995-05-02,OH,657,756,2,0.0,5000,1108.89,0.2218,10766.94,8.0,3.0,0.0,2.0,1,1249,0,66.0,63.0,741.27,741.27,233.0,138.26,32213.74,2023-08-25 23:11:00,12.0,694,0.017291066,2700,Female,30,0,0.221778,1,1,2023-08-01,0,0.0,0.0,0.1029902646,0.221778,3.987755556,0.4107,1.851851852,1,1,0,0.0,0,127,233.0,741.27,11.93101481,1.536222222,0.221778,0,0.221778,598.8006,8.517393171,7.01201619,9.28432848,6.609713058,10.38017939,7.901377354,2025-11-03 05:36:35.641484,741.27,0,1,0,0,0.221778,0.221778,21.3918774,1.377001774,0,0.1804268131,0,2700,0.2218,3.987755556,8.0,0.0,2,1,0.221778
241,1983-12-10,MA,525,637,3,0.0,1000,1000.0,0.0,434100.8,9.0,3.0,0.0,0.0,0,0,0,177.0,82.3,527.27,527.27,227.0,190.21,43176.77,2022-04-18 14:43:00,12.0,1258,0.009538951,2100,Male,41,0,1.0,1,0,2022-04-01,0,0.0,0.0,0.002303612433,1.0,183.5765946,0.4761904762,0.4761904762,1,1,0,0.0,0,621,227.0,527.27,18.8428536,2.50213838,0.0,0,1.0,2100.0,6.908754779,6.908754779,12.98103435,6.269607517,10.67308106,7.650168701,2025-11-03 05:38:35.641484,527.27,0,1,0,0,1.0,1.0,0.0,1.358069305,0,0.2430554198,0,2100,0.0,183.5765946,9.0,0.0,3,0,1.0
242,1969-11-08,NJ,691,559,3,0.0,1000,799.92,0.7999,438301.09,10.0,2.0,1.0,0.0,0,0,0,172.0,103.0,80.19,80.19,246.0,130.73,32160.77,2023-07-16 07:59:00,18.0,890,0.01942862,3800,Male,55,0,0.79992,1,0,2023-07-01,1,0.0,0.0,0.001825046796,0.79992,115.3423921,0.2105052632,0.2631578947,1,1,0,0.0,0,168,246.0,80.19,8.463360526,1.032078947,0.0,0,0.79992,3039.696,6.908754779,6.685761067,12.99066365,4.396792087,10.37853376,8.243019469,2025-11-03 05:39:35.641484,80.19,0,1,0,0,0.79992,0.79992,0.0,1.20144491,0,0.225873847,0,3800,0.7999,115.3423921,10.0,1.0,3,0,0.79992
243,2002-11-26,AZ,485,747,2,0.0,20000,4318.55,0.2159,26778.11,5.0,3.0,0.0,0.0,0,0,0,175.0,168.5,14.92,14.92,203.0,209.97,42624.74,2022-03-14 16:28:00,11.0,813,0.013530135,3100,Male,22,0,0.2159275,1,1,2022-03-01,0,0.0,0.0,0.1612716506,0.2159275,8.6381,1.393080645,6.451612903,1,1,0,0.0,0,656,203.0,14.92,13.74991613,2.031967742,0.2159275,0,0.2159275,669.37525,9.903537551,8.370906509,10.19537738,2.76757618,10.66021358,8.039479919,2025-11-03 05:37:35.641484,14.92,0,1,0,0,0.2159275,0.2159275,20.3918774,0.9643391085,0,0.1936927189,1,3100,0.2159,8.6381,5.0,0.0,2,1,0.2159275
244,1992-02-18,OH,656,720,3,0.0,15000,13606.33,0.9071,144567.91,6.0,3.0,0.0,2.0,0,0,0,116.0,75.3,196.46,196.46,219.0,143.7,31471.07,2023-07-21 07:14:00,0.0,1335,0.0,2600,Female,33,0,0.907088667,0,0,2023-07-01,0,0.0,0.0,0.09411722145,0.907088667,55.60304231,5.233203846,5.769230769,1,1,0,0.0,0,163,219.0,196.46,12.10425769,1.658076923,0.0,0,0.907088667,2358.430534,9.615872145,9.518363897,11.88151156,5.285536032,10.35685576,7.863651265,2025-11-03 05:36:35.641484,196.46,0,1,0,0,0.9070886667,0.9070886667,0.0,1.319542744,0,0.1915391105,1,2600,0.9071,55.60304231,6.0,0.0,3,0,0.907088667
245,1974-05-27,IL,731,633,4,1.0,1000,560.08,0.0,171641.71,10.0,2.0,2.0,0.0,0,0,0,179.0,68.8,424.43,424.43,231.0,157.68,36424.09,2023-08-27 13:49:00,7.0,1554,0.004504505,3200,Male,51,0,0.56008,1,0,2023-08-01,1,0.25,1000.0,0.003263076323,0.56008,53.63803438,0.175025,0.3125,1,1,0,2.0,0,125,231.0,424.43,11.38252813,1.47825,0.0,0,0.56008,1792.256,6.908754779,6.329863498,12.05317033,6.053100422,10.5030131,8.07121854,2025-11-03 05:39:35.641484,424.43,0,1,0,0,0.56008,0.56008,0.0,1.37199823,0,0.2019182462,0,3200,0.0,53.63803438,10.0,2.0,4,0,0.56008
246,1969-01-06,GA,700,785,2,0.0,1000,409.27,0.0,410029.49,3.0,3.0,0.0,0.0,0,0,0,158.0,142.5,505.33,505.33,241.0,159.25,38379.46,2022-07-20 06:02:00,0.0,1297,0.0,3200,Female,56,0,0.40927,0,1,2022-07-01,1,0.0,0.0,0.0009981477186,0.40927,128.1342156,0.127896875,0.3125,1,1,0,0.0,0,529,241.0,505.33,11.99358125,1.49296875,0.40927,0,0.40927,1309.664,6.908754779,6.01681548,12.9239868,6.227188631,10.55530375,8.07121854,2025-11-03 05:37:35.641484,505.33,0,1,0,0,0.40927,0.40927,20.3918774,1.377428723,0,0.2577244713,0,3200,0.0,128.1342156,3.0,0.0,2,1,0.40927
247,2001-05-15,FL,483,576,4,1.0,2000,1761.68,0.8808,92967.06,11.0,3.0,0.0,1.0,0,0,0,155.0,128.0,1120.67,1120.67,224.0,160.49,35950.58,2023-08-29 11:52:00,0.0,1596,0.0,2400,Female,24,0,0.88084,0,0,2023-08-01,0,0.25,2000.0,0.01894950749,0.88084,38.736275,0.7340333333,0.8333333333,1,1,0,0.0,0,123,224.0,1120.67,14.97940833,2.006125,0.0,0,0.88084,2114.016,7.601402335,7.474590657,11.44001127,7.403846888,10.48992831,7.783640596,2025-11-03 05:39:35.641484,1120.67,0,1,0,0,0.88084,0.88084,0.0,1.33464803,0,0.1883877423,0,2400,0.8808,38.736275,11.0,0.0,4,0,0.88084
248,1994-12-10,PA,767,682,4,0.0,6000,2220.15,0.37,238015.12,15.0,3.0,2.0,1.0,0,0,0,173.0,95.0,122.58,122.58,236.0,106.39,25108.32,2022-09-24 02:19:00,0.0,1182,0.0,3800,Female,30,0,0.370025,0,0,2022-09-01,1,0.0,0.0,0.009327768757,0.370025,62.63555789,0.58425,1.578947368,1,1,0,0.0,0,463,236.0,122.58,6.607452632,0.8399210526,0.0,0,0.370025,1406.095,8.699681401,7.705780359,12.38009368,4.81688872,10.13099437,8.243019469,2025-11-03 05:38:35.641484,122.58,0,1,0,0,0.370025,0.370025,0.0,1.248228827,0,0.1756517429,1,3800,0.37,62.63555789,15.0,2.0,4,0,0.370025
249,1982-09-18,CO,563,673,2,0.0,35000,18085.29,0.5167,18085.29,3.0,3.0,2.0,1.0,0,0,0,118.0,93.0,274.06,274.06,211.0,126.28,26644.29,2022-01-14 14:24:00,8.0,995,0.008040201,2800,Male,43,0,0.516722571,1,1,2022-01-01,0,0.0,0.0,0.4889038178,0.516722571,6.459032143,6.45558796,12.5,1,1,0,0.0,0,715,211.0,274.06,9.515817857,1.353,0.516722571,2,0.516722571,1446.823199,10.46313191,9.802909472,9.802909472,5.616989256,10.19036768,7.937731775,2025-11-03 05:37:35.641484,274.06,0,1,0,0,0.5167225714,0.5167225714,20.3918774,1.364430283,0,0.1804702031,1,2800,0.5167,6.459032143,3.0,2.0,2,1,0.516722571
25,1985-07-09,TX,714,653,4,0.0,10000,4211.05,0.4211,347315.6,14.0,3.0,1.0,2.0,0,0,0,175.0,116.0,108.3,108.3,195.0,78.26,15259.74,2023-09-06 18:03:00,0.0,1647,0.0,4000,Female,40,4,0.421105,0,0,2023-09-01,1,0.0,0.0,0.01212456337,0.421105,86.8289,1.0527625,2.5,1,1,0,0.0,1,115,195.0,108.3,3.814935,0.58695,0.0,0,0.421105,1684.42,9.210440367,8.345704744,12.75799203,4.694096395,9.748329953,8.294299609,2025-11-03 05:39:35.641484,108.3,0,1,0,0,0.421105,0.421105,0.0,1.346123474,0,0.1977129466,0,4000,0.4211,86.8289,14.0,1.0,4,0,0.421105
250,1993-02-20,NY,614,696,2,0.0,1000,525.82,0.0,21170.97,3.0,3.0,0.0,0.0,0,0,0,150.0,88.0,344.11,344.11,230.0,107.59,24746.63,2022-08-30 13:06:00,12.0,886,0.013544018,3100,Female,32,0,0.52582,1,1,2022-08-01,0,0.0,0.0,0.02483684026,0.52582,6.829345161,0.1696193548,0.3225806452,1,1,0,0.0,0,487,230.0,344.11,7.982783871,1.041193548,0.52582,0,0.52582,1630.042,6.908754779,6.266858934,9.960433416,5.843863207,10.11648501,8.039479919,2025-11-03 05:37:35.641484,344.11,0,1,0,0,0.52582,0.52582,20.3918774,1.361012358,0,0.2261491544,1,3100,0.0,6.829345161,3.0,0.0,2,1,0.52582
251,1992-12-11,WI,744,625,2,1.0,1000,136.12,0.1361,14021.65,4.0,2.0,0.0,0.0,0,0,0,152.0,85.0,83.0,83.0,205.0,111.02,22760.01,2022-07-17 11:19:00,14.0,1745,0.008022923,4100,Male,32,0,0.13612,1,1,2022-07-01,1,0.5,1000.0,0.009707844655,0.13612,3.419914634,0.0332,0.243902439,1,1,0,0.0,0,532,205.0,83.0,5.551221951,0.8123414634,0.13612,0,0.13612,558.092,6.908754779,4.920856455,9.548429158,4.430816799,10.03280426,8.318986125,2025-11-03 05:36:35.641484,83.0,0,1,0,0,0.13612,0.13612,21.3918774,1.27112253,0,0.1906597618,0,4100,0.1361,3.419914634,4.0,0.0,2,1,0.13612
252,1981-01-03,OH,691,515,2,1.0,20000,13166.53,0.6583,14475.7,5.0,2.0,0.0,0.0,0,0,0,122.0,78.5,1120.67,1120.67,217.0,146.28,31742.86,2023-06-04 08:37:00,8.0,723,0.011065007,3800,Female,44,0,0.6583265,1,1,2023-06-01,1,0.5,2500.0,0.4889038178,0.6583265,3.809394737,3.464876316,5.263157895,1,1,0,0.0,0,210,217.0,1120.67,8.353384211,1.154842105,0.5846375,0,0.6583265,2501.6407,9.903537551,9.48550923,9.580295739,7.623725032,10.3654546,8.243019469,2025-11-03 05:38:35.641484,1120.67,0,1,0,0,0.6583265,0.6583265,19.3918774,1.301203783,0,0.1921943452,1,3800,0.6583,3.809394737,5.0,0.0,2,1,0.6583265
253,2001-10-01,NJ,549,536,2,0.0,1000,239.71,0.2397,18413.03,10.0,3.0,2.0,0.0,0,0,0,180.0,117.5,93.86,93.86,233.0,146.71,34184.38,2022-08-16 21:53:00,9.0,809,0.011124845,2900,Male,24,0,0.23971,1,1,2022-08-01,0,0.0,0.0,0.01301849831,0.23971,6.34932069,0.08265862069,0.3448275862,1,1,0,0.0,0,501,233.0,93.86,11.78771724,1.517689655,0.23971,2,0.23971,695.159,6.908754779,5.483592889,9.820868153,4.55240212,10.43955335,7.972810784,2025-11-03 05:38:35.641484,93.86,0,1,0,0,0.23971,0.23971,19.3918774,1.236293734,0,0.1874959612,1,2900,0.2397,6.34932069,10.0,2.0,2,1,0.23971
254,2001-01-25,WA,796,619,4,0.0,25000,10605.69,0.4242,10605.69,12.0,3.0,0.0,1.0,0,0,0,186.0,76.5,265.62,265.62,232.0,101.47,23540.71,2022-01-21 20:01:00,5.0,925,0.005405405,3200,Female,24,0,0.4242276,1,0,2022-01-01,1,0.0,0.0,0.4889038178,0.4242276,3.314278125,3.314278125,7.8125,1,1,0,0.0,0,708,232.0,265.62,7.356471875,0.95128125,0.0,0,0.4242276,1357.52832,10.1266711,9.269240213,9.269240213,5.585824424,10.06652902,8.07121854,2025-11-03 05:37:35.641484,265.62,0,1,0,0,0.4242276,0.4242276,0.0,1.331191531,0,0.1369339771,1,3200,0.4242,3.314278125,12.0,0.0,4,0,0.4242276
255,1995-09-21,MA,576,489,4,1.0,1000,1000.0,0.0,43006.58,14.0,3.0,1.0,0.0,0,0,0,169.0,109.8,91.53,91.53,235.0,162.51,38190.05,2022-11-24 07:10:00,0.0,1237,0.0,2300,Male,30,0,1.0,0,0,2022-11-01,0,0.25,1000.0,0.02325225582,1.0,18.69851304,0.4347826087,0.4347826087,1,1,0,1.0,0,402,235.0,91.53,16.60436957,2.119695652,0.0,0,1.0,2300.0,6.908754779,6.908754779,10.66913166,4.527532916,10.55035647,7.74109909,2025-11-03 05:39:35.641484,91.53,0,1,0,0,1.0,1.0,0.0,1.222673182,0,0.2170432775,0,2300,0.0,18.69851304,14.0,1.0,4,0,1.0
256,1982-03-19,MI,505,575,3,0.0,2000,143.46,0.0717,2766.04,8.0,3.0,2.0,1.0,1,1540,0,162.0,87.0,742.48,742.48,225.0,146.61,32987.69,2023-06-13 16:07:00,9.0,417,0.01942862,3500,Female,43,0,0.07173,1,0,2023-06-01,0,0.0,0.0,0.05186475973,0.07173,0.7902971429,0.04098857143,0.5714285714,1,1,0,0.0,0,200,225.0,742.48,9.425054286,1.256657143,0.0,0,0.07173,251.055,7.601402335,4.973002653,7.925533436,6.611341866,10.40392005,8.160803921,2025-11-03 05:37:35.641484,742.48,0,1,0,0,0.07173,0.07173,0.0,1.374514547,0,0.2088414097,1,3500,0.0717,0.7902971429,8.0,2.0,3,0,0.07173
257,1996-02-16,VA,624,544,4,1.0,31000,16887.4,0.5448,333060.3,10.0,3.0,1.0,1.0,0,0,0,188.0,104.5,1120.67,1120.67,204.0,114.39,23335.19,2023-11-21 17:29:00,8.0,1254,0.006379585,3100,Female,29,0,0.544754839,1,0,2023-11-01,0,0.25,2500.0,0.05070373143,0.544754839,107.4388065,5.447548387,10.0,1,1,0,1.0,0,39,204.0,1120.67,7.527480645,1.107,0.0,0,0.544754839,1688.740001,10.34177474,9.734382275,12.71608184,7.723863179,10.05776065,8.039479919,2025-11-03 05:36:35.641484,1120.67,0,1,0,0,0.5447548387,0.5447548387,0.0,1.161034684,0,0.1733477158,1,3100,0.5448,107.4388065,10.0,1.0,4,0,0.544754839
258,1991-06-11,FL,484,526,4,1.0,2000,971.11,0.4856,161744.94,11.0,3.0,0.0,0.0,0,0,0,160.0,102.2,784.94,784.94,231.0,153.94,35559.25,2022-10-18 13:46:00,0.0,1229,0.0,3000,Female,34,0,0.485555,0,0,2022-10-01,0,0.25,2000.0,0.006003959073,0.485555,53.91498,0.3237033333,0.6666666667,1,1,0,0.0,0,438,231.0,784.94,11.85308333,1.5394,0.0,0,0.485555,1456.665,7.601402335,6.879468967,11.99378211,6.666880454,10.47898372,8.006700845,2025-11-03 05:39:35.641484,784.94,0,1,0,0,0.485555,0.485555,0.0,1.378973257,0,0.1937692548,1,3000,0.4856,53.91498,11.0,0.0,4,0,0.485555
259,1975-06-14,CO,487,591,3,1.0,11000,8447.43,0.7679,52691.84,7.0,3.0,0.0,0.0,0,0,0,188.0,149.7,125.32,125.32,226.0,167.05,37754.24,2022-03-31 05:31:00,7.0,1665,0.004204204,3100,Male,50,0,0.767948182,1,0,2022-03-01,0,0.3333333333,2500.0,0.1603176127,0.767948182,16.99736774,2.724977419,3.548387097,1,1,0,0.0,0,640,226.0,125.32,12.1787871,1.616612903,0.0,0,0.767948182,2380.639364,9.305741457,9.041735904,10.87223486,4.83881837,10.53887955,8.039479919,2025-11-03 05:38:35.641484,125.32,0,1,0,0,0.7679481818,0.7679481818,0.0,1.247417414,0,0.2584570334,1,3100,0.7679,16.99736774,7.0,0.0,3,0,0.767948182
26,1978-10-23,NC,692,781,4,1.0,20000,12285.0,0.6142,332000.46,12.0,3.0,1.0,0.0,0,0,0,147.0,112.0,366.56,366.56,194.0,153.26,29731.97,2022-01-01 07:28:00,0.0,1151,0.0,1670,Female,47,3,0.61425,0,0,2022-01-01,1,0.25,2500.0,0.03700296078,0.61425,183.5765946,6.45558796,11.9760479,1,1,0,1.0,1,729,194.0,366.56,17.80357485,2.50213838,0.0,0,0.61425,1025.7975,9.903537551,9.416215682,12.71289465,5.906886571,10.30001181,7.51979194,2025-11-03 05:38:35.641484,366.56,0,1,0,0,0.61425,0.61425,0.0,1.216085049,0,0.1842594769,1,1670,0.6142,183.5765946,12.0,1.0,4,0,0.61425
260,1983-11-13,IN,695,735,3,0.0,10000,4753.35,0.4753,153236.03,11.0,3.0,0.0,0.0,0,0,0,178.0,148.7,998.0,998.0,221.0,144.8,32000.21,2022-07-11 12:24:00,0.0,1194,0.0,3100,Male,41,0,0.475335,0,0,2022-07-01,1,0.0,0.0,0.03101979345,0.475335,49.43097742,1.53333871,3.225806452,1,1,0,0.0,0,537,221.0,998.0,10.32264839,1.401290323,0.0,0,0.475335,1473.5385,9.210440367,8.466815267,11.93974122,6.906754779,10.37352899,8.039479919,2025-11-03 05:36:35.641484,998.0,0,1,0,0,0.475335,0.475335,0.0,1.332810957,0,0.2255506318,1,3100,0.4753,49.43097742,11.0,0.0,3,0,0.475335
261,1967-08-03,NC,717,649,3,0.0,20000,17507.01,0.8754,314976.78,14.0,3.0,1.0,0.0,0,0,0,161.0,92.7,81.6,81.6,225.0,236.44625,53365.31,2023-04-01 05:40:00,0.0,1982,0.0,3900,Female,58,0,0.8753505,0,0,2023-04-01,1,0.0,0.0,0.0555819067,0.8753505,80.76327692,4.488976923,5.128205128,1,1,0,0.0,0,274,225.0,81.6,13.68341282,1.824461538,0.0,0,0.8753505,3413.86695,9.903537551,9.770413769,12.66025738,4.414009681,10.88493493,8.26898821,2025-11-03 05:39:35.641484,81.6,0,1,0,0,0.8753505,0.8753505,0.0,1.134410596,0,0.2006193683,1,3900,0.8754,80.76327692,14.0,1.0,3,0,0.8753505
262,1981-06-04,PA,554,616,4,1.0,10000,5550.18,0.555,29896.51,7.0,3.0,1.0,1.0,0,0,0,181.0,113.2,103.34,103.34,233.0,123.58,28794.79,2023-04-08 10:21:00,0.0,817,0.0,3200,Male,44,0,0.555018,0,0,2023-04-01,0,0.25,2500.0,0.1856464183,0.555018,9.342659375,1.73443125,3.125,1,1,0,1.0,0,267,233.0,103.34,8.998371875,1.1585625,0.0,0,0.555018,1776.0576,9.210440367,8.621765797,10.30553048,4.647654798,10.26798447,8.07121854,2025-11-03 05:36:35.641484,103.34,0,1,0,0,0.555018,0.555018,0.0,1.252260045,0,0.1715082217,1,3200,0.555,9.342659375,7.0,1.0,4,0,0.555018
263,1997-01-22,IN,516,572,3,2.0,30000,20848.4875,0.8238,293752.75,10.0,3.0,0.0,2.0,0,0,0,126.0,81.3,49.77,49.77,256.0,173.15,44326.08,2023-08-19 23:40:00,0.0,1150,0.0,2100,Female,28,0,0.823787,0,0,2023-08-01,0,0.6666666667,2500.0,0.08413065069,0.823787,139.8822619,6.45558796,14.28571429,1,1,0,0.0,0,133,256.0,49.77,18.8428536,2.473571429,0.0,0,0.823787,1729.9527,10.30898599,10.11514985,12.59049711,3.927305629,10.69935106,7.650168701,2025-11-03 05:37:35.641484,49.77,0,1,0,0,0.823787,0.823787,0.0,1.161689118,0,0.1494068174,1,2100,0.8238,139.8822619,10.0,0.0,3,0,0.823787
264,1994-07-02,AZ,608,486,3,0.0,1000,835.66,0.0,452382.03,7.0,3.0,2.0,0.0,0,0,0,92.0,65.7,168.02,168.02,214.0,111.91,23949.01,2023-05-17 11:56:00,11.0,1170,0.009401709,2500,Male,31,0,0.83566,1,0,2023-05-01,0,0.0,0.0,0.001847244021,0.83566,180.952812,0.334264,0.4,1,1,0,0.0,0,227,214.0,168.02,9.579604,1.34292,0.0,0,0.83566,2089.15,6.908754779,6.729417775,13.02228451,5.130017051,10.08372402,7.824445931,2025-11-03 05:37:35.641484,168.02,0,1,0,0,0.83566,0.83566,0.0,1.345218337,0,0.306444504,1,2500,0.0,180.952812,7.0,2.0,3,0,0.83566
265,1998-06-20,CO,607,706,4,1.0,5000,3088.23,0.6176,580391.195,11.0,3.0,2.0,0.0,0,0,0,169.0,87.5,1120.67,1120.67,231.0,183.78,42452.75,2022-02-14 14:15:00,7.0,926,0.007559395,2600,Female,27,0,0.617646,1,0,2022-02-01,0,0.25,2500.0,0.003993156694,0.617646,183.5765946,1.187780769,1.923076923,1,1,0,2.0,0,684,231.0,1120.67,16.32798077,2.120538462,0.0,0,0.617646,1605.8796,8.517393171,8.035677148,13.55852789,7.615717178,10.65617053,7.863651265,2025-11-03 05:39:35.641484,1120.67,0,1,0,0,0.617646,0.617646,0.0,1.35810077,0,0.2266552569,1,2600,0.6176,183.5765946,11.0,2.0,4,0,0.617646
266,1993-01-07,NJ,497,715,4,0.0,0,0.0,0.0,176623.69,10.0,3.0,0.0,1.0,0,0,0,159.0,128.0,811.1,811.1,235.0,119.43,28065.02,2022-01-22 21:27:00,0.0,1015,0.0,2900,Male,32,0,0.49068525,0,0,2022-01-01,0,0.0,0.0,0.0,0.49068525,60.90472069,0.0,0.0,1,1,0,0.0,0,707,235.0,811.1,9.677593103,1.235482759,0.0,0,0.477859,1590.507672,2.416580621,1.973596521,12.08178236,6.699623485,10.24231487,7.972810784,2025-11-03 05:37:35.641484,811.1,0,1,0,0,0.0,0.0,0.0,1.347363451,0,0.2641137701,1,2900,0.0,60.90472069,10.0,0.0,4,0,0.49068525
267,2000-03-10,MA,746,722,4,0.0,1000,160.99,0.0,445861.11,10.0,3.0,0.0,1.0,0,0,0,183.0,97.0,1120.67,1120.67,229.0,89.46,20487.4,2023-04-20 00:09:00,0.0,1315,0.0,3800,Male,25,0,0.16099,0,0,2023-04-01,1,0.0,0.0,0.0003610765693,0.16099,117.3318711,0.04236578947,0.2631578947,1,1,0,0.0,0,255,229.0,1120.67,5.391421053,0.7062631579,0.0,0,0.16099,611.762,6.908754779,5.087534605,13.00776501,7.203784913,9.927614151,8.243019469,2025-11-03 05:39:35.641484,1120.67,0,1,0,0,0.16099,0.16099,0.0,1.167417831,0,0.1148199641,1,3800,0.0,117.3318711,10.0,0.0,4,0,0.16099
268,1996-02-01,WI,639,561,2,1.0,1000,680.35,0.0,21675.6,7.0,3.0,2.0,1.0,0,0,0,159.0,148.0,10.96,10.96,248.0,106.83,26493.89,2022-12-08 17:59:00,0.0,2037,0.0,2500,Male,29,0,0.68035,0,1,2022-12-01,0,0.5,1000.0,0.03138782779,0.68035,8.67024,0.27214,0.4,1,1,0,2.0,0,387,248.0,10.96,10.597556,1.28196,0.5846375,2,0.68035,1700.875,6.908754779,6.524076124,9.983988617,2.481567749,10.18470716,7.824445931,2025-11-03 05:38:35.641484,10.96,0,1,0,0,0.68035,0.68035,19.3918774,1.036375718,0,0.2294806063,1,2500,0.0,8.67024,7.0,2.0,2,1,0.68035
269,1980-12-06,GA,761,609,4,1.0,1000,475.6,0.4756,190386.45,16.0,2.0,2.0,0.0,0,0,0,138.0,101.8,99.51,99.51,261.0,87.76,22904.9,2022-05-01 01:32:00,8.0,1243,0.006436042,4300,Male,44,0,0.4756,1,0,2022-05-01,1,0.25,1000.0,0.002498076938,0.4756,44.2759186,0.1106046512,0.2325581395,1,1,0,2.0,0,609,261.0,99.51,5.32672093,0.6122790698,0.0,0,0.4756,2045.08,6.908754779,6.166677565,12.15681649,4.610257225,10.0391498,8.366602833,2025-11-03 05:38:35.641484,99.51,0,1,0,0,0.4756,0.4756,0.0,1.055360408,0,0.2417508327,0,4300,0.4756,44.2759186,16.0,2.0,4,0,0.4756
27,1978-11-16,PA,710,781,4,1.0,48500,20848.4875,0.852,107970.94,18.5,3.0,1.0,2.0,0,0,0,106.0,94.0,924.23,924.23,191.0,50.87625,12033.11,2022-12-23 06:02:00,0.0,1318,0.0,2800,Male,46,1,0.8520348,0,0,2022-12-01,1,0.25,2500.0,0.3945667232,0.8520348,38.56105,6.45558796,15.64516129,1,1,0,1.0,0,373,191.0,924.23,2.875271429,0.4516071429,0.0,0,0.8520348,2385.69744,10.81979828,10.65967385,11.58962666,6.830042355,9.748329953,7.937731775,2025-11-03 05:37:35.641484,924.23,0,1,0,0,0.8520348,0.8520348,0.0,0.1513110429,0,0.1920320963,1,2800,0.852,38.56105,18.5,1.0,4,0,0.8520348
270,2000-01-18,MI,632,664,3,1.0,30000,20848.4875,0.9653,119943.95,8.0,3.0,0.0,0.0,0,0,0,164.0,88.0,1035.32,1035.32,262.0,174.03,45596.6,2022-05-01 08:12:00,22.5,2219,0.012618297,2700,Male,25,0,0.965336333,1,0,2022-05-01,0,0.3333333333,2500.0,0.2414468591,0.965336333,44.42368519,6.45558796,11.11111111,1,1,0,0.0,0,609,262.0,1035.32,16.88762963,1.933666667,0.0,0,0.965336333,2606.408099,10.30898599,10.27370848,11.69478817,6.943431255,10.72761036,7.901377354,2025-11-03 05:39:35.641484,1035.32,0,1,0,0,0.9653363333,0.9653363333,0.0,1.378912616,0,0.1552075926,1,2700,0.9653,44.42368519,8.0,0.0,3,0,0.965336333
271,1970-04-27,FL,591,600,3,0.0,1000,602.47,0.6025,126344.06,14.0,2.0,0.0,0.0,0,0,0,117.0,45.3,31.92,31.92,233.0,130.17,30330.19,2023-11-30 00:12:00,0.0,1787,0.0,3500,Female,55,0,0.60247,0,0,2023-11-01,0,0.0,0.0,0.00476848694,0.60247,36.09830286,0.1721342857,0.2857142857,1,1,0,0.0,0,31,233.0,31.92,8.665768571,1.115742857,0.0,0,0.60247,2108.645,6.908754779,6.402696329,11.74677201,3.494080376,10.31993183,8.160803921,2025-11-03 05:37:35.641484,31.92,0,1,0,0,0.60247,0.60247,0.0,1.156919314,0,0.15603204,0,3500,0.6025,36.09830286,14.0,0.0,3,0,0.60247
272,1994-02-21,IL,646,565,2,1.0,1000,454.81,0.0,15994.32,6.0,2.0,0.0,2.0,0,0,0,145.0,117.0,263.9,263.9,242.0,151.04,36551.93,2022-09-20 21:38:00,0.0,753,0.0,3400,Male,31,0,0.45481,0,1,2022-09-01,0,0.5,1000.0,0.02843571968,0.45481,4.704211765,0.1337676471,0.2941176471,1,1,0,0.0,0,466,242.0,263.9,10.75056765,1.332705882,0.45481,0,0.45481,1546.354,6.908754779,6.122076056,9.680051458,5.579352396,10.50651663,8.131824785,2025-11-03 05:36:35.641484,263.9,0,1,0,0,0.45481,0.45481,21.3918774,1.327530927,0,0.2131449767,0,3400,0.0,4.704211765,6.0,0.0,2,1,0.45481
273,1996-12-10,TN,779,682,3,1.0,30000,20363.72,0.6788,305185.64,6.0,3.0,0.0,1.0,0,0,0,133.0,124.3,891.48,891.48,251.0,147.21,36949.25,2022-09-02 05:38:00,0.0,969,0.0,4800,Male,28,0,0.678790667,0,0,2022-09-01,1,0.3333333333,2500.0,0.06672568211,0.678790667,63.58034167,4.242441667,6.25,1,1,0,0.0,0,485,251.0,891.48,7.697760417,0.9200625,0.0,0,0.678790667,3258.195202,10.30898599,9.921559271,12.6286788,6.794004104,10.51732769,8.476579509,2025-11-03 05:39:35.641484,891.48,0,1,0,0,0.6787906667,0.6787906667,0.0,1.372308172,0,0.2139171911,1,4800,0.6788,63.58034167,6.0,0.0,3,0,0.678790667
274,1982-07-27,CO,484,777,2,0.0,20000,15613.1,0.7807,331537.26,2.0,1.0,0.0,2.0,0,0,0,176.0,136.0,836.15,836.15,253.0,112.44,28446.13,2022-03-26 13:57:00,14.0,1457,0.009608785,3100,Female,43,0,0.780655,1,1,2022-03-01,0,0.0,0.0,0.0470930477,0.780655,106.9475032,5.036483871,6.451612903,1,1,0,0.0,0,644,253.0,836.15,9.176170968,1.088129032,0.5846375,0,0.780655,2420.0305,9.903537551,9.655929631,12.7114985,6.730003266,10.25580256,8.039479919,2025-11-03 05:39:35.641484,836.15,0,1,0,0,0.780655,0.780655,18.3918774,1.321900804,0,0.1629337041,0,3100,0.7807,106.9475032,2.0,0.0,2,1,0.780655
275,1995-04-15,IN,785,670,3,0.0,4000,1514.44,0.3786,319336.53,11.0,3.0,2.0,0.0,0,0,0,183.0,108.3,74.11,74.11,228.0,105.58,24073.19,2023-07-18 14:33:00,15.0,846,0.017730496,3500,Female,30,0,0.37861,1,0,2023-07-01,1,0.0,0.0,0.004742457745,0.37861,91.23900857,0.4326971429,1.142857143,1,1,0,0.0,0,165,228.0,74.11,6.878054286,0.9049714286,0.0,0,0.37861,1325.135,8.294299609,7.323461105,12.67400391,4.318953706,10.08889559,8.160803921,2025-11-03 05:38:35.641484,74.11,0,1,0,0,0.37861,0.37861,0.0,1.223079661,0,0.2301168869,1,3500,0.3786,91.23900857,11.0,2.0,3,0,0.37861
276,1974-07-07,WI,607,735,3,1.0,20000,5955.77,0.2978,77538.66,5.0,3.0,1.0,0.0,0,0,0,177.0,169.3,43.66,43.66,231.0,133.82,30912.51,2023-04-10 22:43:00,9.0,1719,0.005235602,3700,Male,51,0,0.2977885,1,0,2023-04-01,0,0.3333333333,2500.0,0.0768103292,0.2977885,20.95639459,1.609667568,5.405405405,1,1,0,1.0,0,264,231.0,43.66,8.354732432,1.085027027,0.0,0,0.2977885,1101.81745,9.903537551,8.692283667,11.25854483,3.799078246,10.33894858,8.216358332,2025-11-03 05:36:35.641484,43.66,0,1,0,0,0.2977885,0.2977885,0.0,1.180297141,0,0.245859765,0,3700,0.2978,20.95639459,5.0,1.0,3,0,0.2977885
277,1997-12-05,TX,796,800,3,1.0,1000,226.42,0.0,147569.13,9.0,3.0,1.0,1.0,0,0,0,68.0,42.7,74.03,74.03,239.0,136.8,32695.55,2023-04-17 07:10:00,8.0,1414,0.005657709,4700,Female,27,0,0.22642,1,0,2023-04-01,1,0.3333333333,1000.0,0.00153433174,0.22642,31.39768723,0.04817446809,0.2127659574,1,1,0,1.0,0,258,239.0,74.03,6.9565,0.8731914894,0.0,0,0.22642,1064.174,6.908754779,5.426798528,11.9020588,4.317888034,10.39502485,8.455530531,2025-11-03 05:37:35.641484,74.03,0,1,0,0,0.22642,0.22642,0.0,1.210029544,0,0.1759964916,1,4700,0.0,31.39768723,9.0,1.0,3,0,0.22642
278,1982-07-11,TN,510,558,3,1.0,1000,859.98,0.0,351384.75,16.0,3.0,0.0,2.0,0,0,0,146.0,98.3,1120.67,1120.67,216.0,151.48,32720.04,2022-03-29 02:58:00,0.0,1147,0.0,2800,Male,43,0,0.85998,0,0,2022-03-01,0,0.3333333333,1000.0,0.00244740274,0.85998,125.4945536,0.3071357143,0.3571428571,1,1,0,0.0,0,642,216.0,1120.67,11.68572857,1.623,0.0,0,0.85998,2407.944,6.908754779,6.758071275,12.7696399,7.848348303,10.39577358,7.937731775,2025-11-03 05:39:35.641484,1120.67,0,1,0,0,0.85998,0.85998,0.0,1.30291803,0,0.2790420833,0,2800,0.0,125.4945536,16.0,0.0,3,0,0.85998
279,1982-01-10,GA,544,599,3,1.0,1000,540.14,0.5401,113921.63,11.0,3.0,0.0,0.0,0,0,0,134.0,79.7,18.65,18.65,227.0,140.12,31807.07,2023-08-06 08:05:00,0.0,1526,0.0,2800,Male,43,0,0.54014,0,0,2023-08-01,0,0.3333333333,1000.0,0.004741329632,0.54014,40.68629643,0.1929071429,0.3571428571,1,1,0,0.0,0,147,227.0,18.65,11.35966786,1.501285714,0.0,0,0.54014,1512.392,6.908754779,6.293678025,11.64327481,2.978077338,10.36747531,7.937731775,2025-11-03 05:39:35.641484,18.65,0,1,0,0,0.54014,0.54014,0.0,1.13273024,0,0.1698580732,0,2800,0.5401,40.68629643,11.0,0.0,3,0,0.54014
28,1994-03-09,IL,735,751,4,1.0,48500,20848.4875,0.0,227759.93,12.0,3.0,1.0,2.0,0,0,0,142.0,99.8,781.85,781.85,224.0,236.44625,53705.59,2023-10-10 09:18:00,0.0,909,0.0,5050,Female,31,27,0.619906,0,0,2023-10-01,1,0.25,2500.0,0.4889038178,0.619906,16.62481241,6.45558796,15.64516129,1,1,0,1.0,1,82,224.0,781.85,18.8428536,2.50213838,0.0,0,0.619906,4073.358225,14.39571171,13.31921544,12.33605181,6.662941107,11.02688793,8.634298168,2025-11-03 05:36:35.641484,781.85,0,1,0,0,0.6199061742,0.6199061742,0.0,1.334968388,0,0.2346203944,1,5050,0.0,16.62481241,12.0,1.0,4,0,0.619906
280,2002-10-22,CO,765,704,3,0.0,1000,353.71,0.0,178186.61,10.0,3.0,2.0,1.0,0,0,0,141.0,109.7,1120.67,1120.67,213.0,99.91,21279.93,2023-12-09 06:30:00,9.0,1587,0.005671078,4500,Male,23,0,0.35371,1,0,2023-12-01,1,0.0,0.0,0.001985053759,0.35371,39.59702444,0.07860222222,0.2222222222,1,1,0,0.0,0,22,213.0,1120.67,4.728873333,0.6660666667,0.0,0,0.35371,1591.695,6.908754779,5.871300554,12.09059226,7.899698789,9.965566646,8.412054873,2025-11-03 05:39:35.641484,1120.67,0,1,0,0,0.35371,0.35371,0.0,1.163248933,0,0.2304643855,1,4500,0.0,39.59702444,10.0,2.0,3,0,0.35371
281,1974-08-18,CO,490,663,4,2.0,1000,150.8,0.1508,315360.01,15.0,3.0,2.0,0.0,0,0,0,182.0,118.0,66.13,66.13,243.0,121.18,29446.94,2023-10-09 17:11:00,11.0,1123,0.009795191,3300,Male,51,0,0.1508,1,0,2023-10-01,0,0.5,500.0,0.000478183648,0.1508,95.56363939,0.0456969697,0.303030303,1,1,0,1.0,0,82,243.0,66.13,8.923315152,1.101636364,0.0,0,0.1508,497.64,6.908754779,5.022563865,12.66147333,4.206631038,10.29037924,8.101980732,2025-11-03 05:37:35.641484,66.13,0,1,0,0,0.1508,0.1508,0.0,1.184002414,0,0.2255233109,1,3300,0.1508,95.56363939,15.0,2.0,4,0,0.1508
282,1987-06-18,IN,608,728,2,0.0,1000,494.79,0.0,291706.32,0.0,0.5,0.0,0.0,0,0,0,160.0,138.5,243.25,243.25,209.0,178.13,37230.16,2023-12-08 07:49:00,10.0,2300,0.004347826,2700,Female,38,0,0.49479,1,1,2023-12-01,0,0.0,0.0,0.001696192253,0.49479,108.0393778,0.1832555556,0.3703703704,0,0,0,0.0,0,23,209.0,243.25,13.78894815,1.979222222,0.49479,0,0.49479,1335.933,6.908754779,6.20615245,12.58350625,5.498192291,10.52490132,7.901377354,2025-11-03 05:37:35.641484,243.25,0,1,0,0,0.49479,0.49479,20.3918774,1.265196263,0,0.2163915132,0,2700,0.0,108.0393778,0.0,0.0,2,1,0.49479
283,1989-08-11,AZ,766,757,2,0.0,30000,4656.46,0.1552,21274.19,8.0,3.0,1.0,1.0,0,0,0,111.0,92.0,1120.67,1120.67,209.0,139.38,29130.89,2022-01-28 19:46:00,8.0,1306,0.006125574,4600,Male,36,0,0.155215333,1,1,2022-01-01,1,0.0,0.0,0.2188783686,0.155215333,4.624823913,1.012273913,6.52173913,1,1,0,0.0,0,701,209.0,1120.67,6.332802174,0.909,0.155215333,1,0.155215333,713.9905318,10.30898599,8.446225514,9.965296884,7.345022626,10.27958873,8.43402895,2025-11-03 05:38:35.641484,1120.67,0,1,0,0,0.1552153333,0.1552153333,19.3918774,1.255405197,0,0.2051889288,0,4600,0.1552,4.624823913,8.0,1.0,2,1,0.155215333
284,1980-10-13,OH,577,758,2,0.0,2000,1771.26,0.8856,9897.88,4.0,3.0,0.0,0.0,0,0,0,136.0,71.0,83.89,83.89,255.0,121.05,30867.49,2023-12-27 06:10:00,0.0,1154,0.0,3200,Male,45,0,0.88563,0,1,2023-12-01,0,0.0,0.0,0.1789534729,0.88563,3.0930875,0.55351875,0.625,1,1,0,0.0,0,4,255.0,83.89,9.646090625,1.13484375,0.5846375,0,0.88563,2834.016,7.601402335,7.480010847,9.200176898,4.441356301,10.3374912,8.07121854,2025-11-03 05:38:35.641484,83.89,0,1,0,0,0.88563,0.88563,19.3918774,1.173085826,0,0.1662636803,0,3200,0.8856,3.0930875,4.0,0.0,2,1,0.88563
285,1991-01-11,CO,645,620,3,2.0,5000,4282.51,0.8565,251464.69,10.0,3.0,0.0,0.0,0,0,0,109.0,75.7,1120.67,1120.67,212.0,219.98,46636.7,2023-08-20 15:03:00,0.0,1722,0.0,3800,Male,34,0,0.856502,0,0,2023-08-01,0,0.6666666667,2500.0,0.01703026377,0.856502,66.17491842,1.126976316,1.315789474,1,1,0,0.0,0,132,212.0,1120.67,12.27281579,1.736684211,0.0,0,0.856502,3254.7076,8.517393171,8.362528046,12.43506184,7.79551484,10.75016451,8.243019469,2025-11-03 05:39:35.641484,1120.67,0,1,0,0,0.856502,0.856502,0.0,1.302778349,0,0.1873616677,1,3800,0.8565,66.17491842,10.0,0.0,3,0,0.856502
286,1989-07-22,IL,515,710,3,1.0,2000,1123.98,0.562,139841.51,5.0,3.0,0.0,1.0,1,2309,0,133.0,85.7,97.23,97.23,224.0,175.03,39205.81,2022-11-06 21:25:00,0.0,964,0.0,2500,Male,36,0,0.56199,0,0,2022-11-01,0,0.3333333333,2000.0,0.008037527627,0.56199,55.936604,0.449592,0.8,1,1,0,0.0,0,419,224.0,97.23,15.682324,2.10036,0.0,0,0.56199,1404.975,7.601402335,7.025520537,11.84827214,4.587311668,10.57660574,7.824445931,2025-11-03 05:39:35.641484,97.23,0,1,0,0,0.56199,0.56199,0.0,1.212295269,0,0.2094182885,1,2500,0.562,55.936604,5.0,0.0,3,0,0.56199
287,1996-01-05,TN,614,712,3,1.0,2000,670.79,0.3354,18464.7,8.0,2.0,2.0,1.0,0,0,0,129.0,97.3,229.6,229.6,231.0,123.34,28491.48,2023-05-31 02:40:00,10.0,1529,0.006540222,3900,Male,29,0,0.335395,1,0,2023-05-01,0,0.3333333333,2000.0,0.03632823712,0.335395,4.734538462,0.1719974359,0.5128205128,1,1,0,2.0,0,214,231.0,229.6,7.305507692,0.9487692308,0.0,0,0.335395,1308.0405,7.601402335,6.509945792,9.823670236,5.440684608,10.25739547,8.26898821,2025-11-03 05:38:35.641484,229.6,0,1,0,0,0.335395,0.335395,0.0,1.338709584,0,0.1712178155,1,3900,0.3354,4.734538462,8.0,2.0,3,0,0.335395
288,2002-06-28,FL,739,574,2,1.0,1000,158.87,0.0,13704.04,2.0,1.0,0.0,0.0,0,0,0,86.0,54.0,444.59,444.59,232.0,165.69,38439.29,2022-08-28 09:13:00,0.0,1278,0.0,2600,Male,23,0,0.15887,0,1,2022-08-01,1,0.5,1000.0,0.01159293172,0.15887,5.270784615,0.06110384615,0.3846153846,1,1,0,0.0,0,490,232.0,444.59,14.78434231,1.911807692,0.15887,0,0.15887,413.062,6.908754779,5.074360985,9.525518927,6.099399247,10.55686141,7.863651265,2025-11-03 05:39:35.641484,444.59,0,1,0,0,0.15887,0.15887,18.3918774,1.369722836,0,0.1933668948,1,2600,0.0,5.270784615,2.0,0.0,2,1,0.15887
289,1993-02-17,MA,797,797,2,0.0,5000,3809.73,0.7619,208019.9,2.0,1.0,1.0,0.0,0,0,0,177.0,94.5,113.58,113.58,253.0,118.84,30066.14,2022-04-11 17:53:00,8.0,818,0.009779951,3800,Male,32,0,0.761946,1,1,2022-04-01,1,0.0,0.0,0.01831425743,0.761946,54.74207895,1.002560526,1.315789474,1,1,0,0.0,0,628,253.0,113.58,7.912142105,0.9382105263,0.5846375,1,0.761946,2895.3948,8.517393171,8.245576051,12.24539383,4.741273269,10.31118816,8.243019469,2025-11-03 05:36:35.641484,113.58,0,1,0,0,0.761946,0.761946,21.3918774,1.204369209,0,0.1856369609,0,3800,0.7619,54.74207895,2.0,1.0,2,1,0.761946
29,1980-12-18,IN,763,779,2,1.0,30000,15771.22,0.5257,26209.34,5.0,2.0,0.0,2.5,0,0,0,98.0,49.0,1120.67,1120.67,248.0,236.44625,53705.59,2022-12-14 01:59:00,0.0,991,0.0,5050,Female,44,19,0.525707333,0,1,2022-12-01,1,0.5,2500.0,0.4889038178,0.525707333,0.06290191278,0.03785062519,0.071999424,1,1,0,0.0,1,382,248.0,1120.67,6.087167687,0.7363510692,0.525707333,0,0.525707333,4073.358225,10.30898599,9.666005444,10.17390927,7.300128393,11.02688793,8.634298168,2025-11-03 05:37:35.641484,1120.67,0,1,0,0,0.5257073333,0.5257073333,20.3918774,1.376450947,0,0.207645541,0,5050,0.5257,0.06290191278,5.0,0.0,2,1,0.525707333
290,1965-12-05,MI,644,755,2,0.0,1000,541.05,0.541,3432.71,5.0,2.0,0.0,1.0,0,0,0,121.0,116.0,18.49,18.49,208.0,114.22,23758.23,2022-06-12 22:11:00,0.0,1155,0.0,3900,Female,59,0,0.54105,0,1,2022-06-01,0,0.0,0.0,0.1576159944,0.54105,0.8801820513,0.1387307692,0.2564102564,1,1,0,0.0,0,566,208.0,18.49,6.091853846,0.8786153846,0.54105,0,0.54105,2110.095,6.908754779,6.295358248,8.141396588,2.969901514,10.07572637,8.26898821,2025-11-03 05:38:35.641484,18.49,0,1,0,0,0.54105,0.54105,19.3918774,1.136588895,0,0.1714390364,0,3900,0.541,0.8801820513,5.0,0.0,2,1,0.54105
291,1974-02-16,NJ,577,762,4,1.0,0,0.0,0.0,186960.44,14.0,3.0,0.0,2.0,0,0,0,179.0,110.8,861.67,861.67,230.0,118.97,27362.99,2022-08-13 12:50:00,0.0,1201,0.0,3000,Female,51,0,0.49068525,0,0,2022-08-01,0,0.25,0.0,0.0,0.49068525,62.32014667,0.0,0.0,1,1,0,0.0,0,504,230.0,861.67,9.120996667,1.1897,0.0,0,0.477859,1590.507672,2.416580621,1.973596521,12.13865767,6.760032231,10.21698319,8.006700845,2025-11-03 05:39:35.641484,861.67,0,1,0,0,0.0,0.0,0.0,1.33613569,0,0.2258652445,1,3000,0.0,62.32014667,14.0,0.0,4,0,0.49068525
292,1986-10-23,PA,793,645,2,0.0,1000,105.58,0.0,122666.52,8.0,3.0,0.0,0.0,0,0,0,168.0,167.5,120.31,120.31,214.0,114.82,24572.11,2023-08-26 18:54:00,22.0,1581,0.013915244,3700,Female,39,0,0.10558,1,1,2023-08-01,1,0.0,0.0,0.0008607075508,0.10558,33.15311351,0.02853513514,0.2702702703,1,1,0,0.0,0,126,214.0,120.31,6.641110811,0.930972973,0.10558,0,0.10558,390.646,6.908754779,4.668895877,11.71723288,4.798349253,10.10940803,8.216358332,2025-11-03 05:39:35.641484,120.31,0,1,0,0,0.10558,0.10558,18.3918774,1.308173088,0,0.2175863473,1,3700,0.0,33.15311351,8.0,0.0,2,1,0.10558
293,1970-06-28,IN,644,529,2,0.0,22000,19387.71,0.8813,19387.71,5.0,3.0,0.0,1.0,0,0,0,152.0,84.0,1120.67,1120.67,234.0,174.06,40730.67,2022-03-14 03:44:00,20.0,1227,0.016299919,3000,Male,55,0,0.881259545,1,1,2022-03-01,0,0.0,0.0,0.4889038178,0.881259545,6.46257,6.45558796,7.333333333,1,1,0,0.0,0,657,234.0,1120.67,13.57689,1.7406,0.5846375,0,0.881259545,2643.778635,9.998843186,9.872446217,9.872446217,7.775208646,10.6147612,8.006700845,2025-11-03 05:38:35.641484,1120.67,0,1,0,0,0.8812595455,0.8812595455,19.3918774,1.360176332,0,0.1284966912,1,3000,0.8813,6.46257,5.0,0.0,2,1,0.881259545
294,1989-06-21,CO,502,571,2,0.0,31000,5463.31,0.1762,5463.31,6.0,3.0,1.0,0.0,0,0,0,178.0,138.5,631.76,631.76,216.0,125.84,27181.22,2023-04-08 22:52:00,0.0,1450,0.0,3200,Male,36,0,0.176235806,0,1,2023-04-01,0,0.0,0.0,0.4889038178,0.176235806,1.707284375,1.707284375,9.6875,1,1,0,0.0,0,266,216.0,631.76,8.49413125,1.17975,0.176235806,1,0.176235806,563.9545792,10.34177474,8.605993135,8.605993135,6.450091203,10.21031836,8.07121854,2025-11-03 05:39:35.641484,631.76,0,1,0,0,0.1762358065,0.1762358065,18.3918774,1.364240826,0,0.2269776124,1,3200,0.1762,1.707284375,6.0,1.0,2,1,0.176235806
295,1999-01-20,TX,583,728,2,1.0,40000,20848.4875,0.6181,24725.13,7.0,3.0,1.0,0.0,0,0,0,111.0,55.5,480.61,480.61,227.0,126.54,28724.87,2022-03-23 18:43:00,0.0,1052,0.0,3700,Male,26,0,0.61812825,0,1,2022-03-01,0,0.5,2500.0,0.4889038178,0.61812825,6.682467568,6.45558796,10.81081081,1,1,0,1.0,0,647,227.0,480.61,7.763478378,1.026,0.5846375,1,0.61812825,2287.074525,10.59665973,10.11561586,10.11561586,6.177134658,10.26555339,8.216358332,2025-11-03 05:37:35.641484,480.61,0,1,0,0,0.61812825,0.61812825,20.3918774,1.384918983,0,0.2155617896,0,3700,0.6181,6.682467568,7.0,1.0,2,1,0.61812825
296,1980-11-22,GA,530,772,4,1.0,31000,3909.66,0.1261,318548.3,12.0,3.0,2.0,1.0,0,0,0,189.0,159.0,11.52,11.52,240.0,140.22,33652.61,2023-06-18 05:17:00,0.0,1618,0.0,3000,Female,44,0,0.126118065,0,0,2023-06-01,0,0.25,2500.0,0.01227336639,0.126118065,106.1827667,1.30322,10.33333333,1,1,0,2.0,0,196,240.0,11.52,11.21753667,1.4022,0.0,0,0.126118065,378.354195,10.34177474,8.271461437,12.67153253,2.527327366,10.42387561,8.006700845,2025-11-03 05:39:35.641484,11.52,0,1,0,0,0.1261180645,0.1261180645,0.0,1.10699573,0,0.2460426921,1,3000,0.1261,106.1827667,12.0,2.0,4,0,0.126118065
297,1979-12-03,MI,730,505,3,0.0,2000,1416.52,0.7083,301806.88,10.0,2.0,0.0,2.0,0,0,0,173.0,164.3,1120.67,1120.67,247.0,134.2,33147.7,2023-02-19 21:36:00,0.0,720,0.0,3200,Female,45,0,0.70826,0,0,2023-02-01,1,0.0,0.0,0.004693464907,0.70826,94.31465,0.4426625,0.625,1,1,0,0.0,0,314,247.0,1120.67,10.35865625,1.258125,0.0,0,0.70826,2266.432,7.601402335,7.256664145,12.61754593,7.945222394,10.40875878,8.07121854,2025-11-03 05:36:35.641484,1120.67,0,1,0,0,0.70826,0.70826,0.0,1.335813737,0,0.2270766234,1,3200,0.7083,94.31465,10.0,0.0,3,0,0.70826
298,1971-11-23,FL,593,486,3,0.0,20000,10173.78,0.5087,20320.51,11.0,3.0,1.0,1.0,0,0,0,172.0,148.0,986.87,986.87,243.0,97.15,23607.03,2023-06-24 08:58:00,0.0,1380,0.0,2600,Female,53,0,0.508689,0,0,2023-06-01,0,0.0,0.0,0.4889038178,0.508689,7.815580769,3.912992308,7.692307692,1,1,0,0.0,0,190,243.0,986.87,9.079626923,1.120961538,0.0,0,0.508689,1322.5914,9.903537551,9.227667388,9.91943521,6.89555111,10.06934219,7.863651265,2025-11-03 05:37:35.641484,986.87,0,1,0,0,0.508689,0.508689,0.0,1.253515175,0,0.1313518739,0,2600,0.5087,7.815580769,11.0,1.0,3,0,0.508689
299,1993-03-23,GA,731,719,2,1.0,21000,2884.62,0.1374,2884.62,3.0,1.0,1.0,1.0,0,0,0,120.0,106.0,139.02,139.02,236.0,96.58,22792.13,2022-02-03 09:50:00,9.0,964,0.0093361,3300,Female,32,0,0.137362857,1,1,2022-02-01,1,0.5,2500.0,0.4889038178,0.137362857,0.8741272727,0.8741272727,6.363636364,1,1,0,1.0,0,696,236.0,139.02,6.906706061,0.878,0.137362857,1,0.137362857,453.2974281,9.952325335,7.967495061,7.967495061,4.94178527,10.03421445,8.101980732,2025-11-03 05:36:35.641484,139.02,0,1,0,0,0.1373628571,0.1373628571,21.3918774,1.240857537,0,0.2087060822,0,3300,0.1374,0.8741272727,3.0,1.0,2,1,0.137362857
3,1999-02-19,MI,690,503,3,1.0,30000,20848.4875,0.9723,188658.81,8.0,3.0,1.0,1.0,0,0,0,158.0,124.7,115.97,115.97,251.0,236.44625,53705.59,2023-03-02 06:17:00,0.0,1230,0.0,5050,Female,26,3,0.972332,0,0,2023-03-01,1,0.3333333333,2500.0,0.1546175342,0.972332,13.31395977,2.05857163,2.117148906,1,1,0,1.0,1,304,251.0,115.97,8.520306987,1.018369795,0.0,0,0.972332,4073.358225,10.30898599,10.28092897,12.14770073,4.761917492,11.02688793,8.634298168,2025-11-03 05:39:35.641484,115.97,0,1,0,0,0.972332,0.972332,0.0,1.201638703,0,0.1551551403,0,5050,0.9723,13.31395977,8.0,1.0,3,0,0.972332
30,1981-12-19,MI,740,776,2,0.0,2000,1518.63,0.7593,362799.48,7.0,2.0,1.0,0.0,0,0,0,153.0,105.5,94.69,94.69,189.0,55.65,12033.11,2023-05-01 22:54:00,12.0,399,0.01942862,4800,Female,43,2,0.759315,1,1,2023-05-01,1,0.0,0.0,0.004185865978,0.759315,75.583225,0.31638125,0.4166666667,1,1,0,0.0,0,243,189.0,94.69,2.191220833,0.3478125,0.5846375,1,0.759315,3644.712,7.601402335,7.326222163,12.80160832,4.5611138,9.748329953,8.476579509,2025-11-03 05:39:35.641484,94.69,0,1,0,0,0.759315,0.759315,18.3918774,0.7392481997,0,0.240498936,1,4800,0.7593,75.583225,7.0,1.0,2,1,0.759315
300,1966-01-11,NY,664,668,2,1.0,1000,800.96,0.0,11570.34,7.0,2.0,0.0,1.0,0,0,0,140.0,95.5,655.77,655.77,219.0,127.02,27817.57,2023-10-03 21:14:00,0.0,1445,0.0,3200,Female,59,0,0.80096,0,1,2023-10-01,0,0.5,1000.0,0.06922527774,0.80096,3.61573125,0.2503,0.3125,1,1,0,0.0,0,88,219.0,655.77,8.692990625,1.1908125,0.5846375,0,0.80096,2563.072,6.908754779,6.687058731,9.35628663,6.487333881,10.23345906,8.07121854,2025-11-03 05:36:35.641484,655.77,0,1,0,0,0.80096,0.80096,21.3918774,1.367065028,0,0.1499184365,0,3200,0.0,3.61573125,7.0,0.0,2,1,0.80096
301,1983-06-12,MI,795,750,3,1.0,10000,8667.82,0.8668,445306.05,11.0,3.0,1.0,0.0,0,0,0,42.0,27.7,285.63,285.63,240.0,182.16,43717.31,2022-03-01 06:11:00,8.0,765,0.010457516,4500,Male,42,0,0.866782,1,0,2022-03-01,1,0.3333333333,2500.0,0.01946486018,0.866782,98.9569,1.926182222,2.222222222,1,1,0,1.0,0,670,240.0,285.63,9.714957778,1.2144,0.0,0,0.0,3900.519,9.210440367,9.067487959,13.00651932,5.658192185,10.68552229,8.412054873,2025-11-03 05:39:35.641484,285.63,0,1,0,0,0.866782,0.866782,0.0,1.318000113,0,0.1563326184,1,4500,0.8668,98.9569,11.0,1.0,3,0,0.866782
302,1974-04-17,MI,516,519,4,0.0,1000,1000.0,0.0,194021.52,16.0,2.0,1.0,0.0,0,0,0,169.0,126.8,810.39,810.39,245.0,109.71,26878.72,2023-04-17 20:30:00,0.0,1032,0.0,2200,Male,51,0,1.0,0,0,2023-04-01,0,0.0,0.0,0.005154067446,1.0,88.1916,0.4545454545,0.4545454545,1,1,0,0.0,0,257,245.0,810.39,12.2176,1.496045455,0.0,0,1.0,2200.0,6.908754779,6.908754779,12.17572951,6.698748826,10.19912738,7.696667082,2025-11-03 05:37:35.641484,810.39,0,1,0,0,1.0,1.0,0.0,1.323277009,0,0.1682302845,1,2200,0.0,88.1916,16.0,1.0,4,0,1.0
303,2001-11-26,WA,745,531,4,1.0,11000,6111.07,0.5556,22179.65,16.0,3.0,0.0,0.0,0,0,0,159.0,91.2,48.5,48.5,232.0,142.25,33002.5,2022-09-26 23:19:00,0.0,1381,0.0,4500,Female,23,0,0.555551818,0,0,2022-09-01,1,0.25,2500.0,0.2755259889,0.555551818,4.928811111,1.358015556,2.444444444,1,1,0,0.0,0,460,232.0,48.5,7.333888889,0.9483333333,0.0,0,0.555551818,2499.983181,9.305741457,8.718020784,10.00697557,3.90197267,10.4043689,8.412054873,2025-11-03 05:38:35.641484,48.5,0,1,0,0,0.5555518182,0.5555518182,0.0,1.184727569,0,0.2517885647,1,4500,0.5556,4.928811111,16.0,0.0,4,0,0.555551818
304,1975-03-03,WI,752,577,3,1.0,48500,20848.4875,0.8648,60534.72,4.0,3.0,2.0,0.0,0,0,0,149.0,142.0,41.92,41.92,215.0,135.26,29080.14,2022-04-05 03:27:00,0.0,1242,0.0,3000,Female,50,0,0.864781714,0,0,2022-04-01,1,0.3333333333,2500.0,0.4889038178,0.864781714,20.17824,6.45558796,15.64516129,1,1,0,2.0,0,635,215.0,41.92,9.69338,1.3526,0.0,0,0.864781714,2594.345142,11.15626481,11.01098888,11.01098888,3.759337918,10.27784513,8.006700845,2025-11-03 05:38:35.641484,41.92,0,1,0,0,0.8647817143,0.8647817143,0.0,1.178724943,0,0.2207386623,1,3000,0.8648,20.17824,4.0,2.0,3,0,0.864781714
305,1989-10-22,OH,749,771,2,0.0,5000,4015.1,0.803,20268.42,4.0,3.0,2.5,0.0,0,0,0,143.0,81.5,50.58,50.58,243.0,122.63,29798.77,2022-01-12 19:59:00,12.0,861,0.013937282,4000,Male,36,0,0.80302,1,1,2022-01-01,1,0.0,0.0,0.1980963489,0.80302,5.067105,1.003775,1.25,1,1,1,0.0,0,717,243.0,50.58,7.4496925,0.919725,0.5846375,3,0.80302,3212.08,8.517393171,8.298066561,9.916868625,3.943134,10.30225595,8.294299609,2025-11-03 05:39:35.641484,50.58,0,1,0,0,0.80302,0.80302,18.3918774,1.163917651,0,0.253855462,1,4000,0.803,5.067105,4.0,2.5,2,1,0.80302
306,1996-10-05,OH,765,534,3,1.0,5000,4472.93,0.8946,63911.84,10.0,3.0,0.0,0.0,0,0,0,178.0,108.0,537.51,537.51,219.0,172.18,37706.33,2022-04-24 17:48:00,0.0,1112,0.0,4600,Female,29,0,0.894586,0,0,2022-04-01,1,0.3333333333,2500.0,0.06998593688,0.894586,13.89387826,0.972376087,1.086956522,1,1,0,0.0,0,615,219.0,537.51,8.197028261,1.122913043,0.0,0,0.894586,4073.358225,8.517393171,8.406022496,11.06527556,6.288806067,10.53760978,8.43402895,2025-11-03 05:38:35.641484,537.51,0,1,0,0,0.894586,0.894586,0.0,1.361427657,0,0.2751572737,0,4600,0.8946,13.89387826,10.0,0.0,3,0,0.894586
307,1994-11-09,MA,714,533,2,0.0,1000,274.59,0.0,34218.92,5.0,2.0,0.0,0.0,0,0,0,140.0,76.5,1120.67,1120.67,253.0,92.78,23473.58,2022-01-19 08:35:00,0.0,821,0.0,2600,Male,30,0,0.27459,0,1,2022-01-01,1,0.0,0.0,0.008024508079,0.27459,13.16112308,0.1056115385,0.3846153846,1,1,0,0.0,0,711,253.0,1120.67,9.0283,1.070538462,0.27459,0,0.27459,713.934,6.908754779,5.618914254,10.44056321,7.366539961,10.06367341,7.863651265,2025-11-03 05:36:35.641484,1120.67,0,1,0,0,0.27459,0.27459,21.3918774,1.213015022,0,0.1374019168,1,2600,0.0,13.16112308,5.0,0.0,2,1,0.27459
308,1981-11-01,MA,572,738,2,0.0,0,0.0,0.0,153852.39,3.0,2.0,1.0,0.0,0,0,0,133.0,85.0,27.4,27.4,237.0,115.14,27287.32,2023-02-26 20:33:00,8.0,1288,0.00621118,2500,Male,43,0,0.49068525,1,1,2023-02-01,0,0.0,0.0,0.0,0.49068525,61.540956,0.0,0.0,1,1,0,0.0,0,307,237.0,27.4,10.914928,1.38168,0.0,1,0.477859,1590.507672,2.416580621,1.973596521,11.94375541,3.346389145,10.21421405,7.824445931,2025-11-03 05:37:35.641484,27.4,0,1,0,0,0.0,0.0,20.3918774,1.128070405,0,0.1427385429,1,2500,0.0,61.540956,3.0,1.0,2,1,0.49068525
309,1983-11-18,WA,560,660,4,0.0,2000,364.43,0.1822,223051.02,8.0,3.0,0.0,1.0,0,0,0,129.0,90.0,1120.67,1120.67,224.0,170.37,38162.35,2023-09-04 01:14:00,0.0,1584,0.0,2600,Female,41,0,0.182215,0,0,2023-09-01,0,0.0,0.0,0.001633841441,0.182215,85.78885385,0.1401653846,0.7692307692,1,1,0,0.0,0,118,224.0,1120.67,14.67782692,1.965807692,0.0,0,0.182215,473.759,7.601402335,5.901074742,12.3151603,7.752700374,10.54963091,7.863651265,2025-11-03 05:39:35.641484,1120.67,0,1,0,0,0.182215,0.182215,0.0,1.339886646,0,0.1604554243,1,2600,0.1822,85.78885385,8.0,0.0,4,0,0.182215
31,2002-07-12,OH,545,678,4,0.0,48500,20848.4875,0.4056,96204.99,10.0,3.0,2.5,0.0,0,0,0,149.0,113.5,58.97,58.97,212.0,236.44625,53705.59,2022-10-28 17:06:00,0.0,598,0.0,5050,Male,23,10,0.405635091,0,0,2022-10-01,0,0.0,0.0,0.2318999254,0.405635091,14.42353673,3.344817091,8.245877061,1,1,1,0.0,1,428,212.0,58.97,12.31934783,1.743283358,0.0,0,0.405635091,2705.586057,10.91510665,10.01283197,11.4742469,4.093844437,11.02688793,8.634298168,2025-11-03 05:36:35.641484,58.97,0,1,0,0,0.4056350909,0.4056350909,0.0,1.058538787,0,0.1994655772,1,5050,0.4056,14.42353673,10.0,2.5,4,0,0.405635091
310,1969-08-12,MO,761,670,4,2.0,2000,1925.73,0.9629,29143.11,11.0,3.0,1.0,1.0,0,0,0,179.0,121.5,927.7,927.7,223.0,202.09,45066.17,2023-04-02 03:05:00,10.0,542,0.018450185,4800,Female,56,0,0.962865,1,0,2023-04-01,1,0.5,1000.0,0.06607839726,0.962865,6.07148125,0.40119375,0.4166666667,1,1,0,0.5,0,273,223.0,927.7,9.388785417,1.2630625,0.0,0,0.962865,4073.358225,7.601402335,7.563579544,10.28000811,6.833785759,10.71590932,8.476579509,2025-11-03 05:36:35.641484,927.7,0,1,0,0,0.962865,0.962865,0.0,1.352692589,0,0.1764171459,1,4800,0.9629,6.07148125,11.0,1.0,4,0,0.962865
311,1984-11-14,NJ,700,791,3,0.0,48500,20848.4875,0.4508,232911.9,7.0,2.0,1.0,2.0,0,0,0,150.0,114.7,247.18,247.18,222.0,181.26,40239.36,2023-08-07 09:50:00,0.0,1608,0.0,4000,Female,40,0,0.4508052,0,0,2023-08-01,1,0.0,0.0,0.0967759054,0.4508052,58.227975,5.635065,12.5,1,1,0,0.0,0,146,222.0,247.18,10.05984,1.35945,0.0,0,0.4508052,1803.2208,10.81979828,10.02310269,12.35841984,5.514154289,10.60262575,8.294299609,2025-11-03 05:37:35.641484,247.18,0,1,0,0,0.4508052,0.4508052,0.0,1.296616584,0,0.2113407405,0,4000,0.4508,58.227975,7.0,1.0,3,0,0.4508052
312,1994-05-07,PA,768,672,3,0.0,1000,60.18,0.0,250409.56,4.0,2.0,1.0,2.0,0,0,0,108.0,72.0,265.32,265.32,228.0,148.04,33752.36,2023-12-19 21:11:00,0.0,1604,0.0,4300,Male,31,0,0.06018,0,0,2023-12-01,1,0.0,0.0,0.0002403262879,0.06018,58.2347814,0.01399534884,0.2325581395,1,1,0,0.0,0,11,228.0,265.32,7.849386047,1.032837209,0.0,0,0.06018,258.774,6.908754779,4.113820339,12.43085709,5.584698593,10.42683525,8.366602833,2025-11-03 05:39:35.641484,265.32,0,1,0,0,0.06018,0.06018,0.0,1.343214959,0,0.2196778291,0,4300,0.0,58.2347814,4.0,1.0,3,0,0.06018
313,1995-02-08,PA,664,709,2,2.0,0,0.0,0.0,210115.34,7.0,3.0,0.0,0.0,0,0,0,188.0,141.0,154.58,154.58,236.0,149.13,35194.82,2022-08-03 12:17:00,8.0,1364,0.005865103,2600,Female,30,0,0.49068525,1,1,2022-08-01,0,0.8333333333,0.0,0.0,0.49068525,80.81359231,0.0,0.0,1,1,0,0.0,0,514,236.0,154.58,13.53646923,1.720730769,0.0,0,0.477859,1590.507672,2.416580621,1.973596521,12.25541666,5.047160069,10.4686826,7.863651265,2025-11-03 05:38:35.641484,154.58,0,1,0,0,0.0,0.0,19.3918774,1.281020224,0,0.2066050319,0,2600,0.0,80.81359231,7.0,0.0,2,1,0.49068525
314,2001-06-19,GA,480,625,3,0.0,1000,785.97,0.786,293660.39,7.0,3.0,2.0,1.0,0,0,0,116.0,76.3,65.41,65.41,211.0,194.75,41091.89,2022-07-08 20:14:00,16.0,1877,0.008524241,3200,Female,24,0,0.78597,1,0,2022-07-01,0,0.0,0.0,0.002676459021,0.78597,91.76887188,0.245615625,0.3125,1,1,0,0.0,0,540,211.0,65.41,12.84121563,1.82578125,0.0,0,0.78597,2515.104,6.908754779,6.668190128,12.59018265,4.195847648,10.62359039,8.07121854,2025-11-03 05:38:35.641484,65.41,0,1,0,0,0.78597,0.78597,0.0,1.116656866,0,0.2002361202,1,3200,0.786,91.76887188,7.0,2.0,3,0,0.78597
315,1983-01-27,PA,745,634,4,0.0,1000,582.65,0.5827,13861.91,16.0,3.0,1.0,1.0,0,0,0,111.0,86.0,545.65,545.65,236.0,110.55,26089.81,2022-03-01 02:25:00,7.0,907,0.007717751,4000,Female,42,0,0.58265,1,0,2022-03-01,1,0.0,0.0,0.04203244719,0.58265,3.4654775,0.1456625,0.25,1,1,0,0.0,0,670,236.0,545.65,6.5224525,0.829125,0.0,0,0.58265,2330.6,6.908754779,6.369301488,9.536972207,6.303808744,10.16933842,8.294299609,2025-11-03 05:36:35.641484,545.65,0,1,0,0,0.58265,0.58265,0.0,1.357991079,0,0.181260762,0,4000,0.5827,3.4654775,16.0,1.0,4,0,0.58265
316,1982-01-19,NY,633,589,2,0.0,1000,520.36,0.0,276120.92,6.0,2.0,0.0,0.0,0,0,0,168.0,111.5,25.56,25.56,227.0,139.45,31654.21,2023-05-08 03:47:00,0.0,1100,0.0,2700,Male,43,0,0.52036,0,1,2023-05-01,0,0.0,0.0,0.001884536673,0.52036,102.2670074,0.1927259259,0.3703703704,1,1,0,0.0,0,237,227.0,25.56,11.72378148,1.549444444,0.52036,0,0.52036,1404.972,6.908754779,6.256440782,12.52859779,3.279406325,10.36265803,7.901377354,2025-11-03 05:37:35.641484,25.56,0,1,0,0,0.52036,0.52036,20.3918774,1.148444899,0,0.1747886954,0,2700,0.0,102.2670074,6.0,0.0,2,1,0.52036
317,1996-05-25,OH,491,763,3,0.0,0,0.0,0.0,116251.61,7.0,3.0,0.0,2.5,0,0,0,151.0,104.0,711.89,711.89,216.0,140.37,30319.32,2022-01-30 22:41:00,10.0,1734,0.005767013,2600,Female,29,0,0.49068525,1,0,2022-01-01,0,0.0,0.0,0.0,0.49068525,44.71215769,0.0,0.0,1,1,0,0.0,0,699,216.0,711.89,11.66127692,1.619653846,0.0,0,0.477859,1590.507672,2.416580621,1.973596521,11.66352077,6.569327131,10.31957339,7.863651265,2025-11-03 05:38:35.641484,711.89,0,1,0,0,0.0,0.0,0.0,1.35925852,0,0.2477873256,1,2600,0.0,44.71215769,7.0,0.0,3,0,0.49068525
318,1987-04-21,AZ,528,715,2,0.0,1000,853.96,0.0,518035.48,3.0,2.0,1.0,1.0,0,0,0,89.0,75.0,311.92,311.92,217.0,185.82,40322.46,2023-04-12 13:13:00,0.0,810,0.0,2600,Male,38,0,0.85396,0,1,2023-04-01,0,0.0,0.0,0.001648458519,0.85396,183.5765946,0.3284461538,0.3846153846,1,1,0,0.0,0,262,217.0,311.92,15.50863846,2.144076923,0.5846375,1,0.85396,2220.296,6.908754779,6.751054684,13.15780094,5.745947567,10.60468871,7.863651265,2025-11-03 05:36:35.641484,311.92,0,1,0,0,0.85396,0.85396,21.3918774,1.304819917,0,0.1189427405,1,2600,0.0,183.5765946,3.0,1.0,2,1,0.85396
319,1981-11-25,IL,559,615,2,0.0,1000,254.66,0.2547,4092.84,13.0,3.0,0.0,0.0,0,0,0,52.0,35.5,803.76,803.76,247.0,151.8,37495.57,2022-12-02 22:36:00,0.0,732,0.0,2200,Male,43,0,0.25466,0,1,2022-12-01,0,0.0,0.0,0.06222085398,0.25466,1.860381818,0.1157545455,0.4545454545,1,1,0,0.0,0,393,247.0,803.76,17.04344091,2.07,0.25466,0,0.0,560.252,6.908754779,5.543848437,8.317238684,6.690544096,10.53200474,7.696667082,2025-11-03 05:37:35.641484,803.76,0,1,0,0,0.25466,0.25466,20.3918774,1.380466918,0,0.1809533419,1,2200,0.2547,1.860381818,13.0,0.0,2,1,0.25466
32,1973-09-16,TX,738,694,2,0.0,1000,574.73,0.5747,140489.07,4.0,3.0,1.0,0.0,0,0,0,135.0,110.5,148.26,148.26,249.0,236.44625,53705.59,2023-04-29 07:00:00,8.0,1624,0.004926108,5050,Male,52,15,0.57473,1,1,2023-04-01,1,0.0,0.0,0.00409092323,0.57473,1.8731876,0.007663066667,0.01333333333,1,1,0,0.0,1,246,249.0,148.26,5.3486952,0.64442,0.57473,1,0.57473,4073.358225,6.908754779,6.355638801,11.85289209,5.005689752,11.02688793,8.634298168,2025-11-03 05:38:35.641484,148.26,0,1,0,0,0.57473,0.57473,19.3918774,1.221080009,0,0.1958246917,0,5050,0.5747,1.8731876,4.0,1.0,2,1,0.57473
320,1971-11-21,NY,778,599,3,0.0,1000,155.78,0.1558,14523.29,8.0,3.0,1.0,2.0,0,0,0,163.0,141.7,50.23,50.23,227.0,96.67,21944.22,2023-07-05 05:44:00,8.0,1387,0.005767844,4300,Male,53,0,0.15578,1,0,2023-07-01,1,0.0,0.0,0.01072621975,0.15578,3.377509302,0.03622790698,0.2325581395,1,1,0,0.0,0,179,227.0,50.23,5.103306977,0.6744418605,0.0,0,0.15578,669.854,6.908754779,5.054843549,9.583577699,3.936325298,9.996304627,8.366602833,2025-11-03 05:39:35.641484,50.23,0,1,0,0,0.15578,0.15578,0.0,1.173125554,0,0.1625970129,1,4300,0.1558,3.377509302,8.0,1.0,3,0,0.15578
321,1984-08-02,MO,633,772,2,0.0,30000,3704.11,0.1235,6138.6,2.0,2.0,0.0,0.0,0,0,0,97.0,85.5,930.34,930.34,220.0,118.54,26078.28,2023-10-09 21:59:00,16.0,613,0.01942862,3400,Female,41,0,0.123470333,1,1,2023-10-01,0,0.0,0.0,0.4889038178,0.123470333,1.805470588,1.089444118,8.823529412,1,1,0,0.0,0,82,220.0,930.34,7.670082353,1.045941176,0.123470333,0,0.123470333,419.7991322,10.30898599,8.217468227,8.722514872,6.836624409,10.16889641,8.131824785,2025-11-03 05:39:35.641484,930.34,0,1,0,0,0.1234703333,0.1234703333,18.3918774,1.304798293,0,0.1724520302,1,3400,0.1235,1.805470588,2.0,0.0,2,1,0.123470333
322,1988-12-05,TX,771,519,4,1.0,4000,777.02,0.1943,226994.18,11.0,2.0,1.0,1.0,0,0,0,175.0,89.8,1120.67,1120.67,236.0,146.28,34521.43,2023-11-29 14:13:00,22.5,1200,0.019166667,4600,Female,36,0,0.194255,1,0,2023-11-01,1,0.25,2500.0,0.003423083358,0.194255,49.34656087,0.1689173913,0.8695652174,1,1,0,1.0,0,31,236.0,1120.67,7.504658696,0.954,0.0,0,0.194255,893.573,8.294299609,6.656752231,12.33268406,7.432116877,10.44936454,8.43402895,2025-11-03 05:37:35.641484,1120.67,0,1,0,0,0.194255,0.194255,0.0,1.343639276,0,0.2413040336,1,4600,0.1943,49.34656087,11.0,1.0,4,0,0.194255
323,1983-06-24,MI,727,729,2,0.0,2000,1725.4,0.8627,18204.44,6.0,2.0,0.0,0.0,0,0,0,187.0,103.5,285.98,285.98,227.0,169.17,38402.13,2023-10-24 06:24:00,9.0,574,0.015679443,2900,Female,42,0,0.8627,1,1,2023-10-01,1,0.0,0.0,0.09477907587,0.8627,6.277393103,0.5949655172,0.6896551724,1,1,0,0.0,0,68,227.0,285.98,13.24211379,1.750034483,0.5846375,0,0.8627,2501.83,7.601402335,7.453793595,9.80947573,5.659412527,10.55589425,7.972810784,2025-11-03 05:39:35.641484,285.98,0,1,0,0,0.8627,0.8627,18.3918774,1.329768378,0,0.1890611029,1,2900,0.8627,6.277393103,6.0,0.0,2,1,0.8627
324,1976-04-05,IN,784,499,4,1.0,2000,573.75,0.2869,83815.08,7.0,3.0,2.0,1.0,0,0,0,188.0,102.2,140.13,140.13,254.0,86.81,22049.01,2023-02-20 01:38:00,0.0,1250,0.0,4400,Male,49,0,0.286875,0,0,2023-02-01,1,0.25,2000.0,0.006845426861,0.286875,19.04888182,0.1303977273,0.4545454545,1,1,0,2.0,0,314,254.0,140.13,5.011138636,0.5918863636,0.0,0,0.286875,1262.25,7.601402335,6.353935164,11.33638015,4.949681451,10.00106833,8.389587067,2025-11-03 05:37:35.641484,140.13,0,1,0,0,0.286875,0.286875,0.0,1.118692897,0,0.19978958,0,4400,0.2869,19.04888182,7.0,2.0,4,0,0.286875
325,1988-09-17,NJ,520,651,2,0.0,20000,17150.03,0.8575,141907.24,8.0,2.0,0.0,1.0,0,0,0,163.0,128.0,332.52,332.52,218.0,236.44625,53705.59,2022-06-06 16:58:00,0.0,1050,0.0,3200,Male,37,0,0.8575015,0,1,2022-06-01,0,0.0,0.0,0.1208538056,0.8575015,44.3460125,5.359384375,6.25,1,1,0,0.0,0,572,218.0,332.52,18.0793125,2.4879375,0.5846375,0,0.8575015,2744.0048,9.903537551,9.749813509,11.86293593,5.809702834,10.9656917,8.07121854,2025-11-03 05:39:35.641484,332.52,0,1,0,0,0.8575015,0.8575015,18.3918774,1.247020987,0,0.2222918045,1,3200,0.8575,44.3460125,8.0,0.0,2,1,0.8575015
326,1975-05-27,CO,702,541,2,0.0,2000,231.48,0.1157,5534.08,9.0,3.0,1.0,2.0,0,0,0,174.0,90.0,1094.06,1094.06,210.0,168.49,35382.6,2022-06-25 01:34:00,9.0,1549,0.0058102,4000,Male,50,0,0.11574,1,1,2022-06-01,1,0.0,0.0,0.04182809067,0.11574,1.38352,0.05787,0.5,1,1,0,0.0,0,554,210.0,1094.06,8.84565,1.263675,0.11574,1,0.11574,462.96,7.601402335,5.4488042,8.618861299,6.998564435,10.47400371,8.294299609,2025-11-03 05:38:35.641484,1094.06,0,1,0,0,0.11574,0.11574,19.3918774,1.29271817,0,0.1661865372,1,4000,0.1157,1.38352,9.0,1.0,2,1,0.11574
327,1983-12-28,NC,788,675,3,0.0,20000,19055.19,0.9528,240593.75,11.0,2.0,0.0,2.5,0,0,0,167.0,104.7,55.48,55.48,230.0,106.24,24435.92,2023-01-05 04:00:00,0.0,1335,0.0,3300,Female,41,0,0.9527595,0,0,2023-01-01,1,0.0,0.0,0.0792006858,0.9527595,72.90719697,5.7743,6.060606061,1,1,0,0.0,0,360,230.0,55.48,7.404824242,0.9658181818,0.0,0,0.9527595,3144.10635,9.903537551,9.855147262,12.39086926,4.033886593,10.10385038,8.101980732,2025-11-03 05:36:35.641484,55.48,0,1,0,0,0.9527595,0.9527595,0.0,1.188903117,0,0.2145191933,1,3300,0.9528,72.90719697,11.0,0.0,3,0,0.9527595
328,1972-08-03,IL,636,643,4,0.0,5000,2330.2,0.466,150843.58,15.0,3.0,0.0,0.0,0,0,0,178.0,59.8,1120.67,1120.67,255.0,97.42,24840.93,2023-07-08 11:55:00,0.0,1927,0.0,3300,Male,53,0,0.46604,0,0,2023-07-01,0,0.0,0.0,0.01544779035,0.46604,45.71017576,0.7061212121,1.515151515,1,1,0,0.0,0,175,255.0,1120.67,7.527554545,0.8856363636,0.0,0,0.46604,1537.932,8.517393171,7.754138435,11.92400531,7.487330545,10.12028823,8.101980732,2025-11-03 05:36:35.641484,1120.67,0,1,0,0,0.46604,0.46604,0.0,1.234979391,0,0.1514263193,0,3300,0.466,45.71017576,15.0,0.0,4,0,0.46604
329,1979-11-24,PA,647,558,2,0.0,10000,3553.18,0.3553,8605.08,6.0,3.0,1.0,1.0,0,0,0,127.0,125.5,493.81,493.81,223.0,166.74,37182.84,2023-10-04 12:22:00,0.0,1134,0.0,4000,Female,45,0,0.355318,0,1,2023-10-01,0,0.0,0.0,0.4129165563,0.355318,2.15127,0.888295,2.5,1,1,0,0.0,0,87,223.0,493.81,9.29571,1.25055,0.355318,1,0.355318,1421.272,9.210440367,8.175879655,9.060224209,6.204173851,10.52362954,8.294299609,2025-11-03 05:36:35.641484,493.81,0,1,0,0,0.355318,0.355318,21.3918774,1.369135404,0,0.1607474463,1,4000,0.3553,2.15127,6.0,1.0,2,1,0.355318
33,1968-02-05,WA,620,655,2,0.0,48500,20848.4875,0.0,17819.72,8.0,3.0,1.0,0.0,0,0,0,123.0,81.0,157.6,157.6,271.0,236.44625,53705.59,2023-03-25 22:02:00,8.0,847,0.0094451,5050,Female,57,20,0.538856,1,1,2023-03-01,0,0.0,0.0,0.4889038178,0.538856,0.1388585678,2.028110964,3.763734123,1,1,0,0.0,1,280,271.0,157.6,4.485806125,0.4965838074,0.538856,1,0.538856,4073.358225,13.087774,12.46946899,9.788117104,5.066385309,11.02688793,8.634298168,2025-11-03 05:38:35.641484,157.6,0,1,0,0,0.5388560663,0.5388560663,19.3918774,1.229254638,0,0.2257896141,0,5050,0.0,0.1388585678,8.0,1.0,2,1,0.538856
330,2000-06-03,PA,681,784,3,0.0,5000,2854.7,0.5709,201596.29,10.0,3.0,0.0,1.0,0,0,0,99.0,73.7,175.04,175.04,247.0,174.82,43179.4,2022-08-15 10:09:00,10.0,769,0.013003901,2600,Male,25,0,0.57094,1,0,2022-08-01,1,0.0,0.0,0.01416047885,0.57094,77.53703462,1.097961538,1.923076923,1,1,0,0.0,0,503,247.0,175.04,16.60746154,2.017153846,0.0,0,0.57094,1484.444,8.517393171,7.957072276,12.21402737,5.170711242,10.67314197,7.863651265,2025-11-03 05:36:35.641484,175.04,0,1,0,0,0.57094,0.57094,0.0,1.269110643,0,0.1824206571,1,2600,0.5709,77.53703462,10.0,0.0,3,0,0.57094
331,1965-05-18,FL,593,628,4,0.0,15000,5601.63,0.3734,291092.35,6.0,2.0,0.0,2.0,0,0,0,163.0,58.8,177.74,177.74,231.0,141.92,32783.36,2022-02-03 21:13:00,7.0,1183,0.00591716,3300,Female,60,0,0.373442,1,0,2022-02-01,0,0.0,0.0,0.01924348063,0.373442,88.20980303,1.697463636,4.545454545,1,1,0,0.0,0,695,231.0,177.74,9.934351515,1.290181818,0.0,0,0.373442,1232.3586,9.615872145,8.630991409,12.58139929,5.185932236,10.39770685,8.101980732,2025-11-03 05:38:35.641484,177.74,0,1,0,0,0.373442,0.373442,0.0,1.305628697,0,0.162390337,1,3300,0.3734,88.20980303,6.0,0.0,4,0,0.373442
332,1994-06-22,NJ,555,652,4,0.0,35000,12470.25,0.3563,44084.73,10.0,3.0,0.0,2.0,0,0,0,115.0,55.5,93.27,93.27,249.0,148.4,36952.56,2023-09-16 09:28:00,0.0,1396,0.0,3500,Male,31,0,0.356292857,0,0,2023-09-01,0,0.0,0.0,0.282870055,0.356292857,12.59563714,3.562928571,10.0,1,1,0,0.0,0,106,249.0,93.27,10.55787429,1.272,0.0,0,0.356292857,1247.025,10.46313191,9.431181274,10.69389143,4.546163005,10.51741727,8.160803921,2025-11-03 05:36:35.641484,93.27,0,1,0,0,0.3562928571,0.3562928571,0.0,1.214778515,0,0.1405734617,1,3500,0.3563,12.59563714,10.0,0.0,4,0,0.356292857
333,2002-07-27,VA,723,760,3,0.0,1000,353.92,0.3539,223793.21,6.0,2.0,0.0,0.0,0,0,0,184.0,134.7,855.36,855.36,233.0,136.23,31742.31,2022-01-10 11:29:00,0.0,906,0.0,3400,Male,23,0,0.35392,0,0,2022-01-01,1,0.0,0.0,0.001581459956,0.35392,65.82153235,0.1040941176,0.2941176471,1,1,0,0.0,0,719,233.0,855.36,9.335973529,1.202029412,0.0,0,0.35392,1203.328,6.908754779,5.871892412,12.3184822,6.752690848,10.36543727,8.131824785,2025-11-03 05:39:35.641484,855.36,0,1,0,0,0.35392,0.35392,0.0,1.363793946,0,0.1980819758,0,3400,0.3539,65.82153235,6.0,0.0,3,0,0.35392
334,1971-11-08,CO,614,684,4,1.0,34000,18152.64,0.5339,35190.13,7.0,3.0,2.0,1.0,0,0,0,126.0,58.8,114.8,114.8,214.0,178.34,38163.83,2023-03-09 00:04:00,0.0,1197,0.0,3500,Male,53,0,0.533901176,0,0,2023-03-01,0,0.25,2500.0,0.4889038178,0.533901176,10.05432286,5.186468571,9.714285714,1,1,0,2.0,0,297,214.0,114.8,10.90395143,1.528628571,0.0,0,0.533901176,1868.654116,10.43414521,9.806626371,10.46854934,4.751864565,10.54966969,8.160803921,2025-11-03 05:37:35.641484,114.8,0,1,0,0,0.5339011765,0.5339011765,0.0,1.202833834,0,0.1569006396,1,3500,0.5339,10.05432286,7.0,2.0,4,0,0.533901176
335,1966-10-18,NC,546,726,4,2.0,40000,20848.4875,0.7268,191492.04,15.0,3.0,2.0,1.0,0,0,0,157.0,98.8,216.09,216.09,210.0,149.62,31420.49,2022-01-20 07:42:00,6.0,1341,0.004474273,2800,Female,59,0,0.726774,1,0,2022-01-01,0,0.5,2500.0,0.15181289,0.726774,68.39001429,6.45558796,14.28571429,1,1,0,1.0,0,710,210.0,216.09,11.22160357,1.603071429,0.0,0,0.726774,2034.9672,10.59665973,10.27752941,12.16260674,5.380312014,10.35524733,7.937731775,2025-11-03 05:39:35.641484,216.09,0,1,0,0,0.726774,0.726774,0.0,1.305190306,0,0.2413056088,0,2800,0.7268,68.39001429,15.0,2.0,4,0,0.726774
336,1979-11-03,MA,729,772,3,1.0,30000,19875.57,0.6625,24097.92,8.0,2.0,0.0,0.0,0,0,0,79.0,65.7,428.61,428.61,210.0,131.74,27665.28,2022-05-12 00:56:00,12.0,973,0.012332991,3400,Female,45,0,0.662519,1,0,2022-05-01,1,0.3333333333,2500.0,0.4889038178,0.662519,7.087623529,5.845755882,8.823529412,1,1,0,0.0,0,598,210.0,428.61,8.136847059,1.162411765,0.0,0,0.662519,2252.5646,10.30898599,9.89729693,10.08992231,6.06287782,10.22796962,8.131824785,2025-11-03 05:39:35.641484,428.61,0,1,0,0,0.662519,0.662519,0.0,1.369018361,0,0.1588606012,1,3400,0.6625,7.087623529,8.0,0.0,3,0,0.662519
337,1984-11-14,FL,767,604,3,0.0,20000,15798.07,0.7899,333342.6,3.0,3.0,0.0,2.0,0,0,0,75.0,42.0,87.37,87.37,226.0,90.55,20463.89,2023-04-22 19:27:00,0.0,743,0.0,4300,Female,40,0,0.7899035,0,0,2023-04-01,1,0.0,0.0,0.04739289248,0.7899035,77.52153488,3.673969767,4.651162791,1,1,0,0.0,0,252,226.0,87.37,4.759044186,0.631744186,0.0,0,0.7899035,3396.58505,9.903537551,9.667706357,12.71692907,4.481532546,9.926466014,8.366602833,2025-11-03 05:36:35.641484,87.37,0,1,0,0,0.7899035,0.7899035,0.0,1.218844285,0,0.1480742331,1,4300,0.7899,77.52153488,3.0,0.0,3,0,0.7899035
338,1973-01-02,GA,616,645,4,0.0,7000,5720.96,0.8173,66324.23,9.0,2.0,1.0,0.0,0,0,0,181.0,138.2,170.29,170.29,245.0,143.05,35047.6,2023-07-25 10:36:00,11.0,731,0.01504788,2900,Male,52,0,0.81728,1,0,2023-07-01,0,0.0,0.0,0.08625746579,0.81728,22.87042414,1.972744828,2.413793103,1,1,0,0.0,0,159,245.0,170.29,12.08537931,1.479827586,0.0,0,0.81728,2370.112,8.853808275,8.652066683,11.10232565,5.143358027,10.46449095,7.972810784,2025-11-03 05:39:35.641484,170.29,0,1,0,0,0.81728,0.81728,0.0,1.279776978,0,0.1244532057,0,2900,0.8173,22.87042414,9.0,1.0,4,0,0.81728
339,1996-02-04,OH,537,696,2,0.0,10000,9595.98,0.9596,62583.31,4.0,3.0,0.0,0.0,0,0,0,117.0,79.0,244.23,244.23,232.0,166.1,38534.45,2022-04-15 04:11:00,0.0,1281,0.0,3700,Female,29,0,0.959598,0,1,2022-04-01,0,0.0,0.0,0.1533312955,0.959598,16.91440811,2.593508108,2.702702703,1,1,0,0.0,0,625,232.0,244.23,10.41471622,1.346756757,0.5846375,0,0.959598,3550.5126,9.210440367,9.169203745,11.04426989,5.502196546,10.55933388,8.216358332,2025-11-03 05:39:35.641484,244.23,0,1,0,0,0.959598,0.959598,18.3918774,1.317696267,0,0.1526985343,0,3700,0.9596,16.91440811,4.0,0.0,2,1,0.959598
34,1992-10-03,PA,711,550,4,0.0,1000,566.42,0.5664,29445.73,6.0,3.0,0.0,2.0,0,0,0,187.0,130.0,1120.67,1120.67,272.5,236.44625,53705.59,2023-03-24 22:58:00,0.0,2100,0.0,5050,Female,33,19,0.56642,0,0,2023-03-01,1,0.0,0.0,0.01923606581,0.56642,1.773839157,0.03412168675,0.06024096386,1,1,0,0.0,1,281,272.5,1120.67,18.8428536,2.50213838,0.0,0,0.56642,4073.358225,6.908754779,6.34109977,10.29033815,7.63660256,11.02688793,8.634298168,2025-11-03 05:39:35.641484,1120.67,0,1,0,0,0.56642,0.56642,0.0,1.386294361,0,0.3430639854,1,5050,0.5664,1.773839157,6.0,0.0,4,0,0.56642
340,1999-03-13,MA,658,644,4,1.0,1000,531.11,0.0,580391.195,3.0,3.0,0.0,1.0,0,0,0,140.0,51.5,92.6,92.6,226.0,131.06,29619.71,2022-03-05 16:48:00,0.0,781,0.0,3200,Female,26,0,0.53111,0,0,2022-03-01,0,0.25,1000.0,0.0006997391054,0.53111,183.5765946,0.165971875,0.3125,1,1,0,0.0,0,665,226.0,92.6,9.256159375,1.2286875,0.0,0,0.53111,1699.552,6.908754779,6.276850235,13.53977347,4.539030383,10.29622906,8.07121854,2025-11-03 05:37:35.641484,92.6,0,1,0,0,0.53111,0.53111,0.0,1.251890418,0,0.3079687429,0,3200,0.0,183.5765946,3.0,0.0,4,0,0.53111
341,1988-11-24,IN,784,636,2,0.0,1000,214.67,0.0,3496.6,1.0,1.0,1.0,0.0,0,0,0,184.0,124.0,218.71,218.71,244.0,106.54,25996.04,2023-05-24 11:55:00,6.0,967,0.006204757,4000,Female,36,0,0.21467,1,1,2023-05-01,1,0.0,0.0,0.06139392553,0.21467,0.87415,0.0536675,0.25,1,1,0,0.0,0,220,244.0,218.71,6.49901,0.79905,0.21467,1,0.21467,858.68,6.908754779,5.373749462,8.159832298,5.392308495,10.16573796,8.294299609,2025-11-03 05:37:35.641484,218.71,0,1,0,0,0.21467,0.21467,20.3918774,1.282172477,0,0.2784590666,0,4000,0.0,0.87415,1.0,1.0,2,1,0.21467
342,1991-10-24,IL,659,799,3,1.0,31000,20848.4875,0.749,176415.12,6.0,3.0,0.0,0.0,0,0,0,163.0,139.0,85.53,85.53,220.0,112.73,24799.73,2023-05-28 14:14:00,0.0,1113,0.0,2800,Female,34,0,0.748987097,0,0,2023-05-01,0,0.3333333333,2500.0,0.1316134354,0.748987097,63.0054,6.45558796,11.07142857,1,1,0,0.0,0,216,220.0,85.53,8.857046429,1.207821429,0.0,0,0.748987097,2097.163872,10.34177474,10.05275203,12.0806008,4.460491175,10.11862837,7.937731775,2025-11-03 05:38:35.641484,85.53,0,1,0,0,0.7489870968,0.7489870968,0.0,1.263950762,0,0.143826567,1,2800,0.749,63.0054,6.0,0.0,3,0,0.748987097
343,1991-11-04,CO,705,599,4,0.0,1000,414.32,0.0,110827.23,13.0,3.0,0.0,2.5,0,0,0,148.0,63.2,276.51,276.51,217.0,142.11,30838.09,2022-12-06 11:58:00,0.0,573,0.0,3200,Male,33,0,0.41432,0,0,2022-12-01,1,0.0,0.0,0.003738431431,0.41432,34.63350938,0.129475,0.3125,1,1,0,0.0,0,389,217.0,276.51,9.636903125,1.33228125,0.0,0,0.41432,1325.824,6.908754779,6.029049307,11.6157368,5.625856969,10.33653832,8.07121854,2025-11-03 05:38:35.641484,276.51,0,1,0,0,0.41432,0.41432,0.0,1.351853165,0,0.1005351479,1,3200,0.0,34.63350938,13.0,0.0,4,0,0.41432
344,1991-05-02,VA,671,523,4,0.0,1000,413.84,0.0,331482.94,9.0,3.0,1.0,0.0,0,0,0,186.0,85.8,76.37,76.37,209.0,174.72,36516.06,2023-02-20 17:13:00,0.0,1847,0.0,3000,Male,34,0,0.41384,0,0,2023-02-01,1,0.0,0.0,0.001248450373,0.41384,110.4943133,0.1379466667,0.3333333333,1,1,0,0.0,0,313,209.0,76.37,12.17202,1.7472,0.0,0,0.41384,1241.52,6.908754779,6.027892904,12.71133464,4.348599109,10.50553483,8.006700845,2025-11-03 05:39:35.641484,76.37,0,1,0,0,0.41384,0.41384,0.0,1.149231252,0,0.2455443184,0,3000,0.0,110.4943133,9.0,1.0,4,0,0.41384
345,1978-08-15,OH,507,797,3,0.0,48500,13671.96,0.2734,15962.54,8.0,3.0,0.0,2.5,0,0,0,161.0,84.3,31.05,31.05,206.0,236.44625,49227.55,2023-09-02 08:36:00,10.0,1150,0.008695652,2700,Female,47,0,0.2734392,1,0,2023-09-01,0,0.0,0.0,0.4889038178,0.2734392,5.912051852,5.063688889,15.64516129,1,1,0,0.0,0,120,206.0,31.05,18.23242593,2.50213838,0.0,0,0.2734392,738.28584,10.81979828,9.523175439,9.678062651,3.467297183,10.80422902,7.901377354,2025-11-03 05:39:35.641484,31.05,0,1,0,0,0.2734392,0.2734392,0.0,0.9927361219,0,0.2271148207,1,2700,0.2734,5.912051852,8.0,0.0,3,0,0.2734392
346,1988-02-22,VA,627,655,4,0.0,1000,761.34,0.0,311391.17,9.0,2.0,1.0,1.0,0,0,0,175.0,98.8,735.88,735.88,234.0,130.54,30545.64,2022-06-20 00:54:00,0.0,600,0.0,4000,Male,37,0,0.76134,0,0,2022-06-01,0,0.0,0.0,0.002444963356,0.76134,77.8477925,0.190335,0.25,1,1,0,0.0,0,559,234.0,735.88,7.63641,0.97905,0.0,0,0.76134,3045.36,6.908754779,6.63639265,12.64880839,6.602425057,10.32700997,8.294299609,2025-11-03 05:38:35.641484,735.88,0,1,0,0,0.76134,0.76134,0.0,1.371473475,0,0.2378441167,0,4000,0.0,77.8477925,9.0,1.0,4,0,0.76134
347,1999-11-12,NY,636,721,2,1.0,1000,716.87,0.0,34294.04,5.0,3.0,2.0,0.0,0,0,0,33.5,14.0,208.86,208.86,231.0,101.78,23511.59,2022-03-03 05:36:00,8.0,1677,0.004770423,4000,Male,25,0,0.71687,1,1,2022-03-01,0,0.5,1000.0,0.02090363223,0.71687,8.57351,0.1792175,0.25,1,1,0,2.0,0,668,231.0,208.86,5.8778975,0.76335,0.5846375,2,0.0,2867.48,6.908754779,6.576288494,10.44275602,5.346440642,10.0652913,8.294299609,2025-11-03 05:39:35.641484,208.86,0,1,0,0,0.71687,0.71687,18.3918774,1.315397481,0,0.2310183323,1,4000,0.0,8.57351,5.0,2.0,2,1,0.71687
348,1990-05-07,FL,649,755,3,0.0,1000,480.39,0.0,188037.0,10.0,3.0,2.0,1.0,0,0,0,155.0,145.0,101.76,101.76,231.0,160.46,37065.39,2022-09-21 04:32:00,0.0,616,0.0,3500,Female,35,0,0.48039,0,0,2022-09-01,0,0.0,0.0,0.002554763158,0.48039,53.72485714,0.1372542857,0.2857142857,1,1,0,0.0,0,466,231.0,101.76,10.59011143,1.375371429,0.0,0,0.48039,1681.365,6.908754779,6.176677752,12.14439935,4.632396172,10.52046591,8.160803921,2025-11-03 05:38:35.641484,101.76,0,1,0,0,0.48039,0.48039,0.0,1.234882936,0,0.2496495195,1,3500,0.0,53.72485714,10.0,2.0,3,0,0.48039
349,1994-02-22,AZ,584,760,2,0.0,20000,5029.72,0.2515,7058.64,4.0,2.0,2.0,0.0,0,0,0,132.0,131.5,643.84,643.84,244.0,144.69,35304.87,2022-05-17 18:13:00,0.0,1476,0.0,3300,Female,31,0,0.251486,0,1,2022-05-01,0,0.0,0.0,0.4889038178,0.251486,2.138981818,1.524157576,6.060606061,1,1,0,0.0,0,592,244.0,643.84,10.69844545,1.315363636,0.251486,2,0.251486,829.9038,9.903537551,8.523318394,8.862149338,6.469002224,10.47180452,8.101980732,2025-11-03 05:38:35.641484,643.84,0,1,0,0,0.251486,0.251486,19.3918774,1.381628218,0,0.2202495326,0,3300,0.2515,2.138981818,4.0,2.0,2,1,0.251486
35,1989-10-15,TN,788,760,4,1.0,30000,6701.69,0.2234,349488.16,14.0,3.0,0.0,0.0,0,0,0,157.0,128.5,251.83,251.83,242.0,236.44625,53705.59,2023-07-31 07:53:00,0.0,1187,0.0,5050,Male,36,16,0.223389667,0,0,2023-07-01,1,0.25,2500.0,0.0191757283,0.223389667,16.56341991,0.3176156398,1.421800948,1,1,0,0.0,1,153,242.0,251.83,18.8428536,2.50213838,0.0,0,0.223389667,4073.358225,10.30898599,8.810264217,12.76422782,5.532717326,11.02688793,8.634298168,2025-11-03 05:38:35.641484,251.83,0,1,0,0,0.2233896667,0.2233896667,0.0,1.266700957,0,0.2530697184,0,5050,0.2234,16.56341991,14.0,0.0,4,0,0.223389667
350,1966-01-26,NC,798,489,2,0.0,1000,164.64,0.0,10299.39,7.0,3.0,2.0,1.0,0,0,0,153.0,79.5,116.38,116.38,236.0,118.04,27857.63,2023-12-12 09:19:00,0.0,1040,0.0,3700,Female,59,0,0.16464,0,1,2023-12-01,1,0.0,0.0,0.01598541273,0.16464,2.783618919,0.0444972973,0.2702702703,1,1,0,0.0,0,19,236.0,116.38,7.529089189,0.9570810811,0.16464,2,0.16464,609.168,6.908754779,5.109816759,9.239937038,4.765416535,10.23489807,8.216358332,2025-11-03 05:39:35.641484,116.38,0,1,0,0,0.16464,0.16464,18.3918774,1.254877862,0,0.17838325,1,3700,0.0,2.783618919,7.0,2.0,2,1,0.16464
351,1980-03-26,MO,778,610,2,0.0,1000,98.58,0.0,6701.57,6.0,2.0,1.0,1.0,0,0,0,166.0,114.5,136.57,136.57,213.0,146.35,31172.88,2023-05-21 17:23:00,0.0,1220,0.0,4000,Female,45,0,0.09858,0,1,2023-05-01,1,0.0,0.0,0.01470998587,0.09858,1.6753925,0.024645,0.25,1,1,0,0.0,0,223,213.0,136.57,7.79322,1.097625,0.09858,1,0.09858,394.32,6.908754779,4.600961341,8.810246314,4.924132878,10.34733584,8.294299609,2025-11-03 05:38:35.641484,136.57,0,1,0,0,0.09858,0.09858,19.3918774,1.270358394,0,0.2193156334,1,4000,0.0,1.6753925,6.0,1.0,2,1,0.09858
352,1978-02-27,IN,510,582,3,1.0,0,0.0,0.0,433767.05,9.0,3.0,2.0,0.0,0,0,0,167.0,79.3,199.1,199.1,219.0,122.93,26921.94,2023-02-27 10:33:00,10.0,1681,0.00594884,3600,Male,47,0,0.49068525,1,0,2023-02-01,0,0.3333333333,0.0,0.0,0.49068525,120.4908472,0.0,0.0,1,1,0,2.0,0,307,219.0,199.1,7.478316667,1.024416667,0.0,0,0.477859,1590.507672,2.416580621,1.973596521,12.98026522,5.298817242,10.20073399,8.188966864,2025-11-03 05:37:35.641484,199.1,0,1,0,0,0.0,0.0,0.0,1.345072624,0,0.1780589018,1,3600,0.0,120.4908472,9.0,2.0,3,0,0.49068525
353,1978-10-07,OH,507,484,3,1.0,21000,17350.71,0.8262,274808.04,3.0,2.0,1.0,2.0,0,0,0,96.0,72.0,172.54,172.54,219.0,169.52,37125.77,2023-09-25 17:28:00,0.0,1264,0.0,3600,Male,47,0,0.826224286,0,0,2023-09-01,0,0.3333333333,2500.0,0.06313756322,0.826224286,76.33556667,4.819641667,5.833333333,1,1,0,1.0,0,96,219.0,172.54,10.31271389,1.412666667,0.0,0,0.826224286,2974.40743,9.952325335,9.76144634,12.52383174,5.15640812,10.52209355,8.188966864,2025-11-03 05:36:35.641484,172.54,0,1,0,0,0.8262242857,0.8262242857,0.0,1.269996306,0,0.1996774675,1,3600,0.8262,76.33556667,3.0,1.0,3,0,0.826224286
354,1986-03-26,WI,678,664,4,1.0,10000,1383.54,0.1384,73660.59,9.0,3.0,0.0,0.0,0,0,0,180.0,137.5,414.2,414.2,251.0,88.52,22218.99,2022-03-25 06:30:00,12.0,1154,0.010398614,3400,Male,39,0,0.138354,1,0,2022-03-01,1,0.25,2500.0,0.01878263533,0.138354,21.66487941,0.4069235294,2.941176471,1,1,0,0.0,0,646,251.0,414.2,6.534997059,0.7810588235,0.0,0,0.138354,470.4036,9.210440367,7.233123233,11.20723678,6.028760332,10.00874761,8.131824785,2025-11-03 05:36:35.641484,414.2,0,1,0,0,0.138354,0.138354,0.0,1.249286545,0,0.145666994,0,3400,0.1384,21.66487941,9.0,0.0,4,0,0.138354
355,1965-05-28,IL,489,677,3,0.0,5000,1369.64,0.2739,115839.27,4.0,3.0,0.0,2.0,0,0,0,185.0,114.7,52.21,52.21,202.0,112.93,22812.51,2022-01-24 14:42:00,12.0,2009,0.005973121,2900,Female,60,0,0.273928,1,0,2022-01-01,0,0.0,0.0,0.01182362423,0.273928,39.94457586,0.4722896552,1.724137931,1,1,0,0.0,0,705,202.0,52.21,7.866382759,1.168241379,0.0,0,0.273928,794.3912,8.517393171,7.223033063,11.65996754,3.974246349,10.03510818,7.972810784,2025-11-03 05:37:35.641484,52.21,0,1,0,0,0.273928,0.273928,0.0,1.204011997,0,0.2368059424,1,2900,0.2739,39.94457586,4.0,0.0,3,0,0.273928
356,1973-09-09,WA,674,641,4,1.0,5000,2711.13,0.5422,36426.0,10.0,3.0,0.0,0.0,0,0,0,115.0,79.2,119.04,119.04,243.0,107.05,26013.64,2023-08-18 22:43:00,10.0,1361,0.007347539,3800,Male,52,0,0.542226,1,0,2023-08-01,1,0.25,2500.0,0.07442843024,0.542226,9.585789474,0.7134552632,1.315789474,1,1,0,0.0,0,134,243.0,119.04,6.845694737,0.8451315789,0.0,0,0.542226,2060.4588,8.517393171,7.905489583,10.50306554,4.787825021,10.16641474,8.243019469,2025-11-03 05:37:35.641484,119.04,0,1,0,0,0.542226,0.542226,0.0,1.220760879,0,0.1738610454,0,3800,0.5422,9.585789474,10.0,0.0,4,0,0.542226
357,1972-11-28,CA,785,575,2,1.0,1000,136.84,0.0,19509.03,6.0,3.0,1.0,1.0,1,1525,0,66.0,37.5,189.72,189.72,213.0,180.46,38436.96,2023-09-06 19:22:00,0.0,1273,0.0,2800,Female,52,0,0.13684,0,1,2023-09-01,1,0.5,1000.0,0.007014187789,0.13684,6.967510714,0.04887142857,0.3571428571,1,1,0,1.0,0,115,213.0,189.72,13.72748571,1.9335,0.13684,1,0.13684,383.152,6.908754779,4.926093592,9.878683971,5.250806384,10.55680079,7.937731775,2025-11-03 05:39:35.641484,189.72,0,1,0,0,0.13684,0.13684,18.3918774,1.249629883,0,0.1674315195,0,2800,0.0,6.967510714,6.0,1.0,2,1,0.13684
358,1973-01-12,OH,736,767,2,0.0,1000,495.14,0.4951,83654.5,5.0,3.0,2.5,0.0,0,0,0,62.0,41.0,422.67,422.67,223.0,107.75,24027.51,2023-11-30 12:51:00,11.0,426,0.01942862,3100,Female,52,0,0.49514,1,1,2023-11-01,1,0.0,0.0,0.00591886868,0.49514,26.98532258,0.1597225806,0.3225806452,1,1,1,0.0,0,30,223.0,422.67,7.750809677,1.042741935,0.49514,3,0.49514,1534.934,6.908754779,6.206858145,11.33446245,6.04895485,10.08699632,8.039479919,2025-11-03 05:38:35.641484,422.67,0,1,0,0,0.49514,0.49514,19.3918774,1.375946929,0,0.1924123696,0,3100,0.4951,26.98532258,5.0,2.5,2,1,0.49514
359,2002-06-01,WA,500,751,2,0.0,1000,43.95,0.044,85544.41,5.0,3.0,1.0,1.0,0,0,0,33.5,20.0,17.03,17.03,216.0,158.58,34253.36,2022-01-16 17:41:00,0.0,1282,0.0,3500,Female,23,0,0.04395,0,1,2022-01-01,0,0.0,0.0,0.0005137682287,0.04395,24.44126,0.01255714286,0.2857142857,1,1,0,0.0,0,713,216.0,17.03,9.786674286,1.359257143,0.04395,1,0.0,153.825,6.908754779,3.805550761,11.35680263,2.892037037,10.44156913,8.160803921,2025-11-03 05:39:35.641484,17.03,0,1,0,0,0.04395,0.04395,18.3918774,1.100883005,0,0.1995615135,1,3500,0.044,24.44126,5.0,1.0,2,1,0.04395
36,1981-09-28,CA,763,582,2,0.0,10000,1389.44,0.1389,1389.44,6.0,2.0,0.0,2.5,0,0,0,109.0,78.5,631.18,631.18,248.0,92.06,22829.71,2022-12-25 14:36:00,0.0,1354,0.0,3600,Male,44,0,0.138944,0,1,2022-12-01,1,0.0,0.0,0.4889038178,0.138944,0.3859555556,0.3859555556,2.777777778,1,1,0,0.0,0,370,248.0,631.18,6.341586111,0.7671666667,0.138944,0,0.138944,500.1984,9.210440367,7.237375523,7.237375523,6.449174164,10.03586184,8.188966864,2025-11-03 05:38:35.641484,631.18,0,1,0,0,0.138944,0.138944,19.3918774,1.275470155,0,0.1383403382,1,3600,0.1389,0.3859555556,6.0,0.0,2,1,0.138944
360,1981-01-05,MI,650,681,2,1.0,2000,732.25,0.3661,105133.58,5.0,3.0,0.0,0.0,0,0,0,108.0,104.5,69.44,69.44,220.0,175.81,38679.24,2022-03-28 22:07:00,0.0,1529,0.0,2700,Female,44,0,0.366125,0,1,2022-03-01,0,0.5,2000.0,0.006964948782,0.366125,38.93836296,0.2712037037,0.7407407407,1,1,0,0.0,0,642,220.0,69.44,14.32564444,1.953444444,0.366125,0,0.366125,988.5375,7.601402335,6.597486708,11.56299652,4.254761284,10.56308415,7.901377354,2025-11-03 05:39:35.641484,69.44,0,1,0,0,0.366125,0.366125,18.3918774,1.175869332,0,0.1379691372,1,2700,0.3661,38.93836296,5.0,0.0,2,1,0.366125
361,1998-02-24,TX,489,660,3,0.0,0,0.0,0.0,49640.72,5.0,2.0,0.0,0.0,0,0,0,186.0,136.0,115.85,115.85,232.0,114.72,26614.64,2023-06-18 20:00:00,10.0,940,0.010638298,2900,Male,27,0,0.49068525,1,0,2023-06-01,0,0.0,0.0,0.0,0.49068525,17.11748966,0.0,0.0,1,1,0,0.0,0,195,232.0,115.85,9.177462069,1.186758621,0.0,0,0.477859,1590.507672,2.416580621,1.973596521,10.81258689,4.760891061,10.18925429,7.972810784,2025-11-03 05:37:35.641484,115.85,0,1,0,0,0.0,0.0,0.0,1.264014626,0,0.1423697555,0,2900,0.0,17.11748966,5.0,0.0,3,0,0.49068525
362,1995-08-25,VA,800,600,4,1.0,1000,439.7,0.4397,379523.89,16.0,3.0,0.0,0.0,0,0,0,170.0,99.8,811.41,811.41,236.0,123.39,29120.0,2022-10-23 07:28:00,0.0,1004,0.0,5000,Female,30,0,0.4397,0,0,2022-10-01,1,0.25,1000.0,0.001158556843,0.4397,75.904778,0.08794,0.2,1,1,0,0.0,0,434,236.0,811.41,5.824,0.74034,0.0,0,0.4397,2198.5,6.908754779,6.088364372,12.84667546,6.700005139,10.27921484,8.517393171,2025-11-03 05:36:35.641484,811.41,0,1,0,0,0.4397,0.4397,0.0,1.3541789,0,0.2271244245,1,5000,0.4397,75.904778,16.0,0.0,4,0,0.4397
363,1997-10-04,MA,511,678,3,0.0,20000,18936.91,0.9468,241208.27,7.0,3.0,0.0,0.0,0,0,0,189.0,134.3,163.27,163.27,247.0,174.18,43021.78,2023-10-06 04:46:00,0.0,944,0.0,3300,Female,28,0,0.9468455,0,0,2023-10-01,0,0.0,0.0,0.07850854367,0.9468455,73.09341515,5.738457576,6.060606061,1,1,0,0.0,0,86,247.0,163.27,13.03690303,1.583454545,0.0,0,0.9468455,3124.59015,9.903537551,9.848921012,12.39342018,5.101511416,10.66948502,8.101980732,2025-11-03 05:39:35.641484,163.27,0,1,0,0,0.9468455,0.9468455,0.0,1.262525798,0,0.1651154521,1,3300,0.9468,73.09341515,7.0,0.0,3,0,0.9468455
364,1997-04-20,NY,764,595,4,0.0,24000,18189.73,0.7579,18189.73,11.0,3.0,0.0,0.0,0,0,0,189.0,65.2,149.99,149.99,213.0,172.66,36777.61,2022-03-22 14:33:00,0.0,1706,0.0,3600,Female,28,0,0.757905417,0,0,2022-03-01,1,0.0,0.0,0.4889038178,0.757905417,5.052702778,5.052702778,6.666666667,1,1,0,0.0,0,648,213.0,149.99,10.21600278,1.438833333,0.0,0,0.757905417,2728.459501,10.08585078,9.808667403,9.808667403,5.017213609,10.51267171,8.188966864,2025-11-03 05:38:35.641484,149.99,0,1,0,0,0.7579054167,0.7579054167,0.0,1.236430032,0,0.3843653473,1,3600,0.7579,5.052702778,11.0,0.0,4,0,0.757905417
365,1998-05-15,CA,654,550,2,0.0,1000,522.46,0.5225,53027.41,2.0,3.0,1.0,2.0,0,0,0,142.0,94.0,82.92,82.92,230.0,167.08,38428.28,2022-08-01 22:54:00,7.0,605,0.011570248,2600,Male,27,0,0.52246,1,1,2022-08-01,0,0.0,0.0,0.009852640361,0.52246,20.39515769,0.2009461538,0.3846153846,1,1,0,0.0,0,516,230.0,82.92,14.78010769,1.927846154,0.52246,1,0.52246,1358.396,6.908754779,6.260460619,10.87858309,4.429863964,10.55657495,7.863651265,2025-11-03 05:36:35.641484,82.92,0,1,0,0,0.52246,0.52246,21.3918774,1.210799567,0,0.2244839443,1,2600,0.5225,20.39515769,2.0,1.0,2,1,0.52246
366,1968-08-28,PA,675,693,2,0.0,1000,548.51,0.5485,1621.5,3.0,2.0,0.0,0.0,0,0,0,54.0,46.5,176.99,176.99,236.0,107.24,25309.26,2023-02-26 10:09:00,0.0,790,0.0,3800,Male,57,0,0.54851,0,1,2023-02-01,1,0.0,0.0,0.3382732038,0.54851,0.4267105263,0.1443447368,0.2631578947,1,1,0,0.0,0,308,236.0,176.99,6.660331579,0.8466315789,0.54851,0,0.54851,2084.338,6.908754779,6.309026972,7.391723449,5.181727369,10.13896513,8.243019469,2025-11-03 05:38:35.641484,176.99,0,1,0,0,0.54851,0.54851,19.3918774,1.289195014,0,0.1511845358,1,3800,0.5485,0.4267105263,3.0,0.0,2,1,0.54851
367,1992-11-04,CO,773,698,2,0.0,1000,143.0,0.0,313151.43,5.0,3.0,1.0,0.0,0,0,0,158.0,148.5,286.36,286.36,259.0,109.06,28246.04,2023-12-30 17:17:00,0.0,1516,0.0,4800,Female,32,0,0.143,0,1,2023-12-01,1,0.0,0.0,0.0004566480824,0.143,65.23988125,0.02979166667,0.2083333333,1,1,0,0.0,0,0,259.0,286.36,5.884591667,0.681625,0.143,1,0.143,686.4,6.908754779,4.9698133,12.65444535,5.660735785,10.24874395,8.476579509,2025-11-03 05:38:35.641484,286.36,0,1,0,0,0.143,0.143,19.3918774,1.266874447,0,0.2183783744,0,4800,0.0,65.23988125,5.0,1.0,2,1,0.143
368,1993-02-03,NC,789,709,3,1.0,2000,146.33,0.0732,368961.09,13.0,3.0,0.0,0.0,0,0,0,143.0,69.3,32.96,32.96,225.0,126.69,28504.82,2023-06-17 07:46:00,0.0,1197,0.0,4800,Male,32,0,0.073165,0,0,2023-06-01,1,0.3333333333,2000.0,0.0003966000859,0.073165,76.86689375,0.03048541667,0.4166666667,1,1,0,0.0,0,197,225.0,32.96,5.938504167,0.7918125,0.0,0,0.073165,351.192,7.601402335,4.992674969,12.81844918,3.525183361,10.25786356,8.476579509,2025-11-03 05:38:35.641484,32.96,0,1,0,0,0.073165,0.073165,0.0,1.168753312,0,0.2263602547,1,4800,0.0732,76.86689375,13.0,0.0,3,0,0.073165
369,1974-02-05,NJ,585,777,2,0.0,2000,1130.17,0.5651,11071.68,11.0,3.0,1.0,0.0,0,0,0,163.0,148.5,287.67,287.67,247.0,166.03,41009.41,2023-03-08 16:11:00,0.0,1471,0.0,3700,Male,51,0,0.565085,0,1,2023-03-01,0,0.0,0.0,0.1020775528,0.565085,2.992345946,0.3054513514,0.5405405405,1,1,0,0.0,0,297,247.0,287.67,11.08362432,1.346189189,0.565085,1,0.565085,2090.8145,7.601402335,7.031007774,9.312236092,5.665284167,10.62158122,8.216358332,2025-11-03 05:38:35.641484,287.67,0,1,0,0,0.565085,0.565085,19.3918774,1.324189157,0,0.2541653359,1,3700,0.5651,2.992345946,11.0,1.0,2,1,0.565085
37,1972-11-18,NJ,799,656,2,1.0,5000,3708.06,0.7416,7724.78,4.0,3.0,0.0,0.0,0,0,0,172.0,113.5,1120.67,1120.67,224.0,109.41,24508.69,2023-11-03 18:32:00,0.0,1471,0.0,4200,Male,52,0,0.741612,0,1,2023-11-01,1,0.5,2500.0,0.4800214375,0.741612,1.839233333,0.8828714286,1.19047619,1,1,0,0.0,0,57,224.0,1120.67,5.835402381,0.7815,0.5846375,0,0.741612,3114.7704,8.517393171,8.218533754,8.952318068,7.465311805,10.10682383,8.343077871,2025-11-03 05:38:35.641484,1120.67,0,1,0,0,0.741612,0.741612,19.3918774,1.246186626,0,0.1951328553,0,4200,0.7416,1.839233333,4.0,0.0,2,1,0.741612
370,2002-09-23,NC,550,748,3,2.0,20000,2091.76,0.1046,16897.52,8.0,2.0,0.0,1.0,0,0,0,106.0,71.7,75.75,75.75,217.0,116.0,25172.36,2023-10-27 07:24:00,0.0,1000,0.0,3600,Female,23,0,0.104588,0,0,2023-10-01,0,0.6666666667,2500.0,0.1237909468,0.104588,4.693755556,0.5810444444,5.555555556,1,1,0,0.0,0,65,217.0,75.75,6.992322222,0.9666666667,0.0,0,0.104588,376.5168,9.903537551,7.646239048,9.734981323,4.340553386,10.13354157,8.188966864,2025-11-03 05:38:35.641484,75.75,0,1,0,0,0.104588,0.104588,0.0,1.254583551,0,0.2211255561,0,3600,0.1046,4.693755556,8.0,0.0,3,0,0.104588
371,1989-10-17,GA,700,769,2,0.0,5000,4821.11,0.9642,9602.77,7.0,2.0,0.0,0.0,0,0,0,124.0,82.0,42.97,42.97,256.0,140.97,36087.72,2023-11-14 03:32:00,21.0,1228,0.017100977,2900,Male,36,0,0.964222,1,1,2023-11-01,1,0.0,0.0,0.4889038178,0.964222,3.3113,1.662451724,1.724137931,1,1,0,0.0,0,47,256.0,42.97,12.44404138,1.458310345,0.5846375,0,0.964222,2796.2438,8.517393171,8.480966871,9.169911009,3.783507583,10.49373563,7.972810784,2025-11-03 05:39:35.641484,42.97,0,1,0,0,0.964222,0.964222,18.3918774,1.143336132,0,0.2015621414,0,2900,0.9642,3.3113,7.0,0.0,2,1,0.964222
372,1994-09-20,MI,642,765,4,0.0,1000,922.94,0.0,246153.08,10.0,3.0,2.0,1.0,0,0,0,65.0,48.5,63.28,63.28,244.0,100.45,24511.0,2022-02-01 18:30:00,7.0,389,0.017994859,3200,Male,31,0,0.92294,1,0,2022-02-01,0,0.0,0.0,0.00374945542,0.92294,76.9228375,0.28841875,0.3125,1,1,0,0.0,0,697,244.0,63.28,7.6596875,0.94171875,0.0,0,0.92294,2953.408,6.908754779,6.828647134,12.41371296,4.163248541,10.10691807,8.07121854,2025-11-03 05:37:35.641484,63.28,0,1,0,0,0.92294,0.92294,0.0,1.135422671,0,0.1891201644,0,3200,0.0,76.9228375,10.0,2.0,4,0,0.92294
373,1971-12-04,IN,574,554,4,0.0,36000,20848.4875,0.6225,263326.67,12.0,3.0,0.0,0.0,0,0,0,134.0,99.2,796.26,796.26,238.0,193.81,46126.79,2022-10-16 13:52:00,14.0,1071,0.013071895,2500,Male,53,0,0.622545556,1,0,2022-10-01,0,0.0,0.0,0.08510964727,0.622545556,105.330668,6.45558796,14.4,1,1,0,0.0,0,440,238.0,796.26,18.450716,2.32572,0.0,0,0.622545556,1556.36389,10.49130199,10.01738036,12.48115443,6.681180849,10.73917087,7.824445931,2025-11-03 05:37:35.641484,796.26,0,1,0,0,0.6225455556,0.6225455556,0.0,1.379067882,0,0.1965802502,0,2500,0.6225,105.330668,12.0,0.0,4,0,0.622545556
374,1978-07-15,OH,643,690,2,0.0,5000,3034.24,0.6068,10777.89,9.0,3.0,1.0,2.0,0,0,0,126.0,66.5,1120.67,1120.67,214.0,112.76,24130.25,2022-02-16 04:40:00,0.0,1846,0.0,3400,Female,47,0,0.606848,0,1,2022-02-01,0,0.0,0.0,0.2815244913,0.606848,3.169967647,0.8924235294,1.470588235,1,1,0,0.0,0,683,214.0,1120.67,7.097132353,0.9949411765,0.5846375,1,0.606848,2063.2832,8.517393171,8.018045778,9.285344871,7.697725131,10.09126296,8.131824785,2025-11-03 05:38:35.641484,1120.67,0,1,0,0,0.606848,0.606848,19.3918774,1.220219226,0,0.3175647214,1,3400,0.6068,3.169967647,9.0,1.0,2,1,0.606848
375,1991-06-27,MA,706,557,4,1.0,11000,3576.86,0.3252,347432.69,13.0,2.0,2.5,0.0,0,0,0,104.0,56.0,377.1,377.1,213.0,127.05,27062.01,2023-05-26 01:49:00,7.0,1431,0.004891684,2800,Female,34,0,0.325169091,1,0,2023-05-01,1,0.25,2500.0,0.01029511644,0.325169091,124.0831036,1.27745,3.928571429,1,1,1,3.0,0,219,213.0,377.1,9.665003571,1.36125,0.0,0,0.325169091,910.4734548,9.305741457,8.182520135,12.75832911,5.935158711,10.20592313,7.937731775,2025-11-03 05:37:35.641484,377.1,0,1,0,0,0.3251690909,0.3251690909,0.0,1.378606591,0,0.2030480402,1,2800,0.3252,124.0831036,13.0,2.5,4,0,0.325169091
376,1990-07-24,FL,534,574,2,1.0,2000,1756.01,0.878,7407.66,10.0,3.0,0.0,0.0,0,0,0,144.0,78.5,191.47,191.47,218.0,153.9,33550.35,2022-08-06 08:32:00,0.0,1462,0.0,3100,Male,35,0,0.878005,0,1,2022-08-01,0,0.5,2000.0,0.2370532665,0.878005,2.389567742,0.5664548387,0.6451612903,1,1,0,0.0,0,512,218.0,191.47,10.82269355,1.489354839,0.5846375,0,0.878005,2721.8155,7.601402335,7.47136878,8.910404865,5.259940297,10.42083238,8.039479919,2025-11-03 05:36:35.641484,191.47,0,1,0,0,0.878005,0.878005,21.3918774,1.301929677,0,0.1923406355,0,3100,0.878,2.389567742,10.0,0.0,2,1,0.878005
377,1985-07-11,NJ,793,790,4,0.0,1000,97.04,0.0,33983.92,13.0,3.0,0.0,2.0,0,0,0,179.0,101.0,55.0,55.0,254.0,100.14,25434.9,2022-01-09 15:12:00,0.0,1648,0.0,3400,Male,40,0,0.09704,0,0,2022-01-01,1,0.0,0.0,0.002855468116,0.09704,9.995270588,0.02854117647,0.2941176471,1,1,0,0.0,0,720,254.0,55.0,7.480852941,0.8835882353,0.0,0,0.09704,329.936,6.908754779,4.585375559,10.43367218,4.025351691,10.14391684,8.131824785,2025-11-03 05:38:35.641484,55.0,0,1,0,0,0.09704,0.09704,0.0,1.085085514,0,0.1791786909,1,3400,0.0,9.995270588,13.0,0.0,4,0,0.09704
378,1988-03-22,CO,785,598,2,1.0,3000,1067.82,0.3559,1067.82,4.0,3.0,1.0,1.0,0,0,1,46.0,45.0,1120.67,1120.67,248.0,105.74,26224.7,2022-09-09 20:12:00,0.0,1561,0.0,4200,Female,37,0,0.35594,0,1,2022-09-01,1,0.5,2500.0,0.4889038178,0.35594,0.2542428571,0.2542428571,0.7142857143,1,1,0,1.0,0,477,248.0,1120.67,6.24397619,0.7552857143,0.35594,1,0.35594,1494.948,8.006700845,6.974310515,6.974310515,7.773825825,10.17449512,8.343077871,2025-11-03 05:38:35.641484,1120.67,0,1,0,0,0.35594,0.35594,19.3918774,1.266400557,0,0.1705684434,1,4200,0.3559,0.2542428571,4.0,1.0,2,1,0.35594
379,1969-02-27,TX,663,724,3,0.0,1000,323.74,0.3237,151362.65,7.0,3.0,0.0,0.0,0,0,0,185.0,103.3,19.75,19.75,221.0,133.43,29487.39,2022-11-09 10:03:00,9.0,844,0.010663507,3700,Female,56,0,0.32374,1,0,2022-11-01,0,0.0,0.0,0.002138836761,0.32374,40.90882432,0.0874972973,0.2702702703,1,1,0,0.0,0,417,221.0,19.75,7.969564865,1.081864865,0.0,0,0.32374,1197.838,6.908754779,5.783024862,11.9274405,3.032546247,10.29175191,8.216358332,2025-11-03 05:37:35.641484,19.75,0,1,0,0,0.32374,0.32374,0.0,1.137645128,0,0.2427010777,0,3700,0.3237,40.90882432,7.0,0.0,3,0,0.32374
38,1986-02-10,MI,571,539,4,2.0,48500,15338.82,0.3068,249016.78,12.0,3.0,1.0,2.0,0,0,0,187.0,161.8,487.43,487.43,254.0,169.06,42941.19,2023-08-28 14:07:00,0.0,1641,0.0,2900,Male,39,0,0.3067764,0,0,2023-08-01,0,0.5,2500.0,0.06159753572,0.3067764,85.86785517,5.289248276,15.64516129,1,1,0,0.5,0,124,254.0,487.43,14.8073069,1.748896552,0.0,0,0.3067764,889.65156,10.81979828,9.638207341,12.42527958,6.191196165,10.66761007,7.972810784,2025-11-03 05:37:35.641484,487.43,0,1,0,0,0.3067764,0.3067764,0.0,1.363004664,0,0.2555816902,1,2900,0.3068,85.86785517,12.0,1.0,4,0,0.3067764
380,1970-07-04,VA,737,671,2,0.0,6000,3233.05,0.5388,3233.05,2.0,3.0,0.0,2.5,0,0,0,73.0,37.0,154.55,154.55,239.0,128.48,30705.95,2023-10-02 05:45:00,15.0,1378,0.010885341,3300,Male,55,0,0.538841667,1,1,2023-10-01,1,0.0,0.0,0.4889038178,0.538841667,0.9797121212,0.9797121212,1.818181818,1,1,0,0.0,0,90,239.0,154.55,9.304833333,1.168,0.538841667,0,0.538841667,1778.177501,8.699681401,8.081490501,8.081490501,5.046967223,10.33224429,8.101980732,2025-11-03 05:38:35.641484,154.55,0,1,0,0,0.5388416667,0.5388416667,19.3918774,1.280996748,0,0.2486401437,1,3300,0.5388,0.9797121212,2.0,0.0,2,1,0.538841667
381,1973-09-02,MO,678,722,2,1.0,2000,1177.17,0.5886,136524.6,5.0,3.0,2.0,0.0,0,0,0,158.0,124.5,802.85,802.85,251.0,138.22,34693.39,2023-04-04 05:18:00,13.0,1373,0.009468318,3800,Female,52,0,0.588585,1,1,2023-04-01,1,0.5,2000.0,0.008622402117,0.588585,35.92752632,0.3097815789,0.5263157895,1,1,0,2.0,0,271,251.0,802.85,9.129839474,1.091210526,0.5846375,2,0.588585,2236.623,7.601402335,7.071717666,11.82426742,6.689412685,10.45433328,8.243019469,2025-11-03 05:38:35.641484,802.85,0,1,0,0,0.588585,0.588585,19.3918774,1.368895018,0,0.2957155284,0,3800,0.5886,35.92752632,5.0,2.0,2,1,0.588585
382,2000-09-11,FL,563,595,2,0.0,1000,1000.0,0.0,19706.73,6.0,2.0,0.0,1.0,0,0,0,182.0,159.5,200.71,200.71,237.0,173.54,41129.09,2022-07-06 01:17:00,10.0,854,0.011709602,2900,Female,25,0,1.0,1,1,2022-07-01,0,0.0,0.0,0.0507440859,1.0,6.795424138,0.3448275862,0.3448275862,1,1,0,0.0,0,543,237.0,200.71,14.18244483,1.795241379,0.5846375,0,1.0,2900.0,6.908754779,6.908754779,9.888766224,5.306831022,10.62449525,7.972810784,2025-11-03 05:37:35.641484,200.71,0,1,0,0,1.0,1.0,20.3918774,1.289668392,0,0.2028684418,1,2900,0.0,6.795424138,6.0,0.0,2,1,1.0
383,1991-06-28,MI,689,618,3,0.0,32000,6025.95,0.1883,6025.95,9.0,2.0,1.0,1.0,0,0,0,174.0,83.7,859.22,859.22,228.0,92.24,21031.17,2022-10-13 08:22:00,0.0,1522,0.0,3800,Female,34,0,0.188310938,0,0,2022-10-01,1,0.0,0.0,0.4889038178,0.188310938,1.585776316,1.585776316,8.421052632,1,1,0,0.0,0,444,228.0,859.22,5.534518421,0.7282105263,0.0,0,0.188310938,715.5815644,10.37352243,8.703996357,8.703996357,6.75718817,9.953808449,8.243019469,2025-11-03 05:37:35.641484,859.22,0,1,0,0,0.1883109375,0.1883109375,0.0,1.247136044,0,0.1564544288,1,3800,0.1883,1.585776316,9.0,1.0,3,0,0.188310938
384,1968-05-20,GA,593,584,2,1.0,1000,431.95,0.0,244606.89,4.0,3.0,1.0,1.0,0,0,0,134.0,91.0,931.48,931.48,241.0,84.9,20459.89,2023-11-19 12:10:00,0.0,1661,0.0,3100,Female,57,0,0.43195,0,1,2023-11-01,0,0.5,1000.0,0.001765894657,0.43195,78.90544839,0.1393387097,0.3225806452,1,1,0,1.0,0,41,241.0,931.48,6.599964516,0.8216129032,0.43195,1,0.43195,1339.045,6.908754779,6.070622248,12.40741176,6.837847704,9.926270538,8.039479919,2025-11-03 05:39:35.641484,931.48,0,1,0,0,0.43195,0.43195,18.3918774,1.19827942,0,0.186011507,0,3100,0.0,78.90544839,4.0,1.0,2,1,0.43195
385,1987-02-19,TN,570,795,3,1.0,15000,8494.1,0.5663,22272.22,7.0,2.0,2.0,0.0,0,0,0,160.0,92.3,125.19,125.19,225.0,124.64,28045.09,2022-03-01 23:53:00,0.0,1174,0.0,2200,Female,38,0,0.566273333,0,0,2022-03-01,0,0.3333333333,2500.0,0.3813764411,0.566273333,10.12373636,3.860954545,6.818181818,1,1,0,2.0,0,669,225.0,125.19,12.74776818,1.699636364,0.0,0,0.566273333,1245.801333,9.615872145,9.047244806,10.01114034,4.837788708,10.24160451,7.696667082,2025-11-03 05:36:35.641484,125.19,0,1,0,0,0.5662733333,0.5662733333,0.0,1.288254267,0,0.1322192182,1,2200,0.5663,10.12373636,7.0,2.0,3,0,0.566273333
386,1978-03-22,CO,646,606,3,0.0,1000,890.02,0.0,167346.54,12.0,3.0,2.5,0.0,0,0,0,139.0,134.0,56.81,56.81,215.0,198.62,42704.3,2023-06-07 20:14:00,0.0,1414,0.0,3600,Female,47,0,0.89002,0,0,2023-06-01,0,0.0,0.0,0.005318424869,0.89002,46.48515,0.2472277778,0.2777777778,1,1,1,0.0,0,206,215.0,56.81,11.86230556,1.655166667,0.0,0,0.89002,3204.072,6.908754779,6.792366874,12.02782801,4.057161771,10.66207831,8.188966864,2025-11-03 05:39:35.641484,56.81,0,1,0,0,0.89002,0.89002,0.0,1.118203125,0,0.1693163558,1,3600,0.0,46.48515,12.0,2.5,3,0,0.89002
387,1979-02-12,IN,687,791,3,1.0,2000,1162.27,0.5811,24480.93,7.0,3.0,1.0,1.0,0,0,0,188.0,167.3,175.56,175.56,246.0,135.29,33280.93,2023-12-01 11:57:00,4.0,743,0.00538358,3400,Female,46,0,0.581135,1,0,2023-12-01,1,0.3333333333,2000.0,0.04747654603,0.581135,7.200273529,0.3418441176,0.5882352941,1,1,0,1.0,0,29,246.0,175.56,9.788508824,1.193735294,0.0,0,0.581135,1975.859,7.601402335,7.058990284,10.10569057,5.173660762,10.41276989,8.131824785,2025-11-03 05:36:35.641484,175.56,0,1,0,0,0.581135,0.581135,0.0,1.280455058,0,0.1659408577,1,3400,0.5811,7.200273529,7.0,1.0,3,0,0.581135
388,1988-02-25,NJ,640,793,4,2.0,45000,7666.22,0.1704,47466.76,17.0,3.0,0.0,0.0,0,0,0,120.0,83.5,597.92,597.92,224.0,161.6,36197.42,2023-01-07 14:20:00,8.0,628,0.012738854,3600,Female,37,0,0.170360444,1,0,2023-01-01,0,0.5,2500.0,0.1615071263,0.170360444,13.18521111,2.129505556,12.5,1,1,0,0.0,0,357,224.0,597.92,10.05483889,1.346666667,0.0,0,0.170360444,613.2975984,10.71443999,8.944709378,10.76780602,6.395128033,10.49677075,8.188966864,2025-11-03 05:39:35.641484,597.92,0,1,0,0,0.1703604444,0.1703604444,0.0,1.37785186,0,0.1579878362,1,3600,0.1704,13.18521111,17.0,0.0,4,0,0.170360444
389,2001-04-26,MI,746,711,3,0.0,1000,543.81,0.5438,28211.75,11.0,3.0,0.0,1.0,0,0,0,175.0,85.0,214.0,214.0,218.0,144.3,31456.86,2022-07-19 00:48:00,0.0,609,0.0,3200,Male,24,0,0.54381,0,0,2022-07-01,1,0.0,0.0,0.01927601088,0.54381,8.816171875,0.169940625,0.3125,1,1,0,0.0,0,530,218.0,214.0,9.83026875,1.3528125,0.0,0,0.54381,1740.192,6.908754779,6.30043711,10.24752928,5.370638028,10.35640415,8.07121854,2025-11-03 05:39:35.641484,214.0,0,1,0,0,0.54381,0.54381,0.0,1.326704751,0,0.238868989,0,3200,0.5438,8.816171875,11.0,0.0,3,0,0.54381
39,1975-08-01,NJ,767,778,3,1.0,1000,228.92,0.0,55167.06,12.0,2.0,1.0,1.0,1,697,0,64.0,41.7,64.39,64.39,224.0,140.57,31487.19,2022-03-02 02:31:00,9.0,1772,0.005079007,3100,Female,50,0,0.22892,1,0,2022-03-01,1,0.3333333333,1000.0,0.004149577665,0.22892,17.79582581,0.07384516129,0.3225806452,1,1,0,1.0,0,669,224.0,64.39,10.15715806,1.360354839,0.0,0,0.22892,709.652,6.908754779,5.437731422,10.91813944,4.180369342,10.35736783,8.039479919,2025-11-03 05:37:35.641484,64.39,0,1,0,0,0.22892,0.22892,0.0,1.212402278,0,0.2619782015,0,3100,0.0,17.79582581,12.0,1.0,3,0,0.22892
390,2000-10-20,IN,501,745,4,0.0,4000,2446.72,0.6117,15863.15,6.0,1.0,0.0,0.0,0,0,0,175.0,89.0,92.43,92.43,208.0,160.17,33315.07,2022-04-17 02:43:00,0.0,1375,0.0,2200,Female,25,0,0.61168,0,0,2022-04-01,0,0.0,0.0,0.1542392274,0.61168,7.210522727,1.112145455,1.818181818,1,1,0,0.0,0,623,208.0,92.43,15.14321364,2.184136364,0.0,0,0.61168,1345.696,8.294299609,7.802912258,9.671817126,4.537212493,10.41379514,7.696667082,2025-11-03 05:38:35.641484,92.43,0,1,0,0,0.61168,0.61168,0.0,1.187644009,0,0.203239538,0,2200,0.6117,7.210522727,6.0,0.0,4,0,0.61168
391,1966-10-22,NJ,500,744,3,0.0,0,0.0,0.0,60952.93,8.0,3.0,1.0,0.0,0,0,0,170.0,136.3,772.85,772.85,251.0,174.48,43794.43,2023-01-06 10:34:00,11.0,1802,0.006104329,2900,Male,59,0,0.49068525,1,0,2023-01-01,0,0.0,0.0,0.0,0.49068525,21.01825172,0.0,0.0,1,1,0,0.0,0,359,251.0,772.85,15.10152759,1.804965517,0.0,0,0.477859,1590.507672,2.416580621,1.973596521,11.01787361,6.651378056,10.68728475,7.972810784,2025-11-03 05:36:35.641484,772.85,0,1,0,0,0.0,0.0,0.0,1.384772791,0,0.2466894056,0,2900,0.0,21.01825172,8.0,1.0,3,0,0.49068525
392,1966-03-09,GA,577,705,4,0.0,1000,568.24,0.5682,23917.54,13.0,3.0,0.0,2.0,0,0,0,180.0,110.2,205.44,205.44,214.0,150.74,32257.33,2023-08-08 13:13:00,11.0,940,0.011702128,3000,Female,59,0,0.56824,1,0,2023-08-01,0,0.0,0.0,0.02375829621,0.56824,7.972513333,0.1894133333,0.3333333333,1,1,0,0.0,0,144,214.0,205.44,10.75244333,1.5074,0.0,0,0.56824,1704.72,6.908754779,6.344302138,10.08240917,5.330009813,10.38153158,8.006700845,2025-11-03 05:37:35.641484,205.44,0,1,0,0,0.56824,0.56824,0.0,1.308013814,0,0.1963626143,1,3000,0.5682,7.972513333,13.0,0.0,4,0,0.56824
393,1986-06-01,WA,635,716,2,0.0,1000,501.65,0.5016,219071.1,5.0,3.0,0.0,0.0,1,1910,0,149.0,97.5,116.29,116.29,215.0,133.19,28635.81,2022-01-10 01:45:00,3.0,1862,0.001611171,3000,Male,39,0,0.50165,1,1,2022-01-01,0,0.0,0.0,0.002289895837,0.50165,73.0237,0.1672166667,0.3333333333,1,1,0,0.0,0,720,215.0,116.29,9.54527,1.3319,0.50165,0,0.50165,1504.95,6.908754779,6.219894103,12.29715618,4.764649501,10.26244823,8.006700845,2025-11-03 05:37:35.641484,116.29,0,1,0,0,0.50165,0.50165,20.3918774,1.277747666,0,0.2662512398,1,3000,0.5016,73.0237,5.0,0.0,2,1,0.50165
394,1974-10-22,PA,696,793,4,0.0,1000,327.18,0.0,154550.27,16.0,3.0,1.0,0.0,0,0,0,144.0,82.2,213.44,213.44,226.0,104.37,23588.09,2022-08-09 02:20:00,0.0,585,0.0,3300,Female,51,0,0.32718,0,0,2022-08-01,1,0.0,0.0,0.002116981096,0.32718,46.83341515,0.09914545455,0.303030303,1,1,0,0.0,0,509,226.0,213.44,7.147906061,0.9488181818,0.0,0,0.32718,1079.694,6.908754779,5.793562238,11.94828116,5.368029979,10.0685396,8.101980732,2025-11-03 05:37:35.641484,213.44,0,1,0,0,0.32718,0.32718,0.0,1.338111125,0,0.1714688675,0,3300,0.0,46.83341515,16.0,1.0,4,0,0.32718
395,1969-03-24,CA,744,717,3,1.0,7000,4057.02,0.5796,50484.26,5.0,3.0,0.0,0.0,0,0,0,188.0,96.7,1120.67,1120.67,209.0,88.86,18571.18,2023-02-26 07:47:00,0.0,1222,0.0,4300,Female,56,0,0.579574286,0,0,2023-02-01,1,0.3333333333,2500.0,0.08036207721,0.579574286,11.74052558,0.9434930233,1.627906977,1,1,0,0.0,0,308,209.0,1120.67,4.31887907,0.6199534884,0.0,0,0.579574286,2492.16943,8.853808275,8.308450449,10.82943669,7.364977574,9.829420041,8.366602833,2025-11-03 05:36:35.641484,1120.67,0,1,0,0,0.5795742857,0.5795742857,0.0,1.071091974,0,0.171758364,1,4300,0.5796,11.74052558,5.0,0.0,3,0,0.579574286
396,1970-12-17,AZ,526,572,4,0.0,2000,827.03,0.4135,154140.5,8.0,3.0,0.0,1.0,0,0,0,102.0,56.2,630.36,630.36,221.0,153.92,34016.83,2023-04-02 05:27:00,7.0,1435,0.004878049,3200,Male,54,0,0.413515,1,0,2023-04-01,0,0.0,0.0,0.005365429592,0.413515,48.16890625,0.258446875,0.625,1,1,0,0.0,0,273,221.0,630.36,10.63025938,1.443,0.0,0,0.413515,1323.248,7.601402335,6.719049386,11.94562629,6.447876223,10.43464008,8.07121854,2025-11-03 05:36:35.641484,630.36,0,1,0,0,0.413515,0.413515,0.0,1.376055811,0,0.2080820351,0,3200,0.4135,48.16890625,8.0,0.0,4,0,0.413515
397,1989-07-15,NC,681,645,4,2.0,20000,11032.41,0.5516,30895.52,8.0,2.0,1.0,2.0,0,0,0,98.0,50.8,548.04,548.04,242.0,138.82,33594.28,2023-02-21 11:04:00,4.0,1264,0.003164557,3900,Male,36,0,0.5516205,1,0,2023-02-01,1,0.5,2500.0,0.3570876943,0.5516205,7.921928205,2.828823077,5.128205128,1,1,0,0.5,0,313,242.0,548.04,8.613917949,1.067846154,0.0,0,0.5516205,2151.31995,9.903537551,9.308683221,10.33839884,6.308171299,10.42214086,8.26898821,2025-11-03 05:37:35.641484,548.04,0,1,0,0,0.5516205,0.5516205,0.0,1.379077587,0,0.1603652426,1,3900,0.5516,7.921928205,8.0,1.0,4,0,0.5516205
398,1975-06-10,NC,492,712,4,1.0,35000,20848.4875,0.7843,29541.47,7.0,3.0,0.0,0.0,0,0,0,173.0,116.0,1120.67,1120.67,227.0,124.7,28305.79,2022-12-02 15:36:00,0.0,731,0.0,2600,Female,50,0,0.784342,0,0,2022-12-01,0,0.25,2500.0,0.4889038178,0.784342,11.36210385,6.45558796,13.46153846,1,1,0,0.0,0,393,227.0,1120.67,10.88684231,1.438846154,0.0,0,0.784342,2039.2892,10.46313191,10.22022964,10.29358417,7.202244133,10.25085698,7.863651265,2025-11-03 05:37:35.641484,1120.67,0,1,0,0,0.784342,0.784342,0.0,1.295257367,0,0.2192649116,0,2600,0.7843,11.36210385,7.0,0.0,4,0,0.784342
399,2001-10-03,NY,712,608,3,0.0,10000,5570.35,0.557,229674.27,9.0,2.0,0.0,0.0,0,0,0,159.0,108.0,282.19,282.19,221.0,105.88,23399.66,2023-07-15 11:35:00,0.0,565,0.0,3200,Male,24,0,0.557035,0,0,2023-07-01,1,0.0,0.0,0.02425326093,0.557035,71.77320938,1.740734375,3.125,1,1,0,0.0,0,168,221.0,282.19,7.31239375,0.992625,0.0,0,0.557035,1782.512,9.210440367,8.625392673,12.34442172,5.64611805,10.06051951,8.07121854,2025-11-03 05:38:35.641484,282.19,0,1,0,0,0.557035,0.557035,0.0,1.371465004,0,0.1891584335,0,3200,0.557,71.77320938,9.0,0.0,3,0,0.557035
4,1967-01-03,AZ,613,486,4,1.0,15000,5724.4,0.3816,12720.57,9.0,3.0,0.0,2.0,0,0,0,134.0,53.0,11.31,11.31,195.0,184.25,35927.93,2022-11-27 01:26:00,10.0,829,0.012062726,2080,Male,58,2,0.381626667,1,0,2022-11-01,0,0.25,2500.0,0.4500112809,0.381626667,6.115658654,2.752115385,7.211538462,1,1,0,0.0,0,399,195.0,11.31,17.27304327,2.50213838,0.0,0,0.381626667,793.7834674,9.615872145,8.652667695,9.451054257,2.51041194,10.4892981,7.640603826,2025-11-03 05:38:35.641484,11.31,0,1,0,0,0.3816266667,0.3816266667,0.0,0.8807462811,0,0.2359259039,0,2080,0.3816,6.115658654,9.0,0.0,4,0,0.381626667
40,1997-03-17,FL,753,696,4,0.0,25000,17168.69,0.6867,26318.2,14.0,3.0,0.0,1.0,0,0,0,160.0,82.2,1120.67,1120.67,243.0,135.95,33035.91,2022-05-24 13:31:00,14.0,861,0.016260163,3100,Female,28,0,0.6867476,1,0,2022-05-01,1,0.0,0.0,0.4889038178,0.6867476,8.489741935,5.538287097,8.064516129,1,1,0,0.0,0,585,243.0,1120.67,10.65674516,1.315645161,0.0,0,0.6867476,2128.91756,10.1266711,9.750900899,10.17805399,7.79352907,10.4053807,8.039479919,2025-11-03 05:38:35.641484,1120.67,0,1,0,0,0.6867476,0.6867476,0.0,1.336493802,0,0.2307309404,0,3100,0.6867,8.489741935,14.0,0.0,4,0,0.6867476
400,1974-03-25,WI,563,526,4,0.0,0,0.0,0.0,351722.61,7.0,3.0,2.0,1.0,1,1586,0,177.0,71.5,84.63,84.63,199.0,182.07,36231.29,2023-11-15 10:47:00,0.0,844,0.0,2500,Female,51,0,0.49068525,0,0,2023-11-01,0,0.0,0.0,0.0,0.49068525,140.689044,0.0,0.0,1,1,0,0.0,0,46,199.0,84.63,14.492516,2.18484,0.0,0,0.477859,1590.507672,2.416580621,1.973596521,12.77060095,4.450035689,10.49770599,7.824445931,2025-11-03 05:37:35.641484,84.63,0,1,0,0,0.0,0.0,0.0,1.072053173,0,0.1037928363,1,2500,0.0,140.689044,7.0,2.0,4,0,0.49068525
401,1968-11-03,NJ,710,523,4,1.0,21000,15391.11,0.7329,50923.78,11.0,3.0,0.0,0.0,0,0,0,145.0,55.0,31.22,31.22,223.0,175.83,39210.79,2023-03-23 05:45:00,8.0,1181,0.00677392,4000,Female,56,0,0.73291,1,0,2023-03-01,1,0.25,2500.0,0.3022381685,0.73291,12.730945,3.8477775,5.25,1,1,0,0.0,0,283,223.0,31.22,9.8026975,1.318725,0.0,0,0.73291,2931.64,9.952325335,9.641610319,10.83810492,3.472587378,10.57673275,8.294299609,2025-11-03 05:39:35.641484,31.22,0,1,0,0,0.73291,0.73291,0.0,1.128773958,0,0.1518828202,0,4000,0.7329,12.730945,11.0,0.0,4,0,0.73291
402,1993-11-14,CO,741,673,4,1.0,1000,686.69,0.6867,580391.195,6.0,2.0,1.0,0.0,0,0,0,182.0,106.5,135.25,135.25,211.0,122.62,25872.86,2022-02-18 11:58:00,0.0,363,0.0,3800,Male,31,0,0.68669,0,0,2022-02-01,1,0.25,1000.0,0.001094051864,0.68669,165.1730605,0.1807078947,0.2631578947,1,1,0,1.0,0,680,211.0,135.25,6.808647368,0.9680526316,0.0,0,0.68669,2609.422,6.908754779,6.533338155,13.34975171,4.914491434,10.16098847,8.243019469,2025-11-03 05:38:35.641484,135.25,0,1,0,0,0.68669,0.68669,0.0,1.308543016,0,0.1325509094,1,3800,0.6867,165.1730605,6.0,1.0,4,0,0.68669
403,1993-07-09,AZ,502,651,2,0.0,4000,2348.7,0.5872,2348.7,3.0,2.0,2.0,0.0,0,0,0,91.0,49.5,602.22,602.22,222.0,208.27,46234.96,2022-02-11 12:20:00,0.0,617,0.0,2900,Male,32,0,0.587175,0,1,2022-02-01,0,0.0,0.0,0.4889038178,0.587175,0.8098965517,0.8098965517,1.379310345,1,1,0,0.0,0,687,222.0,602.22,15.94308966,2.154517241,0.5846375,2,0.587175,1702.8075,8.294299609,7.762042939,7.762042939,6.402281973,10.74151313,7.972810784,2025-11-03 05:39:35.641484,602.22,0,1,0,0,0.587175,0.587175,18.3918774,1.34188086,0,0.2681483653,0,2900,0.5872,0.8098965517,3.0,2.0,2,1,0.587175
404,1997-02-12,MI,563,571,2,1.0,0,0.0,0.0,23381.53,4.0,3.0,0.0,0.0,0,0,0,128.0,96.5,645.36,645.36,228.0,120.48,27470.05,2023-11-23 10:54:00,2.0,1496,0.001336898,2100,Male,28,0,0.49068525,1,1,2023-11-01,0,0.5,0.0,0.0,0.49068525,11.1340619,0.0,0.0,1,1,0,0.0,0,38,228.0,645.36,13.08097619,1.721142857,0.0,0,0.477859,1590.507672,2.416580621,1.973596521,10.05974444,6.471356624,10.220888,7.650168701,2025-11-03 05:39:35.641484,645.36,0,1,0,0,0.0,0.0,18.3918774,1.369531174,0,0.1571538459,1,2100,0.0,11.1340619,4.0,0.0,2,1,0.49068525
405,1972-05-22,MO,694,638,4,1.0,21000,13208.21,0.629,206082.61,13.0,3.0,1.0,0.0,0,0,0,160.0,104.2,132.95,132.95,230.0,171.86,39528.21,2023-10-16 14:52:00,0.0,927,0.0,2700,Male,53,0,0.628962381,0,0,2023-10-01,1,0.25,2500.0,0.06409182221,0.628962381,76.32689259,4.89192963,7.777777778,1,1,0,1.0,0,75,230.0,132.95,14.64007778,1.909555556,0.0,0,0.628962381,1698.198429,9.952325335,9.488669593,12.23603724,4.897466596,10.58479517,7.901377354,2025-11-03 05:38:35.641484,132.95,0,1,0,0,0.628962381,0.628962381,0.0,1.249785211,0,0.2379963875,0,2700,0.629,76.32689259,13.0,1.0,4,0,0.628962381
406,1996-09-22,GA,627,540,3,0.0,1000,636.95,0.0,140081.9,10.0,2.0,0.0,0.0,0,0,0,170.0,116.7,163.08,163.08,228.0,129.97,29634.07,2023-07-28 14:24:00,8.0,964,0.008298755,2700,Male,29,0,0.63695,1,0,2023-07-01,0,0.0,0.0,0.004546982872,0.63695,51.88218519,0.2359074074,0.3703703704,1,1,0,0.0,0,155,228.0,163.08,10.97558148,1.444111111,0.0,0,0.63695,1719.765,6.908754779,6.45825991,11.84998967,5.100354114,10.29671374,7.901377354,2025-11-03 05:39:35.641484,163.08,0,1,0,0,0.63695,0.63695,0.0,1.308091711,0,0.1764706285,1,2700,0.0,51.88218519,10.0,0.0,3,0,0.63695
407,1967-04-13,WI,583,798,2,0.0,1000,831.64,0.0,8406.61,11.0,3.0,0.0,2.5,0,0,0,146.0,95.0,46.92,46.92,215.0,117.11,25178.25,2023-10-04 10:50:00,14.0,1358,0.010309278,2700,Male,58,0,0.83164,1,1,2023-10-01,0,0.0,0.0,0.09892691584,0.83164,3.113559259,0.3080148148,0.3703703704,1,1,0,0.0,0,88,215.0,46.92,9.325277778,1.301222222,0.5846375,0,0.83164,2245.428,6.908754779,6.724601376,9.036892527,3.869532954,10.13377552,7.901377354,2025-11-03 05:39:35.641484,46.92,0,1,0,0,0.83164,0.83164,18.3918774,1.209452297,0,0.1361647998,1,2700,0.0,3.113559259,11.0,0.0,2,1,0.83164
408,1968-01-07,GA,486,734,3,0.0,10000,5928.04,0.5928,580391.195,12.0,3.0,0.0,0.0,0,0,0,137.0,120.3,68.67,68.67,230.0,170.48,39210.83,2023-10-15 03:20:00,0.0,1371,0.0,2900,Male,57,0,0.592804,0,0,2023-10-01,0,0.0,0.0,0.01008661259,0.592804,183.5765946,2.044151724,3.448275862,1,1,0,0.0,0,77,230.0,68.67,13.52097586,1.763586207,0.0,0,0.592804,1719.1316,9.210440367,8.68761759,13.28399684,4.243769809,10.57673377,7.972810784,2025-11-03 05:38:35.641484,68.67,0,1,0,0,0.592804,0.592804,0.0,1.192477444,0,0.2620262191,1,2900,0.5928,183.5765946,12.0,0.0,3,0,0.592804
409,1978-03-25,NJ,758,791,3,0.0,1000,229.15,0.0,463956.84,9.0,3.0,0.0,0.0,0,0,0,187.0,100.3,1120.67,1120.67,215.0,122.48,26333.63,2023-05-13 21:18:00,0.0,1458,0.0,3900,Female,47,0,0.22915,0,0,2023-05-01,1,0.0,0.0,0.0004939037002,0.22915,118.9632923,0.05875641026,0.2564102564,1,1,0,0.0,0,231,215.0,1120.67,6.752212821,0.9421538462,0.0,0,0.22915,893.685,6.908754779,5.43873127,13.04754897,7.509176349,10.17864008,8.26898821,2025-11-03 05:39:35.641484,1120.67,0,1,0,0,0.22915,0.22915,0.0,1.252415579,0,0.2603780148,0,3900,0.0,118.9632923,9.0,0.0,3,0,0.22915
41,1984-11-17,WI,747,492,2,0.0,1000,108.74,0.1087,1311.71,4.0,3.0,2.0,0.0,0,0,0,117.0,71.0,98.4,98.4,253.0,123.48,31240.92,2023-07-24 13:42:00,5.0,2212,0.002260398,5050,Female,40,0,0.10874,1,1,2023-07-01,1,0.0,0.0,0.08289942137,0.10874,0.2571980392,0.02132156863,0.1960784314,1,1,0,0.0,0,159,253.0,98.4,6.125670588,0.7263529412,0.10874,2,0.10874,554.574,6.908754779,4.698113932,7.179848982,4.599152114,10.34951606,8.537191878,2025-11-03 05:36:35.641484,98.4,0,1,0,0,0.10874,0.10874,21.3918774,1.196640824,0,0.1256532677,1,5050,0.1087,0.2571980392,4.0,2.0,2,1,0.10874
410,1983-06-04,CA,601,781,3,0.0,10000,4202.75,0.4203,59055.54,6.0,3.0,1.0,1.0,0,0,0,138.0,104.3,150.42,150.42,243.0,122.56,29781.8,2023-08-02 13:03:00,0.0,792,0.0,3200,Female,42,0,0.420275,0,0,2023-08-01,0,0.0,0.0,0.07116605826,0.420275,18.45485625,1.313359375,3.125,1,1,0,0.0,0,150,243.0,150.42,9.3068125,1.149,0.0,0,0.420275,1344.88,9.210440367,8.343732263,10.98625057,5.020057433,10.30168632,8.07121854,2025-11-03 05:36:35.641484,150.42,0,1,0,0,0.420275,0.420275,0.0,1.26570329,0,0.2044028712,1,3200,0.4203,18.45485625,6.0,1.0,3,0,0.420275
411,1996-12-14,WA,712,706,3,1.0,1000,221.86,0.0,151986.28,8.0,3.0,1.0,0.0,0,0,0,129.0,86.0,102.77,102.77,235.0,143.55,33735.12,2022-10-16 20:51:00,0.0,1011,0.0,3500,Male,28,0,0.22186,0,0,2022-10-01,1,0.3333333333,1000.0,0.001459737024,0.22186,43.42465143,0.06338857143,0.2857142857,1,1,0,1.0,0,440,235.0,102.77,9.638605714,1.230428571,0.0,0,0.22186,776.51,6.908754779,5.406543772,11.93155211,4.642176912,10.42632435,8.160803921,2025-11-03 05:37:35.641484,102.77,0,1,0,0,0.22186,0.22186,0.0,1.244289986,0,0.2062960094,1,3500,0.0,43.42465143,8.0,1.0,3,0,0.22186
412,1973-07-18,OH,787,605,2,0.0,5000,3609.23,0.7218,4827.53,2.0,3.0,2.0,1.0,0,0,0,161.0,148.0,1120.67,1120.67,242.0,98.5,23837.38,2022-06-14 14:27:00,14.0,1148,0.012195122,3100,Female,52,0,0.721846,1,1,2022-06-01,1,0.0,0.0,0.4889038178,0.721846,1.557267742,1.164267742,1.612903226,1,1,0,0.0,0,564,242.0,1120.67,7.689477419,0.9532258065,0.5846375,2,0.721846,2237.7226,8.517393171,8.191526761,8.482297352,7.977048603,10.07905217,8.039479919,2025-11-03 05:39:35.641484,1120.67,0,1,0,0,0.721846,0.721846,18.3918774,1.234343904,0,0.1698678428,1,3100,0.7218,1.557267742,2.0,2.0,2,1,0.721846
413,1997-09-27,VA,797,505,4,2.0,1000,348.53,0.0,580391.195,9.0,3.0,0.0,2.5,0,0,0,126.0,53.5,1120.67,1120.67,221.0,142.13,31410.08,2023-03-03 07:15:00,9.0,974,0.009240246,2900,Female,28,0,0.34853,1,0,2023-03-01,1,0.5,500.0,0.0005596578253,0.34853,183.5765946,0.1201827586,0.3448275862,1,1,0,0.0,0,303,221.0,1120.67,10.83106207,1.470310345,0.0,0,0.34853,1010.737,6.908754779,5.856589395,13.3419109,7.952182376,10.35491598,7.972810784,2025-11-03 05:39:35.641484,1120.67,0,1,0,0,0.34853,0.34853,0.0,1.30932395,0,0.2118776605,0,2900,0.0,183.5765946,9.0,0.0,4,0,0.34853
414,1969-07-28,NY,555,658,3,1.0,5000,1289.96,0.258,278017.98,9.0,2.0,1.0,2.0,0,0,0,131.0,83.7,399.59,399.59,237.0,168.37,39902.64,2023-10-10 03:29:00,13.0,1596,0.008145363,2400,Male,56,0,0.257992,1,0,2023-10-01,0,0.3333333333,2500.0,0.004639843797,0.257992,115.840825,0.5374833333,2.083333333,1,1,0,1.0,0,82,237.0,399.59,16.6261,2.104625,0.0,0,0.257992,619.1808,8.517393171,7.163141407,12.53544466,5.99293846,10.59422283,7.783640596,2025-11-03 05:37:35.641484,399.59,0,1,0,0,0.257992,0.257992,0.0,1.359760238,0,0.1526651846,0,2400,0.258,115.840825,9.0,1.0,3,0,0.257992
415,1992-01-15,TX,554,775,4,1.0,10000,587.02,0.0587,13705.88,11.0,3.0,0.0,0.0,0,0,0,156.0,109.5,91.84,91.84,226.0,107.7,24341.14,2022-11-18 01:48:00,8.0,1358,0.005891016,2200,Female,33,0,0.058702,1,0,2022-11-01,0,0.25,2500.0,0.04282979276,0.058702,6.229945455,0.2668272727,4.545454545,1,1,0,0.0,0,408,226.0,91.84,11.06415455,1.468636364,0.0,0,0.058702,129.1444,9.210440367,6.376760961,9.525653176,4.530877581,10.09996428,7.696667082,2025-11-03 05:37:35.641484,91.84,0,1,0,0,0.058702,0.058702,0.0,1.25411541,0,0.1056105445,1,2200,0.0587,6.229945455,11.0,0.0,4,0,0.058702
416,1985-10-14,MO,649,505,4,0.0,30000,9570.69,0.319,132698.34,2.0,2.0,1.0,2.0,0,0,0,189.0,122.8,69.33,69.33,208.0,108.4,22546.6,2022-05-13 03:25:00,12.0,633,0.018957346,3200,Female,40,0,0.319023,1,0,2022-05-01,0,0.0,0.0,0.07212366033,0.319023,41.46823125,2.990840625,9.375,1,1,0,0.0,0,597,208.0,69.33,7.0458125,1.01625,0.0,0,0.319023,1020.8736,10.30898599,9.166565062,11.79584125,4.25319845,10.02338391,8.07121854,2025-11-03 05:36:35.641484,69.33,0,1,0,0,0.319023,0.319023,0.0,1.26123623,0,0.1203660817,1,3200,0.319,41.46823125,2.0,1.0,4,0,0.319023
417,1990-12-21,MI,693,562,4,1.0,2000,146.55,0.0733,485318.14,16.0,3.0,1.0,1.0,0,0,0,187.0,134.2,255.46,255.46,242.0,124.94,30235.95,2022-01-25 10:06:00,0.0,1485,0.0,2800,Female,34,0,0.073275,0,0,2022-01-01,1,0.25,2000.0,0.0003019668706,0.073275,173.3279071,0.05233928571,0.7142857143,1,1,0,1.0,0,705,242.0,255.46,10.79855357,1.338642857,0.0,0,0.073275,205.17,7.601402335,4.994167101,13.09256197,5.546972707,10.31681997,7.937731775,2025-11-03 05:38:35.641484,255.46,0,1,0,0,0.073275,0.073275,0.0,1.32436032,0,0.222937825,1,2800,0.0733,173.3279071,16.0,1.0,4,0,0.073275
418,1983-02-13,CA,792,713,4,1.0,1000,108.2,0.1082,540897.59,18.5,3.0,1.0,0.0,0,0,0,171.0,130.2,416.22,416.22,252.0,132.69,33438.45,2022-08-31 11:09:00,10.0,742,0.013477089,3700,Female,42,0,0.1082,1,0,2022-08-01,1,0.25,1000.0,0.0002000378667,0.1082,146.1885378,0.02924324324,0.2702702703,1,1,0,1.0,0,487,252.0,416.22,9.037418919,1.075864865,0.0,0,0.1082,400.34,6.908754779,4.693181063,13.20098709,6.033613661,10.41749162,8.216358332,2025-11-03 05:38:35.641484,416.22,0,1,0,0,0.1082,0.1082,0.0,1.348601022,0,0.2663259462,0,3700,0.1082,146.1885378,18.5,1.0,4,0,0.1082
419,1985-03-26,WI,498,633,3,0.0,0,0.0,0.0,235280.48,5.0,2.0,1.0,2.0,0,0,0,46.0,37.0,12.61,12.61,220.0,157.86,34730.25,2023-09-07 12:30:00,0.0,1147,0.0,2800,Male,40,0,0.49068525,0,0,2023-09-01,0,0.0,0.0,0.0,0.49068525,84.02874286,0.0,0.0,1,1,0,0.0,0,114,220.0,12.61,12.40366071,1.691357143,0.0,0,0.477859,1590.507672,2.416580621,1.973596521,12.36853786,2.610804817,10.45539514,7.937731775,2025-11-03 05:39:35.641484,12.61,0,1,0,0,0.0,0.0,0.0,1.099800256,0,0.2540284981,1,2800,0.0,84.02874286,5.0,1.0,3,0,0.49068525
42,1977-03-12,WA,554,508,2,0.0,5000,3287.5,0.6575,240029.06,9.0,3.0,1.0,2.0,0,0,0,116.0,114.0,84.46,84.46,241.0,174.78,42121.91,2022-07-16 03:51:00,0.0,1263,0.0,3100,Female,48,0,0.6575,0,1,2022-07-01,0,0.0,0.0,0.01369625828,0.6575,77.42872903,1.060483871,1.612903226,1,1,0,0.0,0,533,241.0,84.46,13.5877129,1.691419355,0.5846375,1,0.6575,2038.25,8.517393171,8.098186813,12.38851944,4.44804843,10.64834705,8.039479919,2025-11-03 05:37:35.641484,84.46,0,1,0,0,0.6575,0.6575,20.3918774,1.206156455,0,0.2288342114,0,3100,0.6575,77.42872903,9.0,1.0,2,1,0.6575
420,1994-12-12,TX,668,514,4,0.0,20000,1240.99,0.062,9161.13,15.0,3.0,0.0,1.0,0,0,0,187.0,122.5,19.54,19.54,214.0,96.66,20684.52,2022-12-07 23:48:00,0.0,1133,0.0,3700,Female,30,0,0.0620495,0,0,2022-12-01,0,0.0,0.0,0.1354625467,0.0620495,2.475981081,0.3354027027,5.405405405,1,1,0,0.0,0,388,214.0,19.54,5.590410811,0.7837297297,0.0,0,0.0620495,229.58315,9.903537551,7.124470211,9.122833963,3.022374205,9.937189218,8.216358332,2025-11-03 05:37:35.641484,19.54,0,1,0,0,0.0620495,0.0620495,0.0,1.145444641,0,0.1992239112,0,3700,0.062,2.475981081,15.0,0.0,4,0,0.0620495
421,1992-02-08,MI,761,629,4,0.0,30000,16383.09,0.5461,69966.8,11.0,3.0,0.0,2.5,0,0,0,164.0,82.8,56.61,56.61,233.0,135.01,31458.37,2022-12-10 09:55:00,13.0,1362,0.009544787,3800,Female,33,0,0.546103,1,0,2022-12-01,1,0.0,0.0,0.2341551993,0.546103,18.41231579,4.311339474,7.894736842,1,1,0,0.0,0,386,233.0,56.61,8.278518421,1.065868421,0.0,0,0.546103,2075.1914,10.30898599,9.704066021,11.15579042,4.053696164,10.35645215,8.243019469,2025-11-03 05:37:35.641484,56.61,0,1,0,0,0.546103,0.546103,0.0,1.197106465,0,0.2067119721,1,3800,0.5461,18.41231579,11.0,0.0,4,0,0.546103
422,2002-07-17,TX,548,620,3,0.0,5000,2700.45,0.5401,23196.43,9.0,3.0,2.0,1.0,0,0,0,188.0,169.7,729.7,729.7,218.0,231.87,50546.87,2022-05-04 19:03:00,8.0,1374,0.005822416,3600,Male,23,0,0.54009,1,0,2022-05-01,0,0.0,0.0,0.116416621,0.54009,6.443452778,0.750125,1.388888889,1,1,0,0.0,0,605,218.0,729.7,14.04079722,1.93225,0.0,0,0.54009,1944.324,8.517393171,7.901543945,10.05179678,6.594002979,10.83067609,8.188966864,2025-11-03 05:37:35.641484,729.7,0,1,0,0,0.54009,0.54009,0.0,1.321621776,0,0.2660544132,1,3600,0.5401,6.443452778,9.0,2.0,3,0,0.54009
423,1990-05-24,NC,749,748,2,0.0,2000,1174.2,0.5871,262256.84,5.0,1.0,0.0,0.0,0,0,0,55.0,54.5,861.39,861.39,220.0,97.95,21550.0,2022-07-22 06:53:00,0.0,1380,0.0,3000,Male,35,0,0.5871,0,1,2022-07-01,1,0.0,0.0,0.004477290278,0.5871,87.41894667,0.3914,0.6666666667,1,1,0,0.0,0,527,220.0,861.39,7.183333333,0.9795,0.5846375,0,0.5871,1761.3,7.601402335,7.069193625,12.47708342,6.759707605,9.978177498,8.006700845,2025-11-03 05:37:35.641484,861.39,0,1,0,0,0.5871,0.5871,20.3918774,1.258571277,0,0.2275444556,0,3000,0.5871,87.41894667,5.0,0.0,2,1,0.5871
424,1979-06-25,WA,587,535,4,1.0,0,0.0,0.0,539953.12,9.0,2.0,1.0,1.0,1,1948,0,127.0,101.0,155.97,155.97,230.0,111.4,25622.69,2022-04-01 11:55:00,0.0,779,0.0,3700,Female,46,0,0.49068525,0,0,2022-04-01,0,0.25,0.0,0.0,0.49068525,145.9332757,0.0,0.0,1,1,0,1.0,0,638,230.0,155.97,6.925051351,0.9032432432,0.0,0,0.477859,1590.507672,2.416580621,1.973596521,13.19923945,5.056054704,10.15127259,8.216358332,2025-11-03 05:38:35.641484,155.97,0,1,0,0,0.0,0.0,0.0,1.29995461,0,0.09439757304,1,3700,0.0,145.9332757,9.0,1.0,4,0,0.49068525
425,1969-09-21,FL,727,698,2,1.0,1000,486.18,0.0,71825.79,6.0,3.0,1.0,2.0,0,0,0,138.0,88.0,978.68,978.68,233.0,172.1,40099.67,2022-06-13 09:46:00,0.0,1166,0.0,3600,Female,56,0,0.48618,0,1,2022-06-01,1,0.5,1000.0,0.006768877864,0.48618,19.95160833,0.13505,0.2777777778,1,1,0,1.0,0,566,233.0,978.68,11.13879722,1.434166667,0.48618,1,0.48618,1750.248,6.908754779,6.188633665,11.18201281,6.887225988,10.59914832,8.188966864,2025-11-03 05:37:35.641484,978.68,0,1,0,0,0.48618,0.48618,20.3918774,1.370353962,0,0.2011931384,1,3600,0.0,19.95160833,6.0,1.0,2,1,0.48618
426,1998-09-07,VA,612,546,2,0.0,5000,2474.29,0.4949,12680.15,6.0,3.0,0.0,1.0,0,0,0,103.0,81.0,124.81,124.81,215.0,151.69,32614.09,2023-01-27 12:54:00,11.0,885,0.012429379,2800,Female,27,0,0.494858,1,1,2023-01-01,0,0.0,0.0,0.1951309724,0.494858,4.528625,0.883675,1.785714286,1,1,0,0.0,0,337,215.0,124.81,11.64788929,1.62525,0.494858,0,0.494858,1385.6024,8.517393171,7.81411284,9.447871918,4.834772832,10.39253034,7.937731775,2025-11-03 05:36:35.641484,124.81,0,1,0,0,0.494858,0.494858,21.3918774,1.255704148,0,0.2361737469,1,2800,0.4949,4.528625,6.0,0.0,2,1,0.494858
427,1987-12-27,IL,746,732,3,1.0,11000,4537.87,0.4125,49902.42,10.0,2.0,2.0,1.0,0,0,0,162.0,121.7,1120.67,1120.67,203.0,158.48,32170.79,2023-08-22 21:20:00,0.0,950,0.0,3300,Female,37,0,0.412533636,0,0,2023-08-01,1,0.3333333333,2500.0,0.09093486849,0.412533636,15.12194545,1.375112121,3.333333333,1,1,0,2.0,0,130,203.0,1120.67,9.748724242,1.440727273,0.0,0,0.412533636,1361.360999,9.305741457,8.420433361,10.81784482,7.197263184,10.37884526,8.101980732,2025-11-03 05:39:35.641484,1120.67,0,1,0,0,0.4125336364,0.4125336364,0.0,1.238727822,0,0.2214530251,0,3300,0.4125,15.12194545,10.0,2.0,3,0,0.412533636
428,1980-02-05,NJ,792,628,4,1.0,1000,199.95,0.0,178395.79,10.0,3.0,0.0,2.0,0,0,1,171.0,98.2,30.88,30.88,228.0,95.37,21743.85,2023-03-22 08:25:00,14.0,1729,0.008097166,3900,Male,45,0,0.19995,1,0,2023-03-01,1,0.25,1000.0,0.001120822414,0.19995,45.74251026,0.05126923077,0.2564102564,1,1,0,0.0,0,284,228.0,30.88,5.575346154,0.7336153846,0.0,0,0.19995,779.805,6.908754779,5.303056121,12.09176551,3.461978854,9.987132227,8.26898821,2025-11-03 05:37:35.641484,30.88,0,1,0,0,0.19995,0.19995,0.0,1.123019677,0,0.1870822122,1,3900,0.0,45.74251026,10.0,0.0,4,0,0.19995
429,1977-03-20,IL,480,492,4,0.0,1000,521.81,0.5218,416556.67,16.0,3.0,0.0,1.0,0,0,0,115.0,64.5,247.79,247.79,235.0,181.93,42754.44,2022-03-09 14:09:00,0.0,637,0.0,2700,Female,48,0,0.52181,0,0,2022-03-01,0,0.0,0.0,0.001252674696,0.52181,154.2802481,0.193262963,0.3703703704,1,1,0,0.0,0,661,235.0,247.79,15.83497778,2.021444444,0.0,0,0.52181,1408.887,6.908754779,6.259218109,12.93978019,5.516609167,10.66325172,7.901377354,2025-11-03 05:37:35.641484,247.79,0,1,0,0,0.52181,0.52181,0.0,1.304377109,0,0.1310314183,1,2700,0.5218,154.2802481,16.0,0.0,4,0,0.52181
43,1999-09-01,WI,616,626,3,1.0,1000,559.62,0.0,115839.61,4.0,3.0,0.0,0.0,0,0,0,114.0,64.3,57.83,57.83,218.0,134.1,29233.04,2023-09-05 21:20:00,22.5,1896,0.012658228,2600,Female,26,0,0.55962,1,0,2023-09-01,0,0.3333333333,1000.0,0.004830990021,0.55962,44.55369615,0.2152384615,0.3846153846,1,1,0,0.0,0,116,218.0,57.83,11.24347692,1.547307692,0.0,0,0.55962,1455.012,6.908754779,6.329043314,11.65997047,4.074651929,10.28308906,7.863651265,2025-11-03 05:38:35.641484,57.83,0,1,0,0,0.55962,0.55962,0.0,1.209247296,0,0.2781566221,1,2600,0.0,44.55369615,4.0,0.0,3,0,0.55962
430,1969-03-25,CO,800,586,2,0.0,30000,13572.38,0.4524,131312.46,3.0,1.0,1.0,0.0,0,0,0,118.0,92.0,59.63,59.63,244.0,148.59,36255.99,2023-11-24 09:07:00,15.0,1573,0.009535919,4000,Male,56,0,0.452412667,1,1,2023-11-01,1,0.0,0.0,0.1033594223,0.452412667,32.828115,3.393095,7.5,1,1,0,0.0,0,37,244.0,59.63,9.0639975,1.114425,0.452412667,1,0.452412667,1809.650668,10.30898599,9.515865801,11.78534257,4.10478982,10.49838747,8.294299609,2025-11-03 05:38:35.641484,59.63,0,1,0,0,0.4524126667,0.4524126667,19.3918774,1.185933714,0,0.1580507134,1,4000,0.4524,32.828115,3.0,1.0,2,1,0.452412667
431,1994-10-25,MO,691,650,4,1.0,30000,20848.4875,0.7144,376602.76,9.0,3.0,0.0,0.0,1,2137,0,139.0,83.5,288.37,288.37,225.0,151.14,34005.52,2022-08-24 15:48:00,0.0,588,0.0,2900,Male,31,0,0.714403333,0,0,2022-08-01,1,0.25,2500.0,0.05690903593,0.714403333,129.8630207,6.45558796,10.34482759,1,1,0,0.0,0,493,225.0,288.37,11.72604138,1.563517241,0.0,0,0.714403333,2071.769666,10.30898599,9.972691735,12.83894888,5.667706146,10.43430755,7.972810784,2025-11-03 05:39:35.641484,288.37,0,1,0,0,0.7144033333,0.7144033333,0.0,1.348587105,0,0.317740039,0,2900,0.7144,129.8630207,9.0,0.0,4,0,0.714403333
432,1993-11-19,WI,766,485,2,1.0,2000,798.35,0.3992,7315.71,4.0,3.0,1.0,0.0,0,0,0,180.0,169.5,461.3,461.3,225.0,126.56,28476.94,2023-08-26 04:03:00,0.0,977,0.0,4600,Male,31,0,0.399175,0,1,2023-08-01,1,0.5,2000.0,0.1091281639,0.399175,1.590371739,0.1735543478,0.4347826087,1,1,0,1.0,0,127,225.0,461.3,6.19063913,0.8253913043,0.399175,1,0.399175,1836.205,7.601402335,6.683798897,8.897916052,6.136214031,10.25688503,8.43402895,2025-11-03 05:39:35.641484,461.3,0,1,0,0,0.399175,0.399175,18.3918774,1.385675538,0,0.2229677569,1,4600,0.3992,1.590371739,4.0,1.0,2,1,0.399175
433,1985-11-11,IL,624,514,3,1.0,1000,482.24,0.0,25689.96,12.0,3.0,2.0,1.0,1,2253,0,71.0,24.7,136.29,136.29,230.0,131.4,30222.43,2023-04-18 23:18:00,0.0,556,0.0,3300,Male,39,0,0.48224,0,0,2023-04-01,0,0.3333333333,1000.0,0.01877153565,0.48224,7.784836364,0.1461333333,0.303030303,1,1,0,2.0,0,256,230.0,136.29,9.158312121,1.194545455,0.0,0,0.0,1591.392,6.908754779,6.180513425,10.15389446,4.922095477,10.31637273,8.101980732,2025-11-03 05:37:35.641484,136.29,0,1,0,0,0.48224,0.48224,0.0,1.285357867,0,0.1648838299,0,3300,0.0,7.784836364,12.0,2.0,3,0,0.48224
434,1993-02-16,MA,633,483,3,1.0,2000,1579.22,0.7896,42596.76,10.0,3.0,0.0,2.0,0,0,1,181.0,138.3,1120.67,1120.67,263.0,165.86,43620.47,2023-01-04 06:09:00,12.0,976,0.012295082,3300,Female,32,0,0.78961,1,0,2023-01-01,0,0.3333333333,2000.0,0.03707371171,0.78961,12.90810909,0.4785515152,0.6060606061,1,1,0,0.0,0,361,263.0,1120.67,13.21832424,1.507818182,0.0,0,0.78961,2605.713,7.601402335,7.365319357,10.65955695,7.964298268,10.68330474,8.101980732,2025-11-03 05:38:35.641484,1120.67,0,1,0,0,0.78961,0.78961,0.0,1.370904383,0,0.1384208058,1,3300,0.7896,12.90810909,10.0,0.0,3,0,0.78961
435,1984-05-19,NY,650,682,4,0.0,1000,542.53,0.0,208949.89,9.0,3.0,0.0,1.0,0,0,0,156.0,96.2,81.38,81.38,251.0,170.39,42767.92,2023-06-25 17:18:00,7.0,1450,0.004827586,2700,Male,41,0,0.54253,1,0,2023-06-01,0,0.0,0.0,0.00259645985,0.54253,77.38884815,0.200937037,0.3703703704,1,1,0,0.0,0,188,251.0,81.38,15.83997037,1.893222222,0.0,0,0.54253,1464.831,6.908754779,6.298084903,12.24985453,4.411342689,10.66356695,7.901377354,2025-11-03 05:37:35.641484,81.38,0,1,0,0,0.54253,0.54253,0.0,1.199068974,0,0.1868929158,1,2700,0.0,77.38884815,9.0,0.0,4,0,0.54253
436,1987-09-03,GA,569,649,2,0.0,0,0.0,0.0,12869.86,4.0,3.0,0.0,0.0,0,0,0,136.0,133.5,30.31,30.31,239.0,131.83,31506.36,2022-10-04 09:32:00,0.0,1505,0.0,2800,Female,38,0,0.49068525,0,1,2022-10-01,0,0.0,0.0,0.0,0.49068525,4.596378571,0.0,0.0,1,1,0,0.0,0,453,239.0,30.31,11.25227143,1.412464286,0.0,0,0.477859,1590.507672,2.416580621,1.973596521,9.46272112,3.443937535,10.35797645,7.937731775,2025-11-03 05:37:35.641484,30.31,0,1,0,0,0.0,0.0,20.3918774,1.145427302,0,0.204865481,1,2800,0.0,4.596378571,4.0,0.0,2,1,0.49068525
437,1994-08-02,NY,725,498,4,0.0,10000,498.83,0.0499,294127.09,15.0,3.0,0.0,0.0,0,0,0,144.0,101.5,165.45,165.45,229.0,155.08,35512.46,2023-07-23 17:04:00,0.0,568,0.0,2900,Male,31,0,0.049883,0,0,2023-07-01,1,0.0,0.0,0.001695967549,0.049883,101.4231345,0.1720103448,3.448275862,1,1,0,0.0,0,160,229.0,165.45,12.24567586,1.604275862,0.0,0,0.049883,144.6607,9.210440367,6.214268041,12.59177063,5.114694964,10.47766706,7.972810784,2025-11-03 05:39:35.641484,165.45,0,1,0,0,0.049883,0.049883,0.0,1.288698962,0,0.241693682,1,2900,0.0499,101.4231345,15.0,0.0,4,0,0.049883
438,1988-05-03,TX,726,715,3,0.0,10000,6196.87,0.6197,147575.47,12.0,3.0,2.0,1.0,0,0,0,134.0,111.0,170.78,170.78,206.0,148.08,30504.55,2023-05-15 16:34:00,8.0,729,0.010973937,2900,Male,37,0,0.619687,1,0,2023-05-01,1,0.0,0.0,0.04199119271,0.619687,50.8880931,2.136851724,3.448275862,1,1,0,0.0,0,229,206.0,170.78,10.51881034,1.531862069,0.0,0,0.619687,1797.0923,9.210440367,8.731960964,11.90210176,5.146214588,10.32566391,7.972810784,2025-11-03 05:38:35.641484,170.78,0,1,0,0,0.619687,0.619687,0.0,1.268362299,0,0.1766370844,1,2900,0.6197,50.8880931,12.0,2.0,3,0,0.619687
439,1997-07-15,MO,716,508,2,0.0,30000,20848.4875,0.7794,169049.41,4.0,3.0,0.0,1.0,0,0,0,33.5,7.2375,283.77,283.77,227.0,168.55,38260.34,2023-12-12 01:32:00,0.0,755,0.0,3100,Male,28,0,0.779419333,0,1,2023-12-01,1,0.0,0.0,0.1383180219,0.779419333,54.53206774,6.45558796,9.677419355,1,1,0,0.0,0,19,227.0,283.77,12.34204516,1.631129032,0.5846375,0,0.0,2416.199932,10.30898599,10.05978935,12.03795223,5.651681837,10.55219527,8.039479919,2025-11-03 05:38:35.641484,283.77,0,1,0,0,0.7794193333,0.7794193333,19.3918774,1.329682901,0,0.2102588122,1,3100,0.7794,54.53206774,4.0,0.0,2,1,0.779419333
44,1985-08-01,FL,554,631,3,0.0,10000,7399.46,0.7399,270712.65,5.0,3.0,2.0,0.0,0,0,0,152.0,100.3,856.38,856.38,232.0,164.93,38262.95,2022-09-14 22:47:00,0.0,1329,0.0,3100,Female,40,0,0.739946,0,0,2022-09-01,0,0.0,0.0,0.02733326278,0.739946,87.32666129,2.386922581,3.225806452,1,1,0,0.0,0,472,232.0,856.38,12.3428871,1.596096774,0.0,0,0.739946,2293.8326,9.210440367,8.909297439,12.5088169,6.753881228,10.55226348,8.039479919,2025-11-03 05:36:35.641484,856.38,0,1,0,0,0.739946,0.739946,0.0,1.376833459,0,0.1523441892,1,3100,0.7399,87.32666129,5.0,2.0,3,0,0.739946
440,2000-12-02,MA,769,764,2,0.0,5000,2899.29,0.5799,178411.06,8.0,3.0,0.0,2.5,0,0,0,170.0,106.5,1120.67,1120.67,249.0,147.38,36696.9,2023-07-23 20:16:00,0.0,1373,0.0,2900,Male,24,0,0.579858,0,1,2023-07-01,1,0.0,0.0,0.0162506181,0.579858,61.52105517,0.9997551724,1.724137931,1,1,0,0.0,0,160,249.0,1120.67,12.65410345,1.52462069,0.579858,0,0.579858,1681.5882,8.517393171,7.972566011,12.0918511,7.583644392,10.51047481,7.972810784,2025-11-03 05:36:35.641484,1120.67,0,1,0,0,0.579858,0.579858,21.3918774,1.354155837,0,0.2420344098,0,2900,0.5799,61.52105517,8.0,0.0,2,1,0.579858
441,2001-11-07,NC,586,661,2,0.0,2000,1822.52,0.9113,3368.04,4.0,3.0,0.0,2.5,0,0,0,58.0,30.5,1120.67,1120.67,206.0,207.4,42724.97,2023-11-22 15:36:00,0.0,993,0.0,2800,Male,23,0,0.91126,0,1,2023-11-01,0,0.0,0.0,0.4889038178,0.91126,1.202871429,0.6509,0.7142857143,1,1,0,0.0,0,38,206.0,1120.67,15.25891786,2.222142857,0.5846375,0,0.0,2551.528,7.601402335,7.508523978,8.122383116,7.407590731,10.66256221,7.937731775,2025-11-03 05:36:35.641484,1120.67,0,1,0,0,0.91126,0.91126,21.3918774,1.274916529,0,0.263941235,1,2800,0.9113,1.202871429,4.0,0.0,2,1,0.91126
442,1995-09-05,NY,556,495,4,0.0,7000,3211.29,0.4588,116787.1,10.0,3.0,0.0,2.0,0,0,0,141.0,81.8,651.69,651.69,225.0,188.56,42426.86,2022-05-15 02:27:00,0.0,1692,0.0,2400,Female,30,0,0.458755714,0,0,2022-05-01,0,0.0,0.0,0.02749695814,0.458755714,48.66129167,1.3380375,2.916666667,1,1,0,0.0,0,595,225.0,651.69,17.67785833,2.357,0.0,0,0.458755714,1101.013714,8.853808275,8.074739357,11.66811646,6.481102285,10.6555605,7.783640596,2025-11-03 05:38:35.641484,651.69,0,1,0,0,0.4587557143,0.4587557143,0.0,1.365036832,0,0.1633989452,0,2400,0.4588,48.66129167,10.0,0.0,4,0,0.458755714
443,1993-02-26,NC,672,772,2,0.0,1000,325.39,0.0,366352.37,6.0,3.0,0.0,0.0,0,0,0,116.0,58.0,55.64,55.64,198.0,200.75,39748.71,2023-09-07 10:09:00,0.0,1406,0.0,3800,Male,32,0,0.32539,0,1,2023-09-01,1,0.0,0.0,0.0008881886038,0.32539,96.40851842,0.08562894737,0.2631578947,1,1,0,0.0,0,115,198.0,55.64,10.46018684,1.584868421,0.32539,0,0.32539,1236.482,6.908754779,5.788092985,12.81135364,4.036715449,10.59035782,8.243019469,2025-11-03 05:39:35.641484,55.64,0,1,0,0,0.32539,0.32539,18.3918774,0.9952137172,0,0.1762103444,1,3800,0.0,96.40851842,6.0,0.0,2,1,0.32539
444,1970-09-21,WA,575,637,2,0.0,35000,20848.4875,0.8629,30202.06,6.0,3.0,1.0,0.0,0,0,0,174.0,163.0,633.07,633.07,216.0,190.83,41218.56,2023-11-09 13:12:00,0.0,1550,0.0,3100,Female,55,0,0.862916,0,1,2023-11-01,0,0.0,0.0,0.4889038178,0.862916,9.7426,6.45558796,11.29032258,1,1,0,0.0,0,51,216.0,633.07,13.29630968,1.846741935,0.5846375,1,0.862916,2675.0396,10.46313191,10.31569852,10.31569852,6.452159358,10.62666818,8.039479919,2025-11-03 05:39:35.641484,633.07,0,1,0,0,0.862916,0.862916,18.3918774,1.343152091,0,0.1533312383,1,3100,0.8629,9.7426,6.0,1.0,2,1,0.862916
445,1967-04-23,MA,496,691,3,1.0,32000,20848.4875,0.9453,184034.76,9.0,2.0,0.0,0.0,0,0,0,159.0,86.0,527.37,527.37,226.0,164.37,37147.56,2022-09-29 01:34:00,0.0,707,0.0,3200,Female,58,0,0.945334375,0,0,2022-09-01,0,0.3333333333,2500.0,0.1643749257,0.945334375,57.5108625,6.45558796,10.0,1,1,0,0.0,0,458,226.0,527.37,11.6086125,1.54096875,0.0,0,0.945334375,3025.07,10.37352243,10.31730766,12.12288537,6.269796796,10.52268029,8.07121854,2025-11-03 05:37:35.641484,527.37,0,1,0,0,0.945334375,0.945334375,0.0,1.376144545,0,0.1367741251,1,3200,0.9453,57.5108625,9.0,0.0,3,0,0.945334375
446,1993-09-17,WI,734,670,3,1.0,20000,7061.62,0.3531,460639.47,2.0,1.0,2.0,1.0,0,0,0,175.0,116.7,146.16,146.16,231.0,136.64,31564.01,2022-12-07 20:17:00,0.0,1517,0.0,2600,Male,32,0,0.353081,0,0,2022-12-01,1,0.3333333333,2500.0,0.01533003674,0.353081,177.1690269,2.716007692,7.692307692,1,1,0,2.0,0,388,231.0,146.16,12.14000385,1.576615385,0.0,0,0.353081,918.0106,9.903537551,8.862571366,13.04037313,4.99152043,10.35980451,7.863651265,2025-11-03 05:38:35.641484,146.16,0,1,0,0,0.353081,0.353081,0.0,1.288498592,0,0.2436189541,1,2600,0.3531,177.1690269,2.0,2.0,3,0,0.353081
447,1975-06-12,GA,634,748,2,1.0,0,0.0,0.0,20237.76,9.0,3.0,2.0,0.0,0,0,0,71.0,44.5,29.44,29.44,217.0,111.87,24276.27,2023-09-03 09:53:00,13.0,947,0.013727561,3300,Male,50,0,0.49068525,1,1,2023-09-01,0,0.5,0.0,0.0,0.49068525,6.132654545,0.0,0.0,1,1,0,2.0,0,119,217.0,29.44,7.356445455,1.017,0.0,2,0.477859,1590.507672,2.416580621,1.973596521,9.915354857,3.415757533,10.0972958,8.101980732,2025-11-03 05:38:35.641484,29.44,0,1,0,0,0.0,0.0,19.3918774,1.173256096,0,0.1776742847,1,3300,0.0,6.132654545,9.0,2.0,2,1,0.49068525
448,1989-07-25,NC,569,671,3,2.0,1000,513.08,0.5131,139732.76,13.0,3.0,1.0,1.0,0,0,0,184.0,122.0,1120.67,1120.67,228.0,128.3,29251.63,2022-01-29 06:40:00,10.0,1168,0.008561644,3100,Male,36,0,0.51308,1,0,2022-01-01,0,0.6666666667,500.0,0.003671866211,0.51308,45.07508387,0.1655096774,0.3225806452,1,1,0,0.5,0,701,228.0,1120.67,9.436009677,1.241612903,0.0,0,0.51308,1590.548,6.908754779,6.242378895,11.84749418,7.904327459,10.28372476,8.039479919,2025-11-03 05:36:35.641484,1120.67,0,1,0,0,0.51308,0.51308,0.0,1.304670116,0,0.2326771592,0,3100,0.5131,45.07508387,13.0,1.0,3,0,0.51308
449,1968-11-21,NC,583,707,2,1.0,1000,404.25,0.0,539641.24,5.0,3.0,1.0,1.0,0,0,0,111.0,67.0,303.62,303.62,204.0,134.2,27376.43,2022-01-17 10:38:00,0.0,1094,0.0,3100,Female,56,0,0.40425,0,1,2022-01-01,0,0.5,1000.0,0.0007491087968,0.40425,174.0778194,0.1304032258,0.3225806452,1,1,0,1.0,0,713,204.0,303.62,8.831106452,1.298709677,0.40425,1,0.40425,1253.175,6.908754779,6.004504161,13.19866168,5.719065098,10.21747423,8.039479919,2025-11-03 05:37:35.641484,303.62,0,1,0,0,0.40425,0.40425,20.3918774,1.33486943,0,0.1843302762,0,3100,0.0,174.0778194,5.0,1.0,2,1,0.40425
45,1988-05-08,NY,757,663,2,0.0,5000,3854.54,0.7709,62319.02,6.0,2.0,1.0,0.0,0,0,0,75.0,49.0,147.43,147.43,248.0,92.97,23057.41,2022-07-18 06:09:00,7.0,1185,0.005907173,3200,Female,37,0,0.770908,1,1,2022-07-01,1,0.0,0.0,0.06185174285,0.770908,19.47469375,1.20454375,1.5625,1,1,0,0.0,0,531,248.0,147.43,7.205440625,0.87159375,0.5846375,1,0.770908,2466.9056,8.517393171,8.257266354,11.040038,5.000113467,10.04578584,8.07121854,2025-11-03 05:39:35.641484,147.43,0,1,0,0,0.770908,0.770908,18.3918774,1.182054671,0,0.1855184323,1,3200,0.7709,19.47469375,6.0,1.0,2,1,0.770908
450,1969-06-04,IN,727,577,2,1.0,2000,1563.39,0.7817,220428.18,1.0,2.0,0.0,0.0,0,0,0,176.0,133.5,236.38,236.38,233.0,146.22,34068.73,2023-03-24 13:18:00,0.0,908,0.0,2700,Female,56,0,0.781695,0,1,2023-03-01,1,0.5,2000.0,0.007092514215,0.781695,81.64006667,0.5790333333,0.7407407407,1,1,0,0.0,0,281,233.0,236.38,12.61804815,1.624666667,0.5846375,0,0.781695,2110.5765,7.601402335,7.355251251,12.30333174,5.469662233,10.43616459,7.901377354,2025-11-03 05:37:35.641484,236.38,0,1,0,0,0.781695,0.781695,20.3918774,1.329657862,0,0.1725597828,0,2700,0.7817,81.64006667,1.0,0.0,2,1,0.781695
451,1989-05-09,WI,727,647,4,1.0,1000,564.91,0.5649,30266.32,14.0,3.0,0.0,1.0,0,0,0,160.0,106.0,118.57,118.57,227.0,110.84,25161.41,2022-02-04 05:41:00,15.0,1510,0.009933775,2900,Female,36,0,0.56491,1,0,2022-02-01,1,0.25,1000.0,0.01866464109,0.56491,10.43666207,0.1947965517,0.3448275862,1,1,0,0.0,0,695,227.0,118.57,8.676348276,1.14662069,0.0,0,0.56491,1638.239,6.908754779,6.338435055,10.31782386,4.783901974,10.13310649,7.972810784,2025-11-03 05:36:35.641484,118.57,0,1,0,0,0.56491,0.56491,0.0,1.279743889,0,0.1496957953,1,2900,0.5649,10.43666207,14.0,0.0,4,0,0.56491
452,1974-06-03,MO,530,585,2,1.0,0,0.0,0.0,9166.9,5.0,2.0,0.0,2.5,0,0,0,71.0,70.0,58.28,58.28,231.0,123.49,28525.57,2023-10-07 12:45:00,0.0,1655,0.0,2700,Male,51,0,0.49068525,0,1,2023-10-01,0,0.5,0.0,0.0,0.49068525,3.395148148,0.0,0.0,1,1,0,0.0,0,84,231.0,58.28,10.56502593,1.372111111,0.0,0,0.477859,1590.507672,2.416580621,1.973596521,9.123463531,4.082271981,10.25859121,7.901377354,2025-11-03 05:38:35.641484,58.28,0,1,0,0,0.0,0.0,19.3918774,1.202789203,0,0.1639093036,0,2700,0.0,3.395148148,5.0,0.0,2,1,0.49068525
453,1974-06-10,PA,715,747,2,1.0,1000,434.63,0.0,252107.97,6.0,3.0,0.0,0.0,0,0,0,115.0,109.5,556.79,556.79,229.0,161.96,37089.77,2023-04-04 07:36:00,0.0,1268,0.0,3400,Female,51,0,0.43463,0,1,2023-04-01,1,0.5,1000.0,0.001723983577,0.43463,74.14940294,0.1278323529,0.2941176471,1,1,0,0.0,0,271,229.0,556.79,10.90875588,1.429058824,0.43463,0,0.43463,1477.742,6.908754779,6.076793259,12.43761669,6.323982547,10.52112343,8.131824785,2025-11-03 05:36:35.641484,556.79,0,1,0,0,0.43463,0.43463,21.3918774,1.380939973,0,0.2499876375,0,3400,0.0,74.14940294,6.0,0.0,2,1,0.43463
454,1973-10-23,TX,482,502,3,0.0,1000,1000.0,0.0,177588.41,13.0,3.0,1.0,1.0,0,0,0,180.0,152.0,446.68,446.68,247.0,115.91,28629.49,2022-08-01 03:02:00,7.0,1078,0.006493506,2900,Female,52,0,1.0,1,0,2022-08-01,0,0.0,0.0,0.005630998104,1.0,61.23738276,0.3448275862,0.3448275862,1,1,0,0.0,0,517,247.0,446.68,9.872237931,1.199068966,0.0,0,1.0,2900.0,6.908754779,6.908754779,12.08722948,6.104078691,10.26222751,7.972810784,2025-11-03 05:37:35.641484,446.68,0,1,0,0,1.0,1.0,0.0,1.345057013,0,0.169379972,1,2900,0.0,61.23738276,13.0,1.0,3,0,1.0
455,1984-09-13,NC,650,503,4,1.0,39000,8903.98,0.2283,8903.98,13.0,2.0,0.0,1.0,0,0,0,183.0,133.0,147.86,147.86,227.0,157.84,35828.57,2023-01-09 07:32:00,8.0,806,0.009925558,3400,Female,41,0,0.228307179,1,0,2023-01-01,0,0.25,2500.0,0.4889038178,0.228307179,2.618817647,2.618817647,11.47058824,1,1,0,0.0,0,356,227.0,147.86,10.53781471,1.392705882,0.0,0,0.228307179,776.2444086,10.57134257,9.09436595,9.09436595,5.003006267,10.48652881,8.131824785,2025-11-03 05:39:35.641484,147.86,0,1,0,0,0.2283071795,0.2283071795,0.0,1.274586371,0,0.1457694495,1,3400,0.2283,2.618817647,13.0,0.0,4,0,0.228307179
456,1973-11-23,TN,746,491,3,1.0,1000,251.03,0.0,151400.05,7.0,3.0,0.0,0.0,0,0,0,139.0,66.3,168.13,168.13,215.0,144.78,31126.98,2023-09-27 05:40:00,0.0,1259,0.0,3200,Male,51,0,0.25103,0,0,2023-09-01,1,0.3333333333,1000.0,0.001658057577,0.25103,47.31251563,0.078446875,0.3125,1,1,0,0.0,0,95,215.0,168.13,9.72718125,1.3573125,0.0,0,0.25103,803.296,6.908754779,5.529548128,11.92768756,5.13066765,10.34586237,8.07121854,2025-11-03 05:38:35.641484,168.13,0,1,0,0,0.25103,0.25103,0.0,1.298445388,0,0.1748782981,0,3200,0.0,47.31251563,7.0,0.0,3,0,0.25103
457,1970-11-22,MI,587,582,2,1.0,20000,7673.58,0.3837,116450.0,4.0,2.0,1.0,2.0,0,0,0,150.0,119.0,220.42,220.42,203.0,183.42,37234.04,2022-01-07 03:12:00,0.0,882,0.0,2700,Female,54,0,0.383679,0,1,2022-01-01,0,0.5,2500.0,0.065895921,0.383679,43.12962963,2.842066667,7.407407407,1,1,0,1.0,0,723,203.0,220.42,13.79038519,2.038,0.383679,1,0.383679,1035.9333,9.903537551,8.945668848,11.66522586,5.40006135,10.52500553,7.901377354,2025-11-03 05:39:35.641484,220.42,0,1,0,0,0.383679,0.383679,18.3918774,1.212284375,0,0.08273582276,1,2700,0.3837,43.12962963,4.0,1.0,2,1,0.383679
458,1997-06-01,VA,626,752,4,0.0,5000,3880.16,0.776,514142.04,13.0,3.0,2.0,1.0,1,852,0,161.0,81.5,84.9,84.9,226.0,177.66,40151.19,2023-04-17 01:59:00,0.0,1173,0.0,2900,Male,28,0,0.776032,0,0,2023-04-01,0,0.0,0.0,0.007546863898,0.776032,177.2903586,1.337986207,1.724137931,1,1,0,0.0,0,258,226.0,84.9,13.84523793,1.837862069,0.0,0,0.776032,2250.4928,8.517393171,8.263889357,13.15025679,4.453183829,10.60043226,7.972810784,2025-11-03 05:37:35.641484,84.9,0,1,0,0,0.776032,0.776032,0.0,1.199696513,0,0.1776691865,1,2900,0.776,177.2903586,13.0,2.0,4,0,0.776032
459,1984-03-07,NC,705,619,3,0.0,2000,816.29,0.4081,229866.22,9.0,3.0,0.0,1.0,0,0,0,149.0,98.0,35.0,35.0,242.0,97.27,23540.5,2022-07-05 11:26:00,15.0,725,0.01942862,2700,Female,41,0,0.408145,1,0,2022-07-01,1,0.0,0.0,0.003551152492,0.408145,85.13563704,0.3023296296,0.7407407407,1,1,0,0.0,0,543,242.0,35.0,8.718703704,1.080777778,0.0,0,0.408145,1101.9915,7.601402335,6.705993989,12.34525712,3.583518938,10.0665201,7.901377354,2025-11-03 05:37:35.641484,35.0,0,1,0,0,0.408145,0.408145,0.0,1.082060674,0,0.1520271583,1,2700,0.4081,85.13563704,9.0,0.0,3,0,0.408145
46,1980-10-03,TX,532,767,3,0.0,48500,20848.4875,0.6627,36448.21,4.0,3.0,0.0,0.0,0,0,0,105.0,80.7,128.67,128.67,247.0,172.12,42514.75,2023-06-07 00:22:00,15.0,2062,0.007274491,2400,Male,45,0,0.662694727,1,0,2023-06-01,0,0.0,0.0,0.4889038178,0.662694727,15.18675417,6.45558796,15.64516129,1,1,0,0.0,0,207,247.0,128.67,17.71447917,2.1515,0.0,0,0.662694727,1590.467345,10.91510665,10.50367506,10.50367506,4.864992762,10.65762987,7.783640596,2025-11-03 05:39:35.641484,128.67,0,1,0,0,0.6626947273,0.6626947273,0.0,1.240680639,0,0.1558516037,1,2400,0.6627,15.18675417,4.0,0.0,3,0,0.662694727
460,1996-04-08,IL,560,538,2,1.0,48500,20848.4875,0.5975,35847.77,2.0,3.0,0.0,0.0,0,0,0,75.0,43.0,390.48,390.48,203.0,145.79,29596.2,2022-05-21 07:37:00,0.0,937,0.0,2300,Male,29,0,0.597462833,0,1,2022-05-01,0,0.5,2500.0,0.4889038178,0.597462833,15.58598696,6.45558796,15.64516129,1,1,0,0.0,0,589,203.0,390.48,12.86791304,1.901608696,0.5846375,0,0.597462833,1374.164516,11.00211651,10.48706454,10.48706454,5.969934429,10.29543504,7.74109909,2025-11-03 05:39:35.641484,390.48,0,1,0,0,0.5974628333,0.5974628333,18.3918774,1.321485384,0,0.18011507,0,2300,0.5975,15.58598696,2.0,0.0,2,1,0.597462833
461,1974-02-10,FL,798,585,3,0.0,5000,2674.27,0.5349,125216.85,9.0,3.0,0.0,2.5,0,0,0,147.0,64.0,977.8,977.8,234.0,96.09,22485.89,2023-10-08 17:02:00,7.0,1221,0.005733006,3500,Male,51,0,0.534854,1,0,2023-10-01,1,0.0,0.0,0.02135710969,0.534854,35.77624286,0.7640771429,1.428571429,1,1,0,0.0,0,83,234.0,977.8,6.42454,0.8236285714,0.0,0,0.534854,1871.989,8.517393171,7.891805589,11.7378103,6.886327332,10.02068775,8.160803921,2025-11-03 05:38:35.641484,977.8,0,1,0,0,0.534854,0.534854,0.0,1.244943822,0,0.2515732082,1,3500,0.5349,35.77624286,9.0,0.0,3,0,0.534854
462,1997-09-27,TN,761,618,4,1.0,48500,20848.4875,0.4167,34173.49,15.0,3.0,0.0,0.0,0,0,0,135.0,86.2,52.66,52.66,255.0,98.11,25019.16,2023-11-22 11:57:00,11.0,1191,0.009235936,3200,Female,28,0,0.416749878,1,0,2023-11-01,1,0.25,2500.0,0.4889038178,0.416749878,10.67921563,6.45558796,15.64516129,1,1,0,0.0,0,38,255.0,52.66,7.8184875,0.91978125,0.0,0,0.416749878,1333.59961,11.31448672,10.43923474,10.43923474,3.982667845,10.12743718,8.07121854,2025-11-03 05:36:35.641484,52.66,0,1,0,0,0.416749878,0.416749878,0.0,1.069545527,0,0.1894352519,1,3200,0.4167,10.67921563,15.0,0.0,4,0,0.416749878
463,1967-11-11,WI,625,567,2,0.0,12000,8321.26,0.6934,8321.26,4.0,3.0,2.0,1.0,0,0,0,124.0,75.0,52.76,52.76,242.0,123.5,29886.36,2022-03-03 21:05:00,0.0,1770,0.0,3100,Female,57,0,0.693438333,0,1,2022-03-01,0,0.0,0.0,0.4889038178,0.693438333,2.684277419,2.684277419,3.870967742,1,1,0,0.0,0,667,242.0,52.76,9.64076129,1.19516129,0.5846375,2,0.693438333,2149.658832,9.392745259,9.026689132,9.026689132,3.984529696,10.30519093,8.039479919,2025-11-03 05:39:35.641484,52.76,0,1,0,0,0.6934383333,0.6934383333,18.3918774,1.170372611,0,0.1197893822,1,3100,0.6934,2.684277419,4.0,2.0,2,1,0.693438333
464,1973-10-13,IL,639,756,2,1.0,10000,9009.36,0.9009,42630.63,5.0,3.0,1.0,1.0,0,0,0,102.0,93.5,157.77,157.77,240.0,113.44,27224.91,2022-12-02 22:43:00,0.0,1027,0.0,4000,Female,52,0,0.900936,0,1,2022-12-01,0,0.5,2500.0,0.2113353708,0.900936,10.6576575,2.25234,2.5,1,1,0,1.0,0,393,240.0,157.77,6.8062275,0.8508,0.5846375,1,0.900936,3603.744,9.210440367,9.106130305,10.66035175,5.067456614,10.21192437,8.294299609,2025-11-03 05:39:35.641484,157.77,0,1,0,0,0.900936,0.900936,18.3918774,1.271381622,0,0.2187601488,0,4000,0.9009,10.6576575,5.0,1.0,2,1,0.900936
465,1975-03-27,WI,505,494,2,1.0,3000,1461.34,0.4871,1461.34,6.0,2.0,0.0,0.0,0,0,0,176.0,170.5,183.49,183.49,259.0,127.1,32919.67,2023-04-02 05:16:00,0.0,881,0.0,2300,Female,50,0,0.487113333,0,1,2023-04-01,0,0.5,2500.0,0.4889038178,0.487113333,0.6353652174,0.6353652174,1.304347826,1,1,0,0.0,0,273,259.0,183.49,14.3129,1.657826087,0.487113333,0,0.487113333,1120.360666,8.006700845,7.287793171,7.287793171,5.217595261,10.40185601,7.74109909,2025-11-03 05:36:35.641484,183.49,0,1,0,0,0.4871133333,0.4871133333,21.3918774,1.249273102,0,0.2008658234,1,2300,0.4871,0.6353652174,6.0,0.0,2,1,0.487113333
466,1975-12-15,NY,505,676,4,2.5,4000,2195.73,0.5489,87476.57,15.0,3.0,0.0,2.0,1,1586,0,166.0,131.8,39.64,39.64,241.0,171.51,41333.25,2023-07-03 01:22:00,0.0,1171,0.0,3700,Male,49,0,0.5489325,0,0,2023-07-01,0,0.75,1333.333333,0.02510077841,0.5489325,23.64231622,0.5934405405,1.081081081,1,1,0,0.0,0,181,241.0,39.64,11.17114865,1.390621622,0.0,0,0.5489325,2031.05025,8.294299609,7.69472517,11.3791377,3.704752803,10.62944673,8.216358332,2025-11-03 05:38:35.641484,39.64,0,1,0,0,0.5489325,0.5489325,0.0,1.157005973,0,0.1185740015,1,3700,0.5489,23.64231622,15.0,0.0,4,0,0.5489325
467,1991-06-22,OH,524,680,2,1.0,20000,11068.39,0.5534,148174.89,10.0,3.0,0.0,0.0,0,0,0,74.0,42.5,71.87,71.87,217.0,188.26,40852.03,2022-05-30 19:07:00,15.0,1139,0.013169447,3100,Male,34,0,0.5534195,1,1,2022-05-01,0,0.5,2500.0,0.07469814892,0.5534195,47.79835161,3.570448387,6.451612903,1,1,0,0.0,0,579,217.0,71.87,13.17807419,1.821870968,0.5534195,0,0.5534195,1715.60045,9.903537551,9.31193892,11.90615529,4.288677032,10.61773627,8.039479919,2025-11-03 05:36:35.641484,71.87,0,1,0,0,0.5534195,0.5534195,21.3918774,1.155619995,0,0.1546076924,1,3100,0.5534,47.79835161,10.0,0.0,2,1,0.5534195
468,1993-10-10,MA,785,795,3,0.0,27000,20848.4875,0.7788,21026.72,5.0,2.0,1.0,2.0,0,0,0,154.0,89.0,151.99,151.99,226.0,147.76,33392.95,2023-10-22 11:57:00,12.0,1263,0.009501188,3400,Female,32,0,0.778767407,1,0,2023-10-01,1,0.0,0.0,0.4889038178,0.778767407,6.184329412,6.184329412,7.941176471,1,1,0,0.0,0,69,226.0,151.99,9.821455882,1.303764706,0.0,0,0.778767407,2647.809184,10.20362918,9.953596846,9.953596846,5.03037256,10.41613002,8.131824785,2025-11-03 05:37:35.641484,151.99,0,1,0,0,0.7787674074,0.7787674074,0.0,1.288137835,0,0.2650899185,1,3400,0.7788,6.184329412,5.0,1.0,3,0,0.778767407
469,1979-09-08,GA,639,581,2,0.0,5000,942.4,0.1885,262122.18,6.0,3.0,0.0,0.0,0,0,0,53.0,39.0,94.29,94.29,224.0,101.94,22834.41,2023-02-04 04:12:00,0.0,1185,0.0,3900,Male,46,0,0.18848,0,1,2023-02-01,0,0.0,0.0,0.003595269962,0.18848,67.21081538,0.2416410256,1.282051282,1,1,0,0.0,0,330,224.0,94.29,5.854976923,0.7841538462,0.18848,0,0.18848,735.072,8.517393171,6.849490371,12.47656982,4.556924873,10.03606768,8.26898821,2025-11-03 05:38:35.641484,94.29,0,1,0,0,0.18848,0.18848,19.3918774,1.259562301,0,0.2124988825,1,3900,0.1885,67.21081538,6.0,0.0,2,1,0.18848
47,1996-02-25,IN,601,504,4,0.0,31000,1760.94,0.0568,70460.6,9.0,2.0,1.0,1.0,0,0,0,152.0,90.5,50.21,50.21,237.0,114.45,27124.42,2022-04-21 18:47:00,9.0,1221,0.007371007,2900,Male,29,0,0.056804516,1,0,2022-04-01,0,0.0,0.0,0.02499183941,0.056804516,24.29675862,0.6072206897,10.68965517,1,1,0,0.0,0,618,237.0,50.21,9.353248276,1.183965517,0.0,0,0.056804516,164.7330964,10.34177474,7.474170754,11.16282316,3.935934825,10.20822657,7.972810784,2025-11-03 05:37:35.641484,50.21,0,1,0,0,0.05680451613,0.05680451613,0.0,1.169485228,0,0.2260503729,0,2900,0.0568,24.29675862,9.0,1.0,4,0,0.056804516
470,1995-04-12,MO,718,527,3,2.0,1000,616.84,0.0,248185.39,10.0,3.0,1.0,1.0,0,0,0,73.0,36.7,1120.67,1120.67,225.0,153.1,34448.41,2022-05-29 14:56:00,0.0,397,0.0,3300,Male,30,0,0.61684,0,0,2022-05-01,1,0.6666666667,500.0,0.002485400128,0.61684,75.20769394,0.1869212121,0.303030303,1,1,0,0.5,0,580,225.0,1120.67,10.43891212,1.391818182,0.0,0,0.61684,2035.572,6.908754779,6.426229524,12.42193532,7.663731708,10.44724715,8.101980732,2025-11-03 05:39:35.641484,1120.67,0,1,0,0,0.61684,0.61684,0.0,1.331453987,0,0.1366072068,1,3300,0.0,75.20769394,10.0,1.0,3,0,0.61684
471,1993-08-25,GA,529,638,2,0.0,1000,23.29,0.0233,40593.64,3.0,2.0,0.0,0.0,0,0,0,93.0,51.0,75.62,75.62,238.0,126.0,29987.24,2023-03-23 15:41:00,14.0,998,0.014028056,2800,Female,32,0,0.02329,1,1,2023-03-01,0,0.0,0.0,0.000573735196,0.02329,14.49772857,0.008317857143,0.3571428571,1,1,0,0.0,0,282,238.0,75.62,10.70972857,1.35,0.02329,0,0.02329,65.212,6.908754779,3.190064743,10.61139132,4.338858139,10.30856058,7.937731775,2025-11-03 05:36:35.641484,75.62,0,1,0,0,0.02329,0.02329,21.3918774,1.211432392,0,0.2179059609,0,2800,0.0233,14.49772857,3.0,0.0,2,1,0.02329
472,1989-09-17,MI,720,594,4,0.0,18000,8804.7,0.4892,8804.7,17.0,3.0,0.0,0.0,0,0,0,127.0,107.8,14.12,14.12,238.0,172.53,41062.56,2023-05-30 22:15:00,0.0,708,0.0,3700,Male,36,0,0.48915,0,0,2023-05-01,1,0.0,0.0,0.4889038178,0.48915,2.379648649,2.379648649,4.864864865,1,1,0,0.0,0,214,238.0,14.12,11.09798919,1.398891892,0.0,0,0.48915,1809.855,9.798182591,9.083154518,9.083154518,2.716018371,10.62287639,8.216358332,2025-11-03 05:36:35.641484,14.12,0,1,0,0,0.48915,0.48915,0.0,1.113797511,0,0.1491163041,0,3700,0.4892,2.379648649,17.0,0.0,4,0,0.48915
473,1975-04-26,WI,795,666,2,0.0,1000,42.78,0.0428,2435.95,6.0,3.0,0.0,0.0,0,0,0,119.0,66.0,755.1,755.1,221.0,141.7,31315.34,2023-02-12 16:15:00,5.0,1029,0.004859086,3200,Male,50,0,0.04278,1,1,2023-02-01,1,0.0,0.0,0.01756193682,0.04278,0.761234375,0.01336875,0.3125,1,1,0,0.0,0,321,221.0,755.1,9.78604375,1.3284375,0.04278,0,0.04278,136.896,6.908754779,3.779177092,7.798502536,6.628173643,10.35189529,8.07121854,2025-11-03 05:39:35.641484,755.1,0,1,0,0,0.04278,0.04278,18.3918774,1.365427741,0,0.1907406718,0,3200,0.0428,0.761234375,6.0,0.0,2,1,0.04278
474,1973-05-02,CO,573,646,2,0.0,1000,635.9,0.6359,164911.37,4.0,3.0,0.0,1.0,0,0,0,80.0,75.0,1120.67,1120.67,241.0,173.57,41829.49,2023-08-12 07:19:00,11.0,1253,0.008778931,2700,Female,52,0,0.6359,1,1,2023-08-01,0,0.0,0.0,0.003856010656,0.6359,61.07828519,0.2355185185,0.3703703704,1,1,0,0.0,0,141,241.0,1120.67,15.4924037,1.928555556,0.5846375,0,0.6359,1716.93,6.908754779,6.456612657,12.01316952,7.574404468,10.64138078,7.901377354,2025-11-03 05:39:35.641484,1120.67,0,1,0,0,0.6359,0.6359,18.3918774,1.367954592,0,0.3281170023,1,2700,0.6359,61.07828519,4.0,0.0,2,1,0.6359
475,1988-09-04,TN,729,513,3,1.0,40000,10788.51,0.2697,27791.82,16.0,3.0,1.0,1.0,0,0,0,184.0,151.3,156.15,156.15,220.0,162.81,35817.56,2022-05-03 15:29:00,7.0,1107,0.006323397,2900,Male,37,0,0.26971275,1,0,2022-05-01,1,0.3333333333,2500.0,0.3881901221,0.26971275,9.583386207,3.720175862,13.79310345,1,1,0,1.0,0,606,220.0,156.15,12.35088276,1.684241379,0.0,0,0.26971275,782.166975,10.59665973,9.286329645,10.23253299,5.057200763,10.48622147,7.972810784,2025-11-03 05:37:35.641484,156.15,0,1,0,0,0.26971275,0.26971275,0.0,1.270201241,0,0.1348419037,1,2900,0.2697,9.583386207,16.0,1.0,3,0,0.26971275
476,1972-05-03,WA,537,725,4,0.0,5000,3953.0,0.7906,24609.28,9.0,3.0,1.0,0.0,0,0,0,176.0,105.5,12.92,12.92,234.0,111.89,26182.36,2022-12-13 22:27:00,0.0,1774,0.0,2400,Male,53,0,0.7906,0,0,2022-12-01,0,0.0,0.0,0.1606304614,0.7906,10.25386667,1.647083333,2.083333333,1,1,0,0.0,0,382,234.0,12.92,10.90931667,1.398625,0.0,0,0.7906,1897.44,8.517393171,8.282483004,10.11091952,2.633326655,10.17287937,7.783640596,2025-11-03 05:38:35.641484,12.92,0,1,0,0,0.7906,0.7906,0.0,1.092497776,0,0.2222761698,0,2400,0.7906,10.25386667,9.0,1.0,4,0,0.7906
477,1982-08-17,IL,567,658,3,0.0,1000,891.01,0.0,14530.93,9.0,3.0,0.0,0.0,0,0,0,126.0,54.0,994.35,994.35,219.0,125.48,27480.53,2023-04-19 07:53:00,11.0,1328,0.008283133,2600,Male,43,0,0.89101,1,0,2023-04-01,0,0.0,0.0,0.06131816752,0.89101,5.588819231,0.3426961538,0.3846153846,1,1,0,0.0,0,256,219.0,994.35,10.56943462,1.447846154,0.0,0,0.89101,2316.626,6.908754779,6.793477343,9.584103576,6.903094434,10.22126942,7.863651265,2025-11-03 05:38:35.641484,994.35,0,1,0,0,0.89101,0.89101,0.0,1.301994231,0,0.2235041477,1,2600,0.0,5.588819231,9.0,0.0,3,0,0.89101
478,1992-02-08,MA,740,687,3,2.0,30000,12443.43,0.4148,12443.43,9.0,3.0,0.0,1.0,0,0,0,173.0,109.3,1120.67,1120.67,228.0,126.66,28878.45,2023-04-05 19:39:00,0.0,821,0.0,2700,Female,33,0,0.414781,0,0,2023-04-01,1,0.6666666667,2500.0,0.4889038178,0.414781,4.608677778,4.608677778,11.11111111,1,1,0,0.0,0,269,228.0,1120.67,10.69572222,1.407333333,0.0,0,0.414781,1119.9087,10.30898599,9.429028412,9.429028412,7.326912882,10.27088555,7.901377354,2025-11-03 05:39:35.641484,1120.67,0,1,0,0,0.414781,0.414781,0.0,1.301439757,0,0.1709247098,0,2700,0.4148,4.608677778,9.0,0.0,3,0,0.414781
479,1987-01-14,NY,646,634,2,0.0,10000,2324.39,0.2324,11056.02,11.0,3.0,1.0,2.0,0,0,0,123.0,109.5,10.58,10.58,238.0,135.62,32276.54,2023-09-24 11:00:00,8.0,548,0.01459854,3200,Female,38,0,0.232439,1,1,2023-09-01,0,0.0,0.0,0.2102374996,0.232439,3.45500625,0.726371875,3.125,1,1,0,0.0,0,98,238.0,10.58,10.08641875,1.2714375,0.232439,1,0.232439,743.8048,9.210440367,7.751643046,9.310820799,2.449279472,10.38212691,8.07121854,2025-11-03 05:36:35.641484,10.58,0,1,0,0,0.232439,0.232439,21.3918774,1.103950464,0,0.111708534,0,3200,0.2324,3.45500625,11.0,1.0,2,1,0.232439
48,1973-03-22,CO,678,640,3,1.0,1000,402.08,0.0,19745.24,9.0,2.0,2.5,0.0,0,0,1,181.0,171.7,71.38,71.38,252.0,102.43,25811.1,2023-02-19 03:28:00,9.0,413,0.01942862,3500,Male,52,0,0.40208,1,0,2023-02-01,1,0.3333333333,1000.0,0.02036338885,0.40208,5.641497143,0.11488,0.2857142857,1,1,1,3.0,0,315,252.0,71.38,7.3746,0.8779714286,0.0,0,0.40208,1407.28,6.908754779,5.999135053,9.890718372,4.281930018,10.15859865,8.160803921,2025-11-03 05:39:35.641484,71.38,0,1,0,0,0.40208,0.40208,0.0,1.123743314,0,0.2673772699,0,3500,0.0,5.641497143,9.0,2.5,3,0,0.40208
480,1990-09-12,OH,685,602,2,0.0,20000,7604.04,0.3802,7604.04,4.0,1.0,0.0,0.0,0,0,0,118.0,106.5,360.44,360.44,221.0,166.81,36865.62,2022-07-25 20:19:00,0.0,916,0.0,3300,Female,35,0,0.380202,0,1,2022-07-01,1,0.0,0.0,0.4889038178,0.380202,2.304254545,2.304254545,6.060606061,1,1,0,0.0,0,523,221.0,360.44,11.1714,1.516454545,0.380202,0,0.380202,1254.6666,9.903537551,8.936566464,8.936566464,5.890096053,10.51506181,8.101980732,2025-11-03 05:39:35.641484,360.44,0,1,0,0,0.380202,0.380202,18.3918774,1.347843034,0,0.2147185729,0,3300,0.3802,2.304254545,4.0,0.0,2,1,0.380202
481,1989-02-12,OH,760,726,4,1.0,30000,4006.17,0.1335,236712.34,18.0,3.0,1.0,0.0,0,0,0,155.0,72.0,1120.67,1120.67,225.0,116.43,26196.09,2022-04-06 21:17:00,9.0,988,0.009109312,3000,Male,36,0,0.133539,1,0,2022-04-01,1,0.25,2500.0,0.01692421274,0.133539,78.90411333,1.33539,10.0,1,1,0,1.0,0,633,225.0,1120.67,8.73203,1.1643,0.0,0,0.133539,400.617,10.30898599,8.295840535,12.37460515,7.032023904,10.17340361,8.006700845,2025-11-03 05:39:35.641484,1120.67,0,1,0,0,0.133539,0.133539,0.0,1.270396143,0,0.2179004557,1,3000,0.1335,78.90411333,18.0,1.0,4,0,0.133539
482,1966-06-04,NC,513,586,3,0.0,31000,15273.45,0.4927,160805.65,8.0,3.0,0.0,1.0,0,0,0,163.0,115.7,97.02,97.02,211.0,172.02,36295.2,2022-01-08 06:31:00,0.0,705,0.0,2200,Male,59,0,0.492691935,0,0,2022-01-01,0,0.0,0.0,0.09498080447,0.492691935,73.09347727,6.45558796,14.09090909,1,1,0,0.0,0,722,211.0,97.02,16.49781818,2.345727273,0.0,0,0.492691935,1083.922257,10.34177474,9.633936777,11.98795799,4.585171539,10.49946833,7.696667082,2025-11-03 05:37:35.641484,97.02,0,1,0,0,0.4926919355,0.4926919355,0.0,1.185198004,0,0.2076287856,1,2200,0.4927,73.09347727,8.0,0.0,3,0,0.492691935
483,1974-03-02,GA,702,758,4,0.0,5000,4398.48,0.8797,221586.09,11.0,3.0,0.0,2.0,0,0,0,107.0,81.0,769.29,769.29,213.0,196.56,41866.59,2022-05-01 20:15:00,0.0,1836,0.0,4000,Female,51,0,0.879696,0,0,2022-05-01,1,0.0,0.0,0.01984998246,0.879696,55.3965225,1.09962,1.25,1,1,0,0.0,0,608,213.0,769.29,10.4666475,1.4742,0.0,0,0.879696,3518.784,8.517393171,8.389241631,12.30857097,6.646767067,10.6422673,8.294299609,2025-11-03 05:36:35.641484,769.29,0,1,0,0,0.879696,0.879696,0.0,1.330209246,0,0.1890444248,1,4000,0.8797,55.3965225,11.0,0.0,4,0,0.879696
484,1995-12-27,IL,568,773,3,1.0,1000,1000.0,0.0,17211.42,9.0,3.0,2.0,1.0,0,0,0,183.0,119.0,1120.67,1120.67,256.0,177.48,45434.61,2023-11-12 05:51:00,0.0,716,0.0,2700,Male,29,0,1.0,0,0,2023-11-01,0,0.3333333333,1000.0,0.05810095855,1.0,6.3746,0.3703703704,0.3703703704,1,1,0,2.0,0,49,256.0,1120.67,16.82763333,1.972,0.0,0,1.0,2700.0,6.908754779,6.908754779,9.753386495,7.908236413,10.72405144,7.901377354,2025-11-03 05:36:35.641484,1120.67,0,1,0,0,1.0,1.0,0.0,1.37683438,0,0.2549080106,1,2700,0.0,6.3746,9.0,2.0,3,0,1.0
485,1995-08-20,CA,538,646,3,0.0,10000,8607.83,0.8608,31462.33,13.0,3.0,1.0,1.0,0,0,0,180.0,129.0,54.09,54.09,223.0,172.12,38382.85,2022-10-02 13:35:00,12.0,963,0.012461059,2600,Male,30,0,0.860783,1,0,2022-10-01,0,0.0,0.0,0.2735916253,0.860783,12.10089615,3.310703846,3.846153846,1,1,0,0.0,0,454,223.0,54.09,14.76263462,1.986,0.0,0,0.860783,2238.0358,9.210440367,9.0605437,10.35657802,4.008968211,10.55539208,7.863651265,2025-11-03 05:36:35.641484,54.09,0,1,0,0,0.860783,0.860783,0.0,1.166355614,0,0.09587315326,0,2600,0.8608,12.10089615,13.0,1.0,3,0,0.860783
486,1970-01-09,AZ,707,637,3,0.0,1000,326.21,0.0,179436.09,10.0,3.0,1.0,1.0,0,0,0,187.0,114.7,130.44,130.44,220.0,186.83,41101.8,2023-10-01 22:49:00,3.0,571,0.00525394,3600,Female,55,0,0.32621,1,0,2023-10-01,1,0.0,0.0,0.001817973185,0.32621,49.84335833,0.09061388889,0.2777777778,1,1,0,0.0,0,90,220.0,130.44,11.41716667,1.556916667,0.0,0,0.32621,1174.356,6.908754779,5.790602167,12.09757995,4.878550474,10.62383152,8.188966864,2025-11-03 05:39:35.641484,130.44,0,1,0,0,0.32621,0.32621,0.0,1.219262544,0,0.2235142804,1,3600,0.0,49.84335833,10.0,1.0,3,0,0.32621
487,1974-09-24,WI,515,785,3,0.0,0,0.0,0.0,187917.57,9.0,3.0,1.0,0.0,0,0,0,139.0,95.7,219.69,219.69,218.0,209.27,45621.34,2022-05-13 01:40:00,22.5,1499,0.016677785,3000,Male,51,0,0.49068525,1,0,2022-05-01,0,0.0,0.0,0.0,0.49068525,62.63919,0.0,0.0,1,1,0,0.0,0,597,218.0,219.69,15.20711333,2.0927,0.0,0,0.477859,1590.507672,2.416580621,1.973596521,12.14376401,5.396759002,10.72815279,8.006700845,2025-11-03 05:38:35.641484,219.69,0,1,0,0,0.0,0.0,0.0,1.239929161,0,0.163561735,1,3000,0.0,62.63919,9.0,1.0,3,0,0.49068525
488,1998-07-04,GA,647,511,4,2.0,1000,887.35,0.0,210226.63,17.0,3.0,0.0,0.0,0,0,0,141.0,75.0,66.74,66.74,229.0,105.5,24159.56,2022-04-21 01:26:00,20.0,973,0.01942862,3100,Male,27,0,0.88735,1,0,2022-04-01,0,0.5,500.0,0.004220921013,0.88735,67.81504194,0.2862419355,0.3225806452,1,1,0,0.0,0,619,229.0,66.74,7.793406452,1.020967742,0.0,0,0.88735,2750.785,6.908754779,6.789365809,12.25594618,4.215676847,10.09247683,8.039479919,2025-11-03 05:39:35.641484,66.74,0,1,0,0,0.88735,0.88735,0.0,1.208939391,0,0.2127210683,1,3100,0.0,67.81504194,17.0,0.0,4,0,0.88735
489,1980-05-04,NY,591,777,2,0.0,0,0.0,0.0,26505.82,3.0,1.0,0.0,0.0,0,0,0,149.0,115.0,248.63,248.63,217.0,146.45,31780.56,2022-02-25 08:00:00,0.0,1458,0.0,3000,Male,45,0,0.49068525,0,1,2022-02-01,0,0.0,0.0,0.0,0.49068525,8.835273333,0.0,0.0,1,1,0,0.0,0,674,217.0,248.63,10.59352,1.4645,0.0,0,0.477859,1590.507672,2.416580621,1.973596521,10.18515734,5.519979822,10.36664153,8.006700845,2025-11-03 05:37:35.641484,248.63,0,1,0,0,0.0,0.0,20.3918774,1.33711211,0,0.1658567171,0,3000,0.0,8.835273333,3.0,0.0,2,1,0.49068525
49,2000-03-09,TN,486,583,3,1.0,1000,923.82,0.0,17896.97,11.0,2.0,1.0,1.0,0,0,0,91.0,67.7,331.08,331.08,222.0,157.68,35005.12,2023-06-28 17:01:00,0.0,1058,0.0,2600,Female,25,0,0.92382,0,0,2023-06-01,0,0.3333333333,1000.0,0.05161879357,0.92382,6.88345,0.3553153846,0.3846153846,1,1,0,1.0,0,185,222.0,331.08,13.46350769,1.819384615,0.0,0,0.92382,2401.932,6.908754779,6.829599124,9.792442578,5.805375904,10.46327818,7.863651265,2025-11-03 05:36:35.641484,331.08,0,1,0,0,0.92382,0.92382,0.0,1.352203627,0,0.1965134715,0,2600,0.0,6.88345,11.0,1.0,3,0,0.92382
490,1980-07-21,WI,555,711,2,1.0,20000,17087.22,0.8544,17087.22,4.0,2.0,0.0,0.0,0,0,0,134.0,85.5,48.44,48.44,258.0,187.19,48296.09,2023-08-11 02:51:00,0.0,930,0.0,3600,Male,45,0,0.854361,0,1,2023-08-01,0,0.5,2500.0,0.4889038178,0.854361,4.74645,4.74645,5.555555556,1,1,0,0.0,0,142,258.0,48.44,13.41558056,1.559916667,0.5846375,0,0.854361,3075.6996,9.903537551,9.746144616,9.746144616,3.900759813,10.78512659,8.188966864,2025-11-03 05:38:35.641484,48.44,0,1,0,0,0.854361,0.854361,19.3918774,1.157342436,0,0.182456091,1,3600,0.8544,4.74645,4.0,0.0,2,1,0.854361
491,1994-02-04,CO,679,580,2,1.0,1000,476.45,0.0,46182.35,5.0,2.0,0.0,2.5,0,0,0,148.0,98.0,815.78,815.78,233.0,154.86,36081.38,2022-10-30 22:25:00,0.0,767,0.0,3900,Male,31,0,0.47645,0,1,2022-10-01,1,0.5,1000.0,0.0103167119,0.47645,11.84162821,0.1221666667,0.2564102564,1,1,0,0.0,0,426,233.0,815.78,9.251635897,1.191230769,0.47645,0,0.47645,1858.155,6.908754779,6.168459442,10.74037462,6.705369781,10.49355994,8.26898821,2025-11-03 05:39:35.641484,815.78,0,1,0,0,0.47645,0.47645,18.3918774,1.378577032,0,0.1734914141,1,3900,0.0,11.84162821,5.0,0.0,2,1,0.47645
492,1999-01-21,TN,642,771,3,0.0,25000,7941.6,0.3177,299739.78,13.0,3.0,0.0,0.0,0,0,0,112.0,91.7,46.41,46.41,218.0,161.67,35243.87,2023-07-04 17:54:00,0.0,542,0.0,2700,Male,26,0,0.317664,0,0,2023-07-01,0,0.0,0.0,0.02649498175,0.317664,111.0147333,2.941333333,9.259259259,1,1,0,0.0,0,179,218.0,46.41,13.05328519,1.796333333,0.0,0,0.317664,857.6928,10.1266711,8.979995957,12.61067331,3.858833177,10.47007527,7.901377354,2025-11-03 05:38:35.641484,46.41,0,1,0,0,0.317664,0.317664,0.0,1.158288866,0,0.307994206,1,2700,0.3177,111.0147333,13.0,0.0,3,0,0.317664
493,2001-04-23,IL,702,525,2,0.0,10000,1916.19,0.1916,33960.2,8.0,3.0,1.0,1.0,0,0,0,187.0,144.0,867.13,867.13,238.0,155.45,36996.29,2022-01-06 02:21:00,10.0,618,0.01618123,3600,Male,24,0,0.191619,1,1,2022-01-01,1,0.0,0.0,0.05642457936,0.191619,9.433388889,0.532275,2.777777778,1,1,0,0.0,0,724,238.0,867.13,10.27674722,1.295416667,0.191619,1,0.191619,689.8284,9.210440367,7.558615851,10.43297398,6.766341473,10.51859995,8.188966864,2025-11-03 05:37:35.641484,867.13,0,1,0,0,0.191619,0.191619,20.3918774,1.378083945,0,0.1454657078,1,3600,0.1916,9.433388889,8.0,1.0,2,1,0.191619
494,1983-07-01,WI,793,545,2,0.0,1000,181.89,0.0,87513.07,9.0,3.0,1.0,1.0,0,0,0,181.0,151.5,329.03,329.03,226.0,103.26,23336.27,2023-12-11 14:21:00,11.0,1832,0.006004367,4400,Female,42,0,0.18189,1,1,2023-12-01,1,0.0,0.0,0.002078432399,0.18189,19.88933409,0.04133863636,0.2272727273,1,1,0,0.0,0,19,226.0,329.03,5.303697727,0.7040454545,0.18189,1,0.18189,800.316,6.908754779,5.208884879,11.37955486,5.799183559,10.05780693,8.389587067,2025-11-03 05:36:35.641484,329.03,0,1,0,0,0.18189,0.18189,21.3918774,1.363031302,0,0.1946422631,0,4400,0.0,19.88933409,9.0,1.0,2,1,0.18189
495,1987-04-19,MI,511,761,4,0.0,48500,20848.4875,0.7797,55639.55,15.0,3.0,2.5,0.0,0,0,0,138.0,55.5,141.17,141.17,223.0,140.77,31391.47,2022-05-28 04:51:00,11.0,1279,0.008600469,2400,Male,38,0,0.779662714,1,0,2022-05-01,0,0.0,0.0,0.4889038178,0.779662714,23.18314583,6.45558796,15.64516129,1,1,1,0.0,0,582,223.0,141.17,13.07977917,1.759625,0.0,0,0.779662714,1871.190514,11.15626481,10.90737497,10.92666753,4.957023525,10.35432333,7.783640596,2025-11-03 05:38:35.641484,141.17,0,1,0,0,0.7796627143,0.7796627143,0.0,1.288878116,0,0.1667845682,1,2400,0.7797,23.18314583,15.0,2.5,4,0,0.779662714
496,1976-11-22,TX,480,536,3,0.0,2000,1837.44,0.9187,42455.39,11.0,3.0,2.0,1.0,0,0,0,182.0,109.7,84.94,84.94,260.0,190.3,49477.05,2023-01-10 11:46:00,0.0,1327,0.0,3100,Female,48,0,0.91872,0,0,2023-01-01,0,0.0,0.0,0.04327931035,0.91872,13.6952871,0.5927225806,0.6451612903,1,1,0,0.0,0,354,260.0,84.94,15.96033871,1.841612903,0.0,0,0.91872,2848.032,7.601402335,7.516672665,10.65623271,4.453649378,10.80928442,8.039479919,2025-11-03 05:37:35.641484,84.94,0,1,0,0,0.91872,0.91872,0.0,1.190649066,0,0.2133540134,1,3100,0.9187,13.6952871,11.0,2.0,3,0,0.91872
497,1998-06-03,TN,495,701,2,0.0,1000,401.09,0.4011,166063.0,4.0,3.0,0.0,0.0,0,0,0,175.0,167.5,173.89,173.89,241.0,117.14,28230.25,2022-04-17 09:37:00,0.0,977,0.0,2500,Male,27,0,0.40109,0,1,2022-04-01,0,0.0,0.0,0.002415288174,0.40109,66.4252,0.160436,0.4,1,1,0,0.0,0,623,241.0,173.89,11.2921,1.40568,0.40109,0,0.40109,1002.725,6.908754779,5.996675944,12.02012854,5.164157205,10.2481848,7.824445931,2025-11-03 05:39:35.641484,173.89,0,1,0,0,0.40109,0.40109,18.3918774,1.282497498,0,0.2099008872,1,2500,0.4011,66.4252,4.0,0.0,2,1,0.40109
498,1999-09-26,TN,800,675,2,0.0,0,0.0,0.0,37787.09,3.0,2.0,1.0,1.0,0,0,0,161.0,130.5,48.03,48.03,229.0,136.75,31316.16,2023-04-18 12:34:00,12.0,2177,0.005512173,3200,Male,26,0,0.49068525,1,1,2023-04-01,1,0.0,0.0,0.0,0.49068525,11.80846563,0.0,0.0,1,1,0,0.0,0,256,229.0,48.03,9.7863,1.28203125,0.0,1,0.477859,1590.507672,2.416580621,1.973596521,10.53974925,3.892432356,10.35192147,8.07121854,2025-11-03 05:37:35.641484,48.03,0,1,0,0,0.0,0.0,20.3918774,1.188521221,0,0.2390594605,1,3200,0.0,11.80846563,3.0,1.0,2,1,0.49068525
499,2000-01-13,CO,675,759,2,0.0,1000,798.41,0.7984,3685.66,6.0,3.0,1.0,0.0,0,0,0,118.0,59.0,187.15,187.15,230.0,107.55,24736.19,2023-12-30 23:41:00,0.0,1142,0.0,2700,Male,25,0,0.79841,0,1,2023-12-01,1,0.0,0.0,0.2166260588,0.79841,1.365059259,0.2957074074,0.3703703704,1,1,0,0.0,0,0,230.0,187.15,9.161551852,1.195,0.5846375,1,0.79841,2155.707,6.908754779,6.683873956,8.212476178,5.237239517,10.11606306,7.901377354,2025-11-03 05:38:35.641484,187.15,0,1,0,0,0.79841,0.79841,19.3918774,1.315779785,0,0.1773864351,1,2700,0.7984,1.365059259,6.0,1.0,2,1,0.79841
5,1979-09-20,CA,653,701,3,0.0,1000,760.13,0.7601,169228.4,7.0,3.0,1.0,1.0,0,0,0,126.0,79.3,62.21,62.21,188.5,56.38,12033.11,2022-08-17 10:58:00,0.0,1561,0.0,3100,Male,46,1,0.76013,0,0,2022-08-01,0,0.0,0.0,0.004491740157,0.76013,54.58980645,0.2452032258,0.3225806452,1,1,0,0.0,0,501,188.5,62.21,3.237119355,0.5456129032,0.0,0,0.76013,2356.403,6.908754779,6.634804171,12.03901047,4.146462516,9.748329953,8.039479919,2025-11-03 05:37:35.641484,62.21,0,1,0,0,0.76013,0.76013,0.0,0.6621032452,0,0.2413428818,0,3100,0.7601,54.58980645,7.0,1.0,3,0,0.76013
50,1992-04-18,AZ,595,781,3,0.0,5000,687.06,0.1374,139472.77,7.0,2.0,1.0,0.0,0,0,0,129.0,99.7,711.74,711.74,208.0,144.73,30102.95,2022-09-01 14:04:00,10.0,1820,0.005494505,3300,Male,33,0,0.137412,1,0,2022-09-01,0,0.0,0.0,0.004926122855,0.137412,42.26447576,0.2082,1.515151515,1,1,0,0.0,0,485,208.0,711.74,9.122106061,1.315727273,0.0,0,0.137412,453.4596,8.517393171,6.533876043,11.84563183,6.569116698,10.31241167,8.101980732,2025-11-03 05:37:35.641484,711.74,0,1,0,0,0.137412,0.137412,0.0,1.330479293,0,0.1889554149,1,3300,0.1374,42.26447576,7.0,1.0,3,0,0.137412
500,1967-11-13,VA,568,551,2,1.0,30000,2242.18,0.0747,6927.45,7.0,3.0,2.0,1.0,0,0,0,161.0,84.5,210.78,210.78,234.0,166.59,38981.99,2023-04-30 13:05:00,0.0,1649,0.0,3300,Female,57,0,0.074739333,0,1,2023-04-01,0,0.5,2500.0,0.3236659954,0.074739333,2.099227273,0.6794484848,9.090909091,1,1,0,2.0,0,244,234.0,210.78,11.81272424,1.514454545,0.074739333,2,0.074739333,246.6397989,10.30898599,7.715649781,8.843391402,5.355548,10.57088068,8.101980732,2025-11-03 05:36:35.641484,210.78,0,1,0,0,0.07473933333,0.07473933333,21.3918774,1.301613681,0,0.174083958,1,3300,0.0747,2.099227273,7.0,2.0,2,1,0.074739333
501,1981-12-01,VA,764,664,4,0.0,1000,890.79,0.8908,305767.34,9.0,3.0,0.0,2.5,0,0,0,111.0,72.0,351.96,351.96,220.0,193.14,42490.12,2023-11-03 15:06:00,0.0,1217,0.0,3800,Female,43,0,0.89079,0,0,2023-11-01,1,0.0,0.0,0.002913293486,0.89079,80.46508947,0.2344184211,0.2631578947,1,1,0,0.0,0,57,220.0,351.96,11.18161053,1.524789474,0.0,0,0.89079,3385.002,6.908754779,6.793230679,12.63058304,5.866354736,10.65705039,8.243019469,2025-11-03 05:37:35.641484,351.96,0,1,0,0,0.89079,0.89079,0.0,1.313540143,0,0.2124188253,1,3800,0.8908,80.46508947,9.0,0.0,4,0,0.89079
502,1969-06-08,FL,558,544,4,0.0,5000,3368.23,0.6736,314915.66,12.0,2.0,1.0,0.0,0,0,1,180.0,82.5,78.51,78.51,220.0,199.02,43784.6,2022-02-20 13:08:00,14.0,1332,0.010510511,3300,Female,56,0,0.673646,1,0,2022-02-01,0,0.0,0.0,0.01069565737,0.673646,95.42898788,1.020675758,1.515151515,1,1,0,0.0,0,678,220.0,78.51,13.26806061,1.809272727,0.0,0,0.673646,2223.0318,8.517393171,8.122439511,12.66006331,4.3758828,10.68706028,8.101980732,2025-11-03 05:37:35.641484,78.51,0,1,0,0,0.673646,0.673646,0.0,1.158138363,0,0.1874165151,1,3300,0.6736,95.42898788,12.0,1.0,4,0,0.673646
503,2002-12-25,NC,485,488,3,1.0,1000,719.56,0.7196,318599.54,6.0,2.0,1.0,2.0,0,0,0,127.0,61.0,764.27,764.27,241.0,145.37,35033.19,2023-05-15 20:34:00,12.0,1352,0.00887574,3200,Male,22,0,0.71956,1,0,2023-05-01,0,0.3333333333,1000.0,0.002258509224,0.71956,99.56235625,0.2248625,0.3125,1,1,0,1.0,0,229,241.0,764.27,10.94787188,1.36284375,0.0,0,0.71956,2302.592,6.908754779,6.580028687,12.67169337,6.640228713,10.46407972,8.07121854,2025-11-03 05:36:35.641484,764.27,0,1,0,0,0.71956,0.71956,0.0,1.380128454,0,0.1810554175,0,3200,0.7196,99.56235625,6.0,1.0,3,0,0.71956
504,1973-01-12,IN,729,549,3,2.0,1000,366.6,0.0,145793.78,6.0,3.0,1.0,1.0,0,0,0,151.0,129.0,65.21,65.21,243.0,102.71,24958.67,2023-08-02 01:34:00,0.0,1265,0.0,3100,Female,52,0,0.3666,0,0,2023-08-01,1,0.6666666667,500.0,0.002514510564,0.3666,47.03025161,0.1182580645,0.3225806452,1,1,0,0.5,0,151,243.0,65.21,8.051183871,0.9939677419,0.0,0,0.3666,1136.46,6.908754779,5.90699539,11.8899553,4.192831509,10.1250166,8.039479919,2025-11-03 05:36:35.641484,65.21,0,1,0,0,0.3666,0.3666,0.0,1.148902024,0,0.2431802211,1,3100,0.0,47.03025161,6.0,1.0,3,0,0.3666
505,1986-11-06,MA,550,713,3,0.0,20000,1743.44,0.0872,279183.61,7.0,2.0,0.0,0.0,0,0,0,147.0,97.3,64.77,64.77,221.0,200.37,44282.23,2023-12-18 13:19:00,11.0,1578,0.006970849,2700,Female,38,0,0.087172,1,0,2023-12-01,0,0.0,0.0,0.006244779197,0.087172,103.401337,0.6457185185,7.407407407,1,1,0,0.0,0,12,221.0,64.77,16.40082593,2.226333333,0.0,0,0.087172,235.3644,9.903537551,7.464188866,12.53962853,4.186163807,10.69836133,7.901377354,2025-11-03 05:39:35.641484,64.77,0,1,0,0,0.087172,0.087172,0.0,1.14444162,0,0.1995056679,1,2700,0.0872,103.401337,7.0,0.0,3,0,0.087172
506,1995-11-06,IL,799,712,2,0.0,30000,20848.4875,0.8621,28801.81,4.0,3.0,1.0,0.0,0,0,0,187.0,178.5,68.21,68.21,243.0,154.95,37653.9,2022-12-18 09:24:00,0.0,1467,0.0,4300,Female,29,0,0.862101,0,1,2022-12-01,1,0.0,0.0,0.4889038178,0.862101,6.698095349,6.01465814,6.976744186,1,1,0,0.0,0,378,243.0,68.21,8.75672093,1.081046512,0.5846375,1,0.862101,3707.0343,10.30898599,10.16060848,10.26822823,4.237145361,10.53621837,8.366602833,2025-11-03 05:38:35.641484,68.21,0,1,0,0,0.862101,0.862101,19.3918774,1.196402635,0,0.2106925364,0,4300,0.8621,6.698095349,4.0,1.0,2,1,0.862101
507,1969-12-25,MA,762,676,2,0.0,1000,771.16,0.7712,8887.86,10.0,3.0,0.0,1.0,0,0,0,143.0,133.0,1075.95,1075.95,234.0,181.02,42357.81,2023-06-02 21:32:00,14.0,1555,0.009003215,3600,Male,55,0,0.77116,1,1,2023-06-01,1,0.0,0.0,0.08676554311,0.77116,2.46885,0.2142111111,0.2777777778,1,1,0,0.0,0,211,234.0,1075.95,11.76605833,1.5085,0.5846375,0,0.77116,2776.176,6.908754779,6.649191782,9.092554086,6.981888251,10.65393171,8.188966864,2025-11-03 05:36:35.641484,1075.95,0,1,0,0,0.77116,0.77116,21.3918774,1.365770429,0,0.2178979182,0,3600,0.7712,2.46885,10.0,0.0,2,1,0.77116
508,1967-05-07,NY,595,697,3,0.0,0,0.0,0.0,480219.01,11.0,2.0,0.0,2.0,1,417,0,155.0,63.0,1058.86,1058.86,249.0,145.93,36335.79,2022-03-04 13:00:00,0.0,2038,0.0,3100,Female,58,0,0.49068525,0,0,2022-03-01,0,0.0,0.0,0.0,0.49068525,154.9093581,0.0,0.0,1,1,0,0.0,0,666,249.0,1058.86,11.72122258,1.412225806,0.0,0,0.477859,1590.507672,2.416580621,1.973596521,13.08199963,6.965892103,10.50058601,8.039479919,2025-11-03 05:39:35.641484,1058.86,0,1,0,0,0.0,0.0,0.0,1.35854743,0,0.1608902073,1,3100,0.0,154.9093581,11.0,0.0,3,0,0.49068525
509,1977-01-11,GA,775,601,4,1.0,1000,131.52,0.0,31231.65,7.0,3.0,0.0,0.0,0,0,0,179.0,101.0,164.52,164.52,224.0,140.18,31401.37,2022-01-14 15:53:00,12.0,967,0.012409514,4200,Female,48,0,0.13152,1,0,2022-01-01,1,0.25,1000.0,0.004211112765,0.13152,7.436107143,0.03131428571,0.2380952381,1,1,0,0.0,0,715,224.0,164.52,7.476516667,1.001285714,0.0,0,0.13152,552.384,6.908754779,4.886733577,10.3492193,5.109092033,10.35463865,8.343077871,2025-11-03 05:39:35.641484,164.52,0,1,0,0,0.13152,0.13152,0.0,1.305074899,0,0.1372523529,1,4200,0.0,7.436107143,7.0,0.0,4,0,0.13152
51,1984-07-22,VA,579,709,2,0.0,2000,135.35,0.0677,7015.64,7.0,3.0,1.0,2.0,0,0,0,146.0,84.5,1120.67,1120.67,201.0,175.84,35343.87,2023-09-20 10:41:00,0.0,1104,0.0,2600,Male,41,0,0.067675,0,1,2023-09-01,0,0.0,0.0,0.01929260908,0.067675,2.698323077,0.05205769231,0.7692307692,1,1,0,0.0,0,102,201.0,1120.67,13.59379615,2.028923077,0.067675,1,0.067675,175.955,7.601402335,4.915225109,8.85603975,7.226834269,10.47290854,7.863651265,2025-11-03 05:37:35.641484,1120.67,0,1,0,0,0.067675,0.067675,20.3918774,1.235055164,0,0.2026000643,1,2600,0.0677,2.698323077,7.0,1.0,2,1,0.067675
510,1997-07-27,IN,690,497,2,0.0,20000,1277.03,0.0639,46640.91,5.0,3.0,2.5,0.0,0,0,0,65.0,41.5,144.48,144.48,229.0,97.61,22352.42,2022-01-14 19:02:00,0.0,759,0.0,3400,Male,28,0,0.0638515,0,1,2022-01-01,1,0.0,0.0,0.0273800404,0.0638515,13.71791471,0.3755970588,5.882352941,1,1,1,0.0,0,715,229.0,144.48,6.574241176,0.8612647059,0.0638515,3,0.0638515,217.0951,9.903537551,7.153075109,10.75025477,4.98003862,10.01473461,8.131824785,2025-11-03 05:39:35.641484,144.48,0,1,0,0,0.0638515,0.0638515,18.3918774,1.27864968,0,0.206804779,1,3400,0.0639,13.71791471,5.0,2.5,2,1,0.0638515
511,1995-05-02,AZ,770,668,4,2.0,12000,6426.48,0.5355,68440.42,10.0,3.0,0.0,2.0,0,0,0,112.0,68.5,22.17,22.17,241.0,97.86,23583.12,2023-07-03 08:05:00,0.0,1038,0.0,3400,Female,30,0,0.53554,0,0,2023-07-01,1,0.5,2500.0,0.09389889776,0.53554,20.12953529,1.890141176,3.529411765,1,1,0,0.0,0,181,241.0,22.17,6.936211765,0.8634705882,0.0,0,0.53554,1820.836,9.392745259,8.768337828,11.13373348,3.142858338,10.06832888,8.131824785,2025-11-03 05:38:35.641484,22.17,0,1,0,0,0.53554,0.53554,0.0,1.058112707,0,0.2666236976,1,3400,0.5355,20.12953529,10.0,0.0,4,0,0.53554
512,1983-06-28,NY,777,520,3,0.0,20000,4094.83,0.2047,271947.49,12.0,3.0,1.0,1.0,0,0,0,142.0,92.3,84.16,84.16,237.0,121.78,28862.0,2022-11-25 12:52:00,0.0,596,0.0,4000,Male,42,0,0.2047415,0,0,2022-11-01,1,0.0,0.0,0.01505742892,0.2047415,67.9868725,1.0237075,5.0,1,1,0,0.0,0,400,237.0,84.16,7.2155,0.91335,0.0,0,0.2047415,818.966,9.903537551,8.317724662,12.51336795,4.44453184,10.27031578,8.294299609,2025-11-03 05:39:35.641484,84.16,0,1,0,0,0.2047415,0.2047415,0.0,1.221712542,0,0.2557183272,1,4000,0.2047,67.9868725,12.0,1.0,3,0,0.2047415
513,1986-05-04,VA,749,718,3,0.0,22000,7008.78,0.3186,7481.23,9.0,3.0,1.0,2.0,0,0,0,171.0,72.7,239.91,239.91,211.0,175.4,37009.11,2022-05-02 07:20:00,6.0,973,0.006166495,3400,Male,39,0,0.318580909,1,0,2022-05-01,1,0.0,0.0,0.4889038178,0.318580909,2.200361765,2.061405882,6.470588235,1,1,0,0.0,0,608,211.0,239.91,10.88503235,1.547647059,0.0,0,0.318580909,1083.175091,9.998843186,8.855061596,8.920286155,5.48442342,10.5189464,8.131824785,2025-11-03 05:39:35.641484,239.91,0,1,0,0,0.3185809091,0.3185809091,0.0,1.275966061,0,0.1218496222,1,3400,0.3186,2.200361765,9.0,1.0,3,0,0.318580909
514,1992-07-24,MA,747,605,2,0.0,1000,362.31,0.0,282166.48,6.0,3.0,2.0,1.0,0,0,0,126.0,101.0,27.28,27.28,215.0,162.24,34882.12,2022-12-02 03:24:00,13.0,977,0.013306039,4100,Female,33,0,0.36231,1,1,2022-12-01,1,0.0,0.0,0.001284029201,0.36231,68.82109268,0.08836829268,0.243902439,1,1,0,0.0,0,394,215.0,27.28,8.507834146,1.187121951,0.36231,2,0.36231,1485.471,6.908754779,5.895256464,12.55025607,3.342154841,10.45975832,8.318986125,2025-11-03 05:39:35.641484,27.28,0,1,0,0,0.36231,0.36231,18.3918774,1.116476779,0,0.2132079436,1,4100,0.0,68.82109268,6.0,2.0,2,1,0.36231
515,1989-06-06,CO,519,793,2,0.0,0,0.0,0.0,11452.01,3.0,2.0,1.0,0.0,0,0,0,136.0,118.5,592.94,592.94,224.0,182.17,40805.56,2022-03-15 03:44:00,0.0,1886,0.0,3500,Male,36,0,0.49068525,0,1,2022-03-01,0,0.0,0.0,0.0,0.49068525,3.272002857,0.0,0.0,1,1,0,0.0,0,656,224.0,592.94,11.65873143,1.561457143,0.0,1,0.477859,1590.507672,2.416580621,1.973596521,9.346007857,6.386778304,10.61659813,8.160803921,2025-11-03 05:36:35.641484,592.94,0,1,0,0,0.0,0.0,21.3918774,1.365394447,0,0.2493197807,0,3500,0.0,3.272002857,3.0,1.0,2,1,0.49068525
516,1996-06-26,TN,655,720,4,0.0,20000,16736.12,0.8368,349566.91,17.0,3.0,1.0,1.0,0,0,0,178.0,139.0,138.27,138.27,250.0,168.29,42072.34,2022-01-28 11:31:00,0.0,846,0.0,2700,Female,29,0,0.836806,0,0,2022-01-01,0,0.0,0.0,0.04787672838,0.836806,129.4692259,6.198562963,7.407407407,1,1,0,0.0,0,701,250.0,138.27,15.58234815,1.869888889,0.0,0,0.836806,2259.3762,9.903537551,9.725384286,12.76445313,4.936414495,10.64716956,7.901377354,2025-11-03 05:36:35.641484,138.27,0,1,0,0,0.836806,0.836806,0.0,1.246291069,0,0.1570948907,1,2700,0.8368,129.4692259,17.0,1.0,4,0,0.836806
517,1982-02-24,MI,742,773,3,0.0,1000,183.1,0.0,210438.53,12.0,3.0,0.0,1.0,0,0,0,160.0,99.3,294.39,294.39,208.0,172.46,35872.6,2022-01-28 12:30:00,10.0,1702,0.005875441,3400,Male,43,0,0.1831,1,0,2022-01-01,1,0.0,0.0,0.0008700878114,0.1831,61.89368529,0.05385294118,0.2941176471,1,1,0,0.0,0,701,208.0,294.39,10.55076471,1.521705882,0.0,0,0.1831,622.54,6.908754779,5.215479088,12.25695362,5.688296517,10.48775693,8.131824785,2025-11-03 05:39:35.641484,294.39,0,1,0,0,0.1831,0.1831,0.0,1.289007742,0,0.09326110119,0,3400,0.0,61.89368529,12.0,0.0,3,0,0.1831
518,1970-07-20,WA,695,630,4,1.0,1000,114.6,0.1146,133049.65,5.0,2.0,0.0,0.0,0,0,0,153.0,85.5,95.91,95.91,210.0,103.26,21684.28,2022-08-14 19:17:00,0.0,807,0.0,3600,Male,55,0,0.1146,0,0,2022-08-01,1,0.25,1000.0,0.0008613325928,0.1146,36.95823611,0.03183333333,0.2777777778,1,1,0,0.0,0,503,210.0,95.91,6.023411111,0.8605,0.0,0,0.1146,412.56,6.908754779,4.750135956,11.79848516,4.573782713,9.984388968,8.188966864,2025-11-03 05:39:35.641484,95.91,0,1,0,0,0.1146,0.1146,0.0,1.303598873,0,0.2393054069,0,3600,0.1146,36.95823611,5.0,0.0,4,0,0.1146
519,1999-05-11,FL,565,785,2,0.0,0,0.0,0.0,396949.79,9.0,3.0,0.0,2.0,0,0,0,155.0,131.0,853.12,853.12,232.0,190.02,44085.01,2022-10-29 05:31:00,0.0,1422,0.0,2300,Male,26,0,0.49068525,0,1,2022-10-01,0,0.0,0.0,0.0,0.49068525,172.5868652,0.0,0.0,1,1,0,0.0,0,428,232.0,853.12,18.8428536,2.478521739,0.0,0,0.477859,1590.507672,2.416580621,1.973596521,12.8915676,6.750071699,10.69389778,7.74109909,2025-11-03 05:36:35.641484,853.12,0,1,0,0,0.0,0.0,21.3918774,1.374285968,0,0.2166906898,1,2300,0.0,172.5868652,9.0,0.0,2,1,0.49068525
52,1993-09-15,FL,518,568,3,0.0,12000,1355.01,0.1129,72922.0,7.0,2.0,1.0,2.0,0,0,0,169.0,87.0,39.24,39.24,234.0,146.27,34227.37,2022-02-02 02:22:00,8.0,1308,0.006116208,3400,Female,32,0,0.1129175,1,0,2022-02-01,0,0.0,0.0,0.01858163517,0.1129175,21.44764706,0.3985323529,3.529411765,1,1,0,0.0,0,697,234.0,39.24,10.06687353,1.290617647,0.0,0,0.1129175,383.9195,9.392745259,7.212301843,11.19715937,3.694861526,10.44081011,8.131824785,2025-11-03 05:37:35.641484,39.24,0,1,0,0,0.1129175,0.1129175,0.0,1.167801879,0,0.1888624341,1,3400,0.1129,21.44764706,7.0,1.0,3,0,0.1129175
520,1970-06-22,GA,768,511,2,0.0,1000,239.64,0.0,44564.67,7.0,3.0,0.0,2.0,0,0,0,177.0,103.5,408.0,408.0,204.0,109.98,22435.43,2022-11-29 10:01:00,5.0,723,0.006915629,4600,Female,55,0,0.23964,1,1,2022-11-01,1,0.0,0.0,0.005377353855,0.23964,9.687971739,0.05209565217,0.2173913043,1,1,0,0.0,0,397,204.0,408.0,4.877267391,0.7172608696,0.23964,0,0.23964,1102.344,6.908754779,5.483302041,10.70471911,6.013715156,10.01844126,8.43402895,2025-11-03 05:37:35.641484,408.0,0,1,0,0,0.23964,0.23964,20.3918774,1.356472909,0,0.1727393397,1,4600,0.0,9.687971739,7.0,0.0,2,1,0.23964
521,1984-08-20,MI,776,773,4,0.0,1000,292.68,0.0,31833.53,14.0,3.0,0.0,0.0,0,0,0,156.0,88.8,60.4,60.4,216.0,159.36,34421.01,2022-12-28 22:18:00,0.0,1332,0.0,3800,Female,41,0,0.29268,0,0,2022-12-01,1,0.0,0.0,0.009194079325,0.29268,8.377244737,0.07702105263,0.2631578947,1,1,0,0.0,0,367,216.0,60.4,9.058160526,1.258105263,0.0,0,0.29268,1112.184,6.908754779,5.682490739,10.36830683,4.117409835,10.44645146,8.243019469,2025-11-03 05:37:35.641484,60.4,0,1,0,0,0.29268,0.29268,0.0,1.177039377,0,0.2626386889,1,3800,0.0,8.377244737,14.0,0.0,4,0,0.29268
522,1975-12-15,VA,629,626,2,0.0,0,0.0,0.0,440306.85,7.0,3.0,2.5,0.0,0,0,0,138.0,84.0,137.76,137.76,226.0,150.12,33928.02,2023-01-31 18:04:00,0.0,759,0.0,2700,Male,49,0,0.49068525,0,1,2023-01-01,0,0.0,0.0,0.0,0.49068525,163.0766111,0.0,0.0,1,1,1,0.0,0,333,226.0,137.76,12.56593333,1.668,0.0,3,0.477859,1590.507672,2.416580621,1.973596521,12.99522942,4.932745822,10.43202597,7.901377354,2025-11-03 05:38:35.641484,137.76,0,1,0,0,0.0,0.0,19.3918774,1.275497156,0,0.1580278129,1,2700,0.0,163.0766111,7.0,2.5,2,1,0.49068525
523,1993-01-24,VA,522,738,4,0.0,20000,8018.22,0.4009,28955.44,12.0,2.0,0.0,0.0,0,0,0,148.0,98.0,70.38,70.38,198.0,147.58,29220.65,2022-12-19 01:09:00,0.0,1178,0.0,3100,Female,32,0,0.400911,0,0,2022-12-01,0,0.0,0.0,0.2769158403,0.400911,9.340464516,2.586522581,6.451612903,1,1,0,0.0,0,377,198.0,70.38,9.426016129,1.428193548,0.0,0,0.400911,1242.8241,9.903537551,8.989596439,10.27354791,4.268017718,10.28266515,8.039479919,2025-11-03 05:39:35.641484,70.38,0,1,0,0,0.400911,0.400911,0.0,1.107888548,0,0.2102885225,1,3100,0.4009,9.340464516,12.0,0.0,4,0,0.400911
524,1992-05-21,NY,622,547,3,1.0,2000,1026.04,0.513,429847.26,6.0,3.0,0.0,0.0,0,0,0,146.0,120.7,861.92,861.92,236.0,101.63,23984.52,2023-02-25 01:10:00,0.0,867,0.0,3100,Female,33,0,0.51302,0,0,2023-02-01,0,0.3333333333,2000.0,0.002386987415,0.51302,138.6604065,0.3309806452,0.6451612903,1,1,0,0.0,0,309,236.0,861.92,7.736941935,0.983516129,0.0,0,0.51302,1590.362,7.601402335,6.934436158,12.97118754,6.760321987,10.08520559,8.039479919,2025-11-03 05:38:35.641484,861.92,0,1,0,0,0.51302,0.51302,0.0,1.292317386,0,0.2036911227,1,3100,0.513,138.6604065,6.0,0.0,3,0,0.51302
525,1969-11-21,PA,620,487,3,0.0,10000,5928.16,0.5928,15216.83,8.0,3.0,0.0,2.0,0,0,0,158.0,120.0,128.39,128.39,232.0,167.89,38951.25,2022-02-18 23:14:00,11.0,396,0.01942862,3700,Male,55,0,0.592816,1,0,2022-02-01,0,0.0,0.0,0.3895791699,0.592816,4.112656757,1.602205405,2.702702703,1,1,0,0.0,0,680,232.0,128.39,10.52736486,1.36127027,0.0,0,0.592816,2193.4192,9.210440367,8.687637829,9.630223046,4.862831099,10.57009182,8.216358332,2025-11-03 05:38:35.641484,128.39,0,1,0,0,0.592816,0.592816,0.0,1.250388915,0,0.2598522229,1,3700,0.5928,4.112656757,8.0,0.0,3,0,0.592816
526,1988-09-26,WA,789,782,2,1.0,1000,170.0,0.0,79122.37,6.0,3.0,0.0,0.0,0,0,0,156.0,131.5,208.45,208.45,241.0,145.54,35074.58,2023-07-09 22:18:00,0.0,1504,0.0,3100,Female,37,0,0.17,0,1,2023-07-01,1,0.5,1000.0,0.002148570625,0.17,25.52334516,0.05483870968,0.3225806452,1,1,0,0.0,0,174,241.0,208.45,11.31438065,1.408451613,0.17,0,0.17,527.0,6.908754779,5.141663557,11.27876356,5.344485047,10.46526044,8.039479919,2025-11-03 05:37:35.641484,208.45,0,1,0,0,0.17,0.17,20.3918774,1.306888472,0,0.2495828539,0,3100,0.0,25.52334516,6.0,0.0,2,1,0.17
527,1966-03-28,WI,708,569,3,1.0,1000,455.51,0.0,280803.04,11.0,3.0,1.0,2.0,0,0,0,151.0,133.0,264.84,264.84,231.0,143.61,33174.2,2023-06-09 02:20:00,15.0,1582,0.009481669,3600,Female,59,0,0.45551,1,0,2023-06-01,1,0.3333333333,1000.0,0.001622169048,0.45551,78.00084444,0.1265305556,0.2777777778,1,1,0,1.0,0,205,231.0,264.84,9.215055556,1.19675,0.0,0,0.45551,1639.836,6.908754779,6.123610606,12.54541234,5.582894624,10.40955789,8.188966864,2025-11-03 05:38:35.641484,264.84,0,1,0,0,0.45551,0.45551,0.0,1.34419153,0,0.1660061408,1,3600,0.0,78.00084444,11.0,1.0,3,0,0.45551
528,1993-01-05,TX,600,572,3,0.0,1000,405.09,0.0,111788.54,5.0,2.0,1.0,0.0,1,2476,0,128.0,91.0,116.63,116.63,210.0,160.61,33727.17,2022-03-09 13:50:00,0.0,1217,0.0,3600,Male,32,0,0.40509,0,0,2022-03-01,0,0.0,0.0,0.003623716707,0.40509,31.05237222,0.112525,0.2777777778,1,1,0,0.0,0,661,210.0,116.63,9.368658333,1.338416667,0.0,0,0.40509,1458.324,6.908754779,6.00657481,11.62437328,4.767544105,10.42608867,8.188966864,2025-11-03 05:38:35.641484,116.63,0,1,0,0,0.40509,0.40509,0.0,1.219551578,0,0.2137547343,1,3600,0.0,31.05237222,5.0,1.0,3,0,0.40509
529,1980-11-12,VA,655,554,2,0.0,1000,537.29,0.0,289654.15,5.0,3.0,0.0,0.0,0,0,0,33.5,9.5,195.52,195.52,251.0,96.38,24191.05,2023-11-07 15:15:00,0.0,410,0.0,3500,Female,44,0,0.53729,0,1,2023-11-01,0,0.0,0.0,0.001854936309,0.53729,82.75832857,0.1535114286,0.2857142857,1,1,0,0.0,0,53,251.0,195.52,6.911728571,0.8261142857,0.53729,0,0.0,1880.515,6.908754779,6.288397448,12.57644636,5.280764207,10.09377935,8.160803921,2025-11-03 05:38:35.641484,195.52,0,1,0,0,0.53729,0.53729,19.3918774,1.216024859,0,0.1590703787,1,3500,0.0,82.75832857,5.0,0.0,2,1,0.53729
53,1980-04-03,NC,673,699,4,1.0,5000,4339.93,0.868,166763.85,16.0,3.0,0.0,0.0,0,0,0,104.0,58.5,16.68,16.68,234.0,120.68,28239.98,2023-08-23 11:19:00,0.0,1489,0.0,3800,Female,45,0,0.867986,0,0,2023-08-01,1,0.25,2500.0,0.02602440517,0.867986,43.88522368,1.142086842,1.315789474,1,1,0,0.0,0,130,234.0,16.68,7.431573684,0.9527368421,0.0,0,0.867986,3298.3468,8.517393171,8.37584389,12.02434002,2.872434057,10.24852939,8.243019469,2025-11-03 05:37:35.641484,16.68,0,1,0,0,0.867986,0.867986,0.0,1.115650831,0,0.159082272,1,3800,0.868,43.88522368,16.0,0.0,4,0,0.867986
530,1989-10-02,WI,733,676,3,0.0,48500,20848.4875,0.7199,43193.2,14.0,3.0,0.0,1.0,0,0,0,146.0,108.3,70.25,70.25,214.0,160.0,34239.55,2023-05-28 00:03:00,11.0,1903,0.005780347,3500,Female,36,0,0.719886667,1,0,2023-05-01,1,0.0,0.0,0.4889038178,0.719886667,12.34091429,6.45558796,15.64516129,1,1,0,0.0,0,217,214.0,70.25,9.782728571,1.371428571,0.0,0,0.719886667,2519.603335,11.00211651,10.67346151,10.67346151,4.266194819,10.44116589,8.160803921,2025-11-03 05:39:35.641484,70.25,0,1,0,0,0.7198866667,0.7198866667,0.0,1.18390945,0,0.2347916164,0,3500,0.7199,12.34091429,14.0,0.0,3,0,0.719886667
531,1974-11-15,VA,705,587,2,0.0,35000,20848.4875,0.6188,21658.32,5.0,3.0,1.0,0.0,0,0,0,143.0,130.5,960.39,960.39,222.0,106.73,23694.21,2022-08-04 06:39:00,7.0,1081,0.006475486,3300,Male,50,0,0.618809143,1,1,2022-08-01,1,0.0,0.0,0.4889038178,0.618809143,6.563127273,6.45558796,10.60606061,1,1,0,0.0,0,514,222.0,960.39,7.180063636,0.9702727273,0.5846375,1,0.618809143,2042.070172,10.46313191,9.983191126,9.983191126,6.868380154,10.0730282,8.101980732,2025-11-03 05:36:35.641484,960.39,0,1,0,0,0.6188091429,0.6188091429,21.3918774,1.270630691,0,0.1819502434,1,3300,0.6188,6.563127273,5.0,1.0,2,1,0.618809143
532,1988-08-25,TX,507,539,4,2.0,20000,4443.16,0.2222,13235.99,11.0,3.0,1.0,1.0,0,0,0,169.0,107.2,1120.67,1120.67,222.0,217.96,48388.15,2022-10-17 04:38:00,11.0,1857,0.005923533,2500,Male,37,0,0.222158,1,0,2022-10-01,0,0.5,2500.0,0.3356877725,0.222158,5.294396,1.777264,8.0,1,1,0,0.5,0,440,222.0,1120.67,18.8428536,2.50213838,0.0,0,0.222158,555.395,9.903537551,8.399346154,9.490770462,7.359894027,10.78703089,7.824445931,2025-11-03 05:36:35.641484,1120.67,0,1,0,0,0.222158,0.222158,0.0,1.337165595,0,0.1902753198,1,2500,0.2222,5.294396,11.0,1.0,4,0,0.222158
533,2001-03-17,VA,565,684,4,0.0,5000,1101.7,0.2203,42612.01,18.0,3.0,0.0,0.0,0,0,0,169.0,98.8,285.06,285.06,246.0,135.73,33388.65,2022-02-28 19:28:00,0.0,944,0.0,2600,Male,24,0,0.22034,0,0,2022-02-01,0,0.0,0.0,0.0258542134,0.22034,16.38923462,0.4237307692,1.923076923,1,1,0,0.0,0,670,246.0,285.06,12.84178846,1.566115385,0.0,0,0.22034,572.884,8.517393171,7.005516997,10.65991488,5.656201579,10.41600125,7.863651265,2025-11-03 05:36:35.641484,285.06,0,1,0,0,0.22034,0.22034,0.0,1.329924149,0,0.1878983523,0,2600,0.2203,16.38923462,18.0,0.0,4,0,0.22034
534,1990-06-21,NJ,634,752,4,1.0,1000,627.73,0.0,313817.34,8.0,2.0,1.0,2.0,0,0,0,186.0,84.2,678.39,678.39,213.0,128.48,27367.15,2023-07-20 03:59:00,0.0,1420,0.0,3400,Male,35,0,0.62773,0,0,2023-07-01,0,0.25,1000.0,0.002000303744,0.62773,92.29921765,0.1846264706,0.2941176471,1,1,0,1.0,0,164,213.0,678.39,8.049161765,1.133647059,0.0,0,0.62773,2134.282,6.908754779,6.443701912,12.65656956,6.521195337,10.21713521,8.131824785,2025-11-03 05:39:35.641484,678.39,0,1,0,0,0.62773,0.62773,0.0,1.350397636,0,0.1842656859,0,3400,0.0,92.29921765,8.0,1.0,4,0,0.62773
535,1980-02-01,WA,674,722,4,0.0,1000,467.93,0.0,312245.07,17.0,2.0,0.0,1.0,0,0,0,86.0,51.8,142.88,142.88,239.0,174.96,41814.75,2022-09-06 06:49:00,8.0,806,0.009925558,3100,Female,45,0,0.46793,1,0,2022-09-01,1,0.0,0.0,0.001498598521,0.46793,100.7242161,0.1509451613,0.3225806452,1,1,0,0.0,0,481,239.0,142.88,13.48862903,1.69316129,0.0,0,0.46793,1450.583,6.908754779,6.150453504,12.65154684,4.968979619,10.64102834,8.039479919,2025-11-03 05:38:35.641484,142.88,0,1,0,0,0.46793,0.46793,0.0,1.253577223,0,0.1915032988,1,3100,0.0,100.7242161,17.0,0.0,4,0,0.46793
536,1996-09-13,IN,554,486,4,1.0,48500,20848.4875,0.6702,293399.87,10.0,2.0,1.0,0.0,0,0,0,149.0,105.2,108.19,108.19,212.0,130.17,27595.74,2022-07-31 04:51:00,0.0,1404,0.0,3000,Female,29,0,0.670154714,0,0,2022-07-01,0,0.25,2500.0,0.159887017,0.670154714,97.79995667,6.45558796,15.64516129,1,1,0,1.0,0,518,212.0,108.19,9.19858,1.3017,0.0,0,0.670154714,2010.464142,11.15626481,10.75602516,12.58929511,4.693089484,10.22545293,8.006700845,2025-11-03 05:37:35.641484,108.19,0,1,0,0,0.6701547143,0.6701547143,0.0,1.272250022,0,0.1393762901,1,3000,0.6702,97.79995667,10.0,1.0,4,0,0.670154714
537,1972-05-25,NJ,709,641,4,0.0,32000,20848.4875,0.7991,161132.05,12.0,3.0,0.0,0.0,0,0,0,113.0,51.8,44.38,44.38,224.0,128.34,28748.66,2022-04-30 02:06:00,13.0,1446,0.008990318,2700,Female,53,0,0.79914625,1,0,2022-04-01,1,0.0,0.0,0.158706353,0.79914625,59.67853704,6.45558796,11.85185185,1,1,0,0.0,0,610,224.0,44.38,10.64765185,1.426,0.0,0,0.79914625,2157.694875,10.37352243,10.14931898,11.9899857,3.815071479,10.26638122,7.901377354,2025-11-03 05:38:35.641484,44.38,0,1,0,0,0.79914625,0.79914625,0.0,1.19047344,0,0.1449154743,1,2700,0.7991,59.67853704,12.0,0.0,4,0,0.79914625
538,1993-04-20,GA,529,701,2,0.0,2000,751.9,0.376,16083.07,4.0,3.0,0.0,2.0,0,0,0,145.0,81.5,1120.67,1120.67,244.0,140.64,34315.79,2023-09-27 21:13:00,14.0,1324,0.010574018,3000,Male,32,0,0.37595,1,1,2023-09-01,0,0.0,0.0,0.04675102452,0.37595,5.361023333,0.2506333333,0.6666666667,1,1,0,0.0,0,94,244.0,1120.67,11.43859667,1.4064,0.37595,0,0.37595,1127.85,7.601402335,6.623932417,9.68558462,7.884685691,10.44339002,8.006700845,2025-11-03 05:38:35.641484,1120.67,0,1,0,0,0.37595,0.37595,19.3918774,1.343771541,0,0.1575264749,1,3000,0.376,5.361023333,4.0,0.0,2,1,0.37595
539,1996-04-04,IL,651,616,3,0.0,0,0.0,0.0,539984.69,11.0,3.0,0.0,2.5,0,0,0,186.0,122.7,135.51,135.51,219.0,167.07,36589.09,2023-06-07 04:21:00,7.0,990,0.007070707,3400,Female,29,0,0.49068525,1,0,2023-06-01,0,0.0,0.0,0.0,0.49068525,158.8190265,0.0,0.0,1,1,0,0.0,0,207,219.0,135.51,10.76149706,1.474147059,0.0,0,0.477859,1590.507672,2.416580621,1.973596521,13.19929792,4.916397872,10.50753272,8.131824785,2025-11-03 05:38:35.641484,135.51,0,1,0,0,0.0,0.0,0.0,1.248051448,0,0.1733704409,0,3400,0.0,158.8190265,11.0,0.0,3,0,0.49068525
54,1966-10-18,OH,764,546,2,1.0,15000,3154.29,0.2103,3154.29,7.0,2.0,1.0,2.0,1,1662,0,133.0,125.0,112.63,112.63,231.0,147.06,33970.54,2023-03-05 04:37:00,0.0,382,0.0,4400,Male,59,0,0.210286,0,1,2023-03-01,1,0.5,2500.0,0.4889038178,0.210286,0.7168840909,0.7168840909,3.409090909,1,1,0,1.0,0,301,231.0,112.63,7.720577273,1.002681818,0.210286,1,0.210286,925.2584,9.615872145,8.056835688,8.056835688,4.732947556,10.43327839,8.389587067,2025-11-03 05:36:35.641484,112.63,0,1,0,0,0.210286,0.210286,21.3918774,1.255246657,0,0.1420457565,1,4400,0.2103,0.7168840909,7.0,1.0,2,1,0.210286
540,1969-08-06,MA,610,716,3,0.0,1000,572.24,0.0,217832.16,3.0,3.0,1.0,2.0,0,0,0,168.0,76.7,397.13,397.13,213.0,174.14,37091.08,2023-01-05 22:01:00,0.0,2232,0.0,2500,Male,56,0,0.57224,0,0,2023-01-01,0,0.0,0.0,0.002626976659,0.57224,87.132864,0.228896,0.4,1,1,0,0.0,0,359,213.0,397.13,14.836432,2.08968,0.0,0,0.57224,1430.6,6.908754779,6.351304477,12.29148473,5.986778585,10.52115875,7.824445931,2025-11-03 05:39:35.641484,397.13,0,1,0,0,0.57224,0.57224,0.0,1.329592168,0,0.1194835243,1,2500,0.0,87.132864,3.0,1.0,3,0,0.57224
541,1970-11-28,NC,781,746,2,2.0,10000,4326.44,0.4326,20046.56,4.0,2.0,0.0,2.0,0,0,0,67.0,44.0,100.61,100.61,231.0,83.46,19279.95,2022-11-30 20:53:00,0.0,1308,0.0,4900,Female,54,0,0.432644,0,1,2022-11-01,1,0.8333333333,2500.0,0.215819572,0.432644,4.091134694,0.8829469388,2.040816327,1,1,0,0.0,0,395,231.0,100.61,3.934683673,0.5109795918,0.432644,0,0.432644,2119.9556,9.210440367,8.372731422,9.90586273,4.621141955,9.866872841,8.497194545,2025-11-03 05:39:35.641484,100.61,0,1,0,0,0.432644,0.432644,18.3918774,1.174497636,0,0.1773061651,1,4900,0.4326,4.091134694,4.0,0.0,2,1,0.432644
542,1987-12-03,IN,572,760,3,0.0,1000,959.59,0.0,580391.195,8.0,3.0,1.0,1.0,0,0,0,61.0,39.3,25.31,25.31,215.0,183.08,39361.45,2023-12-06 14:20:00,0.0,837,0.0,3000,Male,37,0,0.95959,0,0,2023-12-01,0,0.0,0.0,0.001362613489,0.95959,183.5765946,0.3198633333,0.3333333333,1,1,0,0.0,0,24,215.0,25.31,13.12048333,1.8308,0.0,0,0.95959,2878.77,6.908754779,6.867547679,13.46485827,3.269949095,10.5805676,8.006700845,2025-11-03 05:36:35.641484,25.31,0,1,0,0,0.95959,0.95959,0.0,1.088545538,0,0.2384866269,1,3000,0.0,183.5765946,8.0,1.0,3,0,0.95959
543,1999-05-10,WA,484,486,2,0.0,0,0.0,0.0,31176.17,6.0,3.0,0.0,2.0,0,0,0,105.0,75.5,63.49,63.49,247.0,172.45,42594.84,2022-04-10 22:57:00,0.0,615,0.0,3500,Male,26,0,0.49068525,0,1,2022-04-01,0,0.0,0.0,0.0,0.49068525,8.907477143,0.0,0.0,1,1,0,0.0,0,629,247.0,63.49,12.16995429,1.478142857,0.0,0,0.477859,1590.507672,2.416580621,1.973596521,10.34744138,4.166510173,10.65951187,8.160803921,2025-11-03 05:39:35.641484,63.49,0,1,0,0,0.0,0.0,18.3918774,1.183344177,0,0.2333518782,1,3500,0.0,8.907477143,6.0,0.0,2,1,0.49068525
544,1976-06-17,OH,530,708,2,0.0,1000,827.45,0.0,49196.54,9.0,3.0,1.0,1.0,0,0,0,74.0,52.5,27.67,27.67,234.0,179.77,42066.23,2023-09-24 06:04:00,0.0,1003,0.0,2400,Male,49,0,0.82745,0,1,2023-09-01,0,0.0,0.0,0.01681927225,0.82745,20.49855833,0.3447708333,0.4166666667,1,1,0,0.0,0,98,234.0,27.67,17.52759583,2.247125,0.5846375,1,0.82745,1985.88,6.908754779,6.719556485,10.8035989,3.35585128,10.64702433,7.783640596,2025-11-03 05:38:35.641484,27.67,0,1,0,0,0.82745,0.82745,19.3918774,1.133337052,0,0.2150576163,1,2400,0.0,20.49855833,9.0,1.0,2,1,0.82745
545,1972-04-26,IL,592,608,3,1.0,1000,542.08,0.0,192014.02,12.0,3.0,0.0,1.0,0,0,0,150.0,97.0,15.15,15.15,212.0,175.76,37260.32,2022-04-01 12:20:00,15.0,1573,0.009535919,3400,Female,53,0,0.54208,1,0,2022-04-01,0,0.3333333333,1000.0,0.002823127186,0.54208,56.47471176,0.1594352941,0.2941176471,1,1,0,0.0,0,638,212.0,15.15,10.95891765,1.550823529,0.0,0,0.54208,1843.072,6.908754779,6.297256639,12.16532888,2.78192005,10.52571107,8.131824785,2025-11-03 05:36:35.641484,15.15,0,1,0,0,0.54208,0.54208,0.0,1.062090341,0,0.2966784074,1,3400,0.0,56.47471176,12.0,0.0,3,0,0.54208
546,1980-08-01,VA,497,797,3,0.0,20000,18364.77,0.9182,169463.16,7.0,3.0,0.0,2.5,0,0,0,64.0,31.0,344.24,344.24,250.0,163.75,40938.11,2022-10-26 17:44:00,0.0,819,0.0,2900,Male,45,0,0.9182385,0,0,2022-10-01,0,0.0,0.0,0.1083702794,0.9182385,58.43557241,6.33267931,6.896551724,1,1,0,0.0,0,430,250.0,344.24,14.11658966,1.693965517,0.0,0,0.0,2662.89165,9.903537551,9.818243885,12.04039674,5.844239827,10.61984112,7.972810784,2025-11-03 05:37:35.641484,344.24,0,1,0,0,0.9182385,0.9182385,0.0,1.339195703,0,0.131835749,1,2900,0.9182,58.43557241,7.0,0.0,3,0,0.9182385
547,2000-10-12,MA,509,786,4,1.0,26000,20848.4875,0.8662,140265.0,13.0,3.0,1.0,1.0,0,0,0,168.0,100.0,813.81,813.81,246.0,193.74,47660.96,2022-05-21 20:17:00,11.0,887,0.012401353,3700,Female,25,0,0.866248077,1,0,2022-05-01,0,0.25,2500.0,0.1605707055,0.866248077,37.90945946,6.087148649,7.027027027,1,1,0,1.0,0,588,246.0,813.81,12.88134054,1.570864865,0.0,0,0.866248077,3205.117885,10.16589028,10.02231227,11.8512959,6.702954957,10.77188887,8.216358332,2025-11-03 05:39:35.641484,813.81,0,1,0,0,0.8662480769,0.8662480769,0.0,1.38283869,0,0.2432049945,0,3700,0.8662,37.90945946,13.0,1.0,4,0,0.866248077
548,2000-03-20,TX,541,789,2,0.0,48500,20848.4875,0.746,44757.99,5.0,3.0,1.0,0.0,0,0,0,77.0,70.5,322.37,322.37,239.0,116.88,27933.8,2022-09-05 12:31:00,13.0,1576,0.008248731,2600,Male,25,0,0.7459665,1,1,2022-09-01,0,0.0,0.0,0.4889038178,0.7459665,17.21461154,6.45558796,15.64516129,1,1,0,0.0,0,481,239.0,322.37,10.74376923,1.348615385,0.5846375,1,0.7459665,1939.5129,11.00211651,10.7090476,10.7090476,5.778797178,10.2376285,7.863651265,2025-11-03 05:39:35.641484,322.37,0,1,0,0,0.7459665,0.7459665,18.3918774,1.345763439,0,0.1616262321,1,2600,0.746,17.21461154,5.0,1.0,2,1,0.7459665
549,1969-05-13,CO,672,536,4,2.0,0,0.0,0.0,580391.195,10.0,3.0,0.0,0.0,0,0,0,183.0,119.2,135.55,135.55,223.0,142.91,31868.36,2023-12-04 16:34:00,11.0,1248,0.008814103,4000,Female,56,0,0.49068525,1,0,2023-12-01,1,0.5,0.0,0.0,0.49068525,183.5765946,0.0,0.0,1,1,0,0.0,0,26,223.0,135.55,7.96709,1.071825,0.0,0,0.477859,1590.507672,2.416580621,1.973596521,13.78606066,4.916690848,10.36940033,8.294299609,2025-11-03 05:39:35.641484,135.55,0,1,0,0,0.0,0.0,0.0,1.282253918,0,0.1528301421,1,4000,0.0,183.5765946,10.0,0.0,4,0,0.49068525
55,2002-04-01,TX,779,482,3,0.0,0,0.0,0.0,31993.7,7.0,3.0,1.0,1.0,0,0,0,93.0,49.7,185.8,185.8,213.0,153.18,32627.93,2022-07-30 08:33:00,6.0,1258,0.004769475,3000,Male,23,0,0.49068525,1,0,2022-07-01,1,0.0,0.0,0.0,0.49068525,10.66456667,0.0,0.0,1,1,0,0.0,0,519,213.0,185.8,10.87597667,1.5318,0.0,0,0.477859,1590.507672,2.416580621,1.973596521,10.37332554,5.230038526,10.3929546,8.006700845,2025-11-03 05:36:35.641484,185.8,0,1,0,0,0.0,0.0,0.0,1.291523353,0,0.1349663577,1,3000,0.0,10.66456667,7.0,1.0,3,0,0.49068525
550,1998-07-25,MI,609,719,4,1.0,5000,3464.21,0.6928,129146.9,11.0,3.0,1.0,0.0,0,0,0,154.0,92.8,25.82,25.82,214.0,115.06,24622.99,2022-03-17 10:20:00,10.0,1335,0.007490637,3800,Male,27,0,0.692842,1,0,2022-03-01,0,0.25,2500.0,0.02682379523,0.692842,33.98602632,0.9116342105,1.315789474,1,1,0,1.0,0,654,214.0,25.82,6.479734211,0.9083684211,0.0,0,0.692842,2632.7996,8.517393171,8.150528516,11.76871354,3.289147878,10.11147645,8.243019469,2025-11-03 05:36:35.641484,25.82,0,1,0,0,0.692842,0.692842,0.0,1.164263635,0,0.1219389001,1,3800,0.6928,33.98602632,11.0,1.0,4,0,0.692842
551,2001-02-05,NC,712,698,3,2.5,35000,17453.08,0.4987,18099.47,8.0,3.0,1.0,2.0,0,0,0,187.0,94.7,197.61,197.61,238.0,131.5,31298.06,2023-05-20 22:52:00,0.0,944,0.0,2700,Female,24,0,0.498659429,0,0,2023-05-01,1,0.8333333333,2500.0,0.4889038178,0.498659429,6.703507407,6.45558796,12.96296296,1,1,0,0.3333333333,0,224,238.0,197.61,11.59187407,1.461111111,0.0,0,0.498659429,1346.380458,10.46313191,9.767328711,9.803693184,5.291343103,10.35134334,7.901377354,2025-11-03 05:37:35.641484,197.61,0,1,0,0,0.4986594286,0.4986594286,0.0,1.309090735,0,0.1554086882,1,2700,0.4987,6.703507407,8.0,1.0,3,0,0.498659429
552,1969-08-15,TN,611,517,3,0.0,1000,524.05,0.0,353435.91,12.0,3.0,2.0,0.0,0,0,0,138.0,95.7,120.33,120.33,247.0,148.26,36620.32,2022-03-26 03:33:00,0.0,1591,0.0,3900,Female,56,0,0.52405,0,0,2022-03-01,0,0.0,0.0,0.001482729924,0.52405,90.62459231,0.1343717949,0.2564102564,1,1,0,0.0,0,645,247.0,120.33,9.389825641,1.140461538,0.0,0,0.52405,2043.795,6.908754779,6.263493496,12.77546028,4.798514106,10.50838586,8.26898821,2025-11-03 05:37:35.641484,120.33,0,1,0,0,0.52405,0.52405,0.0,1.241233484,0,0.1989602691,1,3900,0.0,90.62459231,12.0,2.0,3,0,0.52405
553,1987-03-27,IN,511,678,3,0.0,1000,744.25,0.0,236087.2,5.0,3.0,1.0,1.0,0,0,0,142.0,78.0,1120.67,1120.67,234.0,100.05,23410.6,2023-04-20 15:59:00,3.0,1101,0.002724796,3300,Male,38,0,0.74425,1,0,2023-04-01,0,0.0,0.0,0.003152436896,0.74425,71.54157576,0.225530303,0.303030303,1,1,0,0.0,0,254,234.0,1120.67,7.094121212,0.9095454545,0.0,0,0.74425,2456.025,6.908754779,6.613719733,12.37196074,7.73352594,10.06098691,8.101980732,2025-11-03 05:38:35.641484,1120.67,0,1,0,0,0.74425,0.74425,0.0,1.231548912,0,0.1452720603,1,3300,0.0,71.54157576,5.0,1.0,3,0,0.74425
554,2002-03-25,IL,510,615,4,1.0,10000,9546.23,0.9546,375243.95,14.0,3.0,0.0,0.0,0,0,0,180.0,128.2,90.53,90.53,215.0,236.44625,52155.36,2022-04-18 07:34:00,8.0,786,0.010178117,2900,Female,23,0,0.954623,1,0,2022-04-01,0,0.25,2500.0,0.02544006372,0.954623,129.3944655,3.291803448,3.448275862,1,1,0,0.0,0,622,215.0,90.53,17.9846069,2.50213838,0.0,0,0.954623,2768.4067,9.210440367,9.164006339,12.83533429,4.516666787,10.86200141,7.972810784,2025-11-03 05:36:35.641484,90.53,0,1,0,0,0.954623,0.954623,0.0,1.108179783,0,0.1984961185,1,2900,0.9546,129.3944655,14.0,0.0,4,0,0.954623
555,1992-09-28,NY,705,731,2,0.0,30000,2453.86,0.0818,18317.88,4.0,2.0,0.0,2.0,0,0,0,162.0,83.5,413.45,413.45,225.0,114.64,25793.41,2023-06-09 19:28:00,0.0,1440,0.0,2600,Male,33,0,0.081795333,0,1,2023-06-01,1,0.0,0.0,0.133959825,0.081795333,7.045338462,0.9437923077,11.53846154,1,1,0,0.0,0,204,225.0,413.45,9.920542308,1.322769231,0.081795333,0,0.081795333,212.6678658,10.30898599,7.805825012,9.815687501,6.02695234,10.15791308,7.863651265,2025-11-03 05:36:35.641484,413.45,0,1,0,0,0.08179533333,0.08179533333,21.3918774,1.380502042,0,0.1924583514,0,2600,0.0818,7.045338462,4.0,0.0,2,1,0.081795333
556,1972-09-05,GA,792,571,3,0.0,21000,8965.08,0.4269,201306.22,9.0,2.0,1.0,2.0,0,0,0,168.0,132.0,257.64,257.64,217.0,117.04,25397.71,2023-05-06 09:20:00,0.0,778,0.0,3800,Female,53,0,0.426908571,0,0,2023-05-01,1,0.0,0.0,0.04453454046,0.426908571,52.97532105,2.359231579,5.526315789,1,1,0,0.0,0,239,217.0,257.64,6.683607895,0.924,0.0,0,0.426908571,1622.25257,9.952325335,9.101203847,12.21258748,5.555437133,10.14245366,8.243019469,2025-11-03 05:38:35.641484,257.64,0,1,0,0,0.4269085714,0.4269085714,0.0,1.371933228,0,0.2243847644,1,3800,0.4269,52.97532105,9.0,1.0,3,0,0.426908571
557,1975-03-11,OH,535,756,4,0.0,2000,1046.71,0.5234,147136.13,8.0,3.0,2.0,1.0,0,0,0,173.0,83.5,87.17,87.17,249.0,188.61,46964.01,2022-07-10 12:48:00,0.0,947,0.0,2100,Female,50,0,0.523355,0,0,2022-07-01,0,0.0,0.0,0.007113888343,0.523355,70.06482381,0.4984333333,0.9523809524,1,1,0,0.0,0,538,249.0,87.17,18.8428536,2.50213838,0.0,0,0.523355,1099.0455,7.601402335,6.954362109,11.89912029,4.479266769,10.75715814,7.650168701,2025-11-03 05:37:35.641484,87.17,0,1,0,0,0.523355,0.523355,0.0,1.198719061,0,0.1912110661,1,2100,0.5234,70.06482381,8.0,2.0,4,0,0.523355
558,1987-09-10,TX,591,706,2,0.0,1000,561.27,0.0,133812.16,3.0,2.0,0.0,1.0,0,0,0,164.0,95.0,216.66,216.66,233.0,156.38,36437.44,2023-12-09 16:55:00,7.0,782,0.008951407,3100,Male,38,0,0.56127,1,1,2023-12-01,0,0.0,0.0,0.004194461849,0.56127,43.1652129,0.1810548387,0.3225806452,1,1,0,0.0,0,21,233.0,216.66,11.7540129,1.513354839,0.56127,0,0.56127,1739.937,6.908754779,6.331982162,11.80419978,5.382934212,10.50337954,8.039479919,2025-11-03 05:39:35.641484,216.66,0,1,0,0,0.56127,0.56127,18.3918774,1.313494288,0,0.1825501479,1,3100,0.0,43.1652129,3.0,0.0,2,1,0.56127
559,1981-04-21,IN,532,517,2,0.0,1000,966.72,0.0,222711.26,7.0,3.0,0.0,1.0,0,0,0,160.0,150.0,833.73,833.73,241.0,184.41,44442.75,2023-11-09 08:00:00,0.0,1464,0.0,3100,Male,44,0,0.96672,0,1,2023-11-01,0,0.0,0.0,0.004340687579,0.96672,71.84234194,0.3118451613,0.3225806452,1,1,0,0.0,0,52,241.0,833.73,14.33637097,1.784612903,0.5846375,0,0.96672,2996.832,6.908754779,6.874942789,12.3136359,6.727108319,10.70197962,8.039479919,2025-11-03 05:39:35.641484,833.73,0,1,0,0,0.96672,0.96672,18.3918774,1.38311201,0,0.1479941876,0,3100,0.0,71.84234194,7.0,0.0,2,1,0.96672
56,1968-04-03,NY,718,500,2,0.0,48500,15866.94,0.3173,15866.94,10.0,3.0,1.0,1.0,0,0,0,90.0,87.5,58.11,58.11,238.0,120.86,28765.62,2022-12-21 11:34:00,0.0,977,0.0,2600,Female,57,0,0.3173388,0,1,2022-12-01,1,0.0,0.0,0.4889038178,0.3173388,6.102669231,6.102669231,15.64516129,1,1,0,0.0,0,374,238.0,58.11,11.0637,1.394538462,0.3173388,1,0.3173388,825.08088,10.81979828,9.672056,9.672056,4.079400115,10.26697097,7.863651265,2025-11-03 05:39:35.641484,58.11,0,1,0,0,0.3173388,0.3173388,18.3918774,1.185427268,0,0.1936301249,1,2600,0.3173,6.102669231,10.0,1.0,2,1,0.3173388
560,1982-03-21,GA,772,708,4,0.0,1000,344.67,0.0,232114.36,8.0,2.0,1.0,2.0,0,0,0,51.0,32.2,240.6,240.6,238.0,127.37,30313.2,2022-05-02 15:28:00,0.0,1052,0.0,3500,Female,43,0,0.34467,0,0,2022-05-01,1,0.0,0.0,0.001484914591,0.34467,66.31838857,0.09847714286,0.2857142857,1,1,0,0.0,0,607,238.0,240.6,8.660914286,1.091742857,0.0,0,0.0,1206.345,6.908754779,5.845484563,12.35498977,5.487283466,10.31937153,8.160803921,2025-11-03 05:37:35.641484,240.6,0,1,0,0,0.34467,0.34467,0.0,1.328520495,0,0.1478291262,0,3500,0.0,66.31838857,8.0,1.0,4,0,0.34467
561,1999-02-17,WA,734,480,4,2.0,30000,2666.59,0.0889,98669.24,6.0,2.0,0.0,1.0,0,0,0,101.0,77.8,1120.67,1120.67,234.0,167.59,39216.32,2022-12-01 09:49:00,9.0,1397,0.006442377,3600,Male,26,0,0.088886333,1,0,2022-12-01,1,0.5,2500.0,0.02702554514,0.088886333,27.40812222,0.7407194444,8.333333333,1,1,0,0.0,0,395,234.0,1120.67,10.89342222,1.396583333,0.0,0,0.088886333,319.9907988,10.30898599,7.888930722,11.49953866,7.38867412,10.57687376,8.188966864,2025-11-03 05:36:35.641484,1120.67,0,1,0,0,0.08888633333,0.08888633333,0.0,1.35745434,0,0.278724486,0,3600,0.0889,27.40812222,6.0,0.0,4,0,0.088886333
562,2002-10-05,WA,679,557,2,1.0,1000,432.17,0.0,155860.93,4.0,2.0,0.0,0.0,0,0,0,52.0,28.5,304.51,304.51,221.0,100.67,22248.87,2023-05-26 07:20:00,0.0,1270,0.0,3200,Male,23,0,0.43217,0,1,2023-05-01,1,0.5,1000.0,0.002772792386,0.43217,48.70654063,0.135053125,0.3125,1,1,0,0.0,0,219,221.0,304.51,6.952771875,0.94378125,0.43217,0,0.0,1382.944,6.908754779,6.071130261,11.95672583,5.721982511,10.01009144,8.07121854,2025-11-03 05:39:35.641484,304.51,0,1,0,0,0.43217,0.43217,18.3918774,1.369109305,0,0.2323550418,0,3200,0.0,48.70654063,4.0,0.0,2,1,0.43217
563,1986-10-02,CA,680,743,4,0.0,5000,2022.15,0.4044,28790.23,18.5,3.0,2.0,1.0,0,0,0,74.0,38.2,589.24,589.24,228.0,152.26,34716.31,2023-11-28 10:54:00,0.0,1038,0.0,2800,Male,39,0,0.40443,0,0,2023-11-01,1,0.0,0.0,0.07023736872,0.40443,10.282225,0.7221964286,1.785714286,1,1,0,0.0,0,33,228.0,589.24,12.39868214,1.631357143,0.0,0,0.40443,1132.404,8.517393171,7.612410982,10.26782611,6.380529234,10.45499369,7.937731775,2025-11-03 05:36:35.641484,589.24,0,1,0,0,0.40443,0.40443,0.0,1.384527872,0,0.07599003407,0,2800,0.4044,10.282225,18.5,2.0,4,0,0.40443
564,1970-01-21,MO,724,686,3,0.0,20000,7840.98,0.392,239439.2,11.0,3.0,0.0,1.0,0,0,0,84.0,69.3,60.81,60.81,227.0,133.92,30399.96,2023-01-02 07:58:00,0.0,1339,0.0,3200,Male,55,0,0.392049,0,0,2023-01-01,1,0.0,0.0,0.03274726945,0.392049,74.82475,2.45030625,6.25,1,1,0,0.0,0,363,227.0,60.81,9.4999875,1.2555,0.0,0,0.392049,1254.5568,9.903537551,8.967246632,12.38605898,4.124065164,10.32222947,8.07121854,2025-11-03 05:36:35.641484,60.81,0,1,0,0,0.392049,0.392049,0.0,1.210378521,0,0.2278099697,1,3200,0.392,74.82475,11.0,0.0,3,0,0.392049
565,1981-11-07,MO,756,481,2,1.0,1000,142.62,0.0,202713.72,1.0,1.0,1.0,0.0,0,0,0,48.0,27.0,123.99,123.99,239.0,84.88,20285.2,2023-11-22 07:48:00,9.0,753,0.011952191,3100,Female,43,0,0.14262,1,1,2023-11-01,1,0.5,1000.0,0.0007035537604,0.14262,65.39152258,0.04600645161,0.3225806452,1,1,0,1.0,0,39,239.0,123.99,6.543612903,0.8214193548,0.14262,1,0.0,442.122,6.908754779,4.967170923,12.21955495,4.828233734,9.917696131,8.039479919,2025-11-03 05:36:35.641484,123.99,0,1,0,0,0.14262,0.14262,21.3918774,1.163273043,0,0.2744886566,0,3100,0.0,65.39152258,1.0,1.0,2,1,0.14262
566,1991-10-21,CA,726,770,3,0.0,30000,4630.0,0.1543,170823.17,5.0,3.0,1.0,2.0,0,0,0,162.0,103.3,626.23,626.23,212.0,150.82,31973.45,2022-03-15 16:59:00,0.0,1389,0.0,3200,Female,34,0,0.154333333,0,0,2022-03-01,1,0.0,0.0,0.02710405152,0.154333333,53.38224063,1.446875,9.375,1,1,0,0.0,0,655,212.0,626.23,9.991703125,1.4139375,0.0,0,0.154333333,493.8666656,10.30898599,8.440528106,12.04839006,6.4413133,10.37269243,8.07121854,2025-11-03 05:36:35.641484,626.23,0,1,0,0,0.1543333333,0.1543333333,0.0,1.355444183,0,0.1479298857,0,3200,0.1543,53.38224063,5.0,1.0,3,0,0.154333333
567,1996-11-18,GA,650,685,4,0.0,1000,273.3,0.2733,307376.06,12.0,3.0,1.0,2.0,0,0,0,164.0,114.2,165.84,165.84,231.0,116.4,26889.32,2022-09-23 23:44:00,0.0,2008,0.0,3100,Female,28,0,0.2733,0,0,2022-09-01,0,0.0,0.0,0.0008891388614,0.2733,99.15356774,0.08816129032,0.3225806452,1,1,0,0.0,0,463,231.0,165.84,8.673974194,1.126451613,0.0,0,0.2733,847.23,6.908754779,5.614222398,12.63583048,5.117035269,10.19952165,8.039479919,2025-11-03 05:39:35.641484,165.84,0,1,0,0,0.2733,0.2733,0.0,1.305605967,0,0.1903803925,0,3100,0.2733,99.15356774,12.0,1.0,4,0,0.2733
568,1984-08-08,PA,526,753,3,0.0,32000,18455.16,0.5767,66862.39,7.0,3.0,2.0,1.0,0,0,0,142.0,111.3,1120.67,1120.67,234.0,134.24,31411.19,2023-05-19 04:31:00,7.0,1302,0.005376344,3300,Female,41,0,0.57672375,1,0,2023-05-01,0,0.0,0.0,0.2760170553,0.57672375,20.2613303,5.592472727,9.696969697,1,1,0,0.0,0,226,234.0,1120.67,9.518542424,1.220363636,0.0,0,0.57672375,1903.188375,10.37352243,9.823153469,11.11040686,7.914435011,10.35495131,8.101980732,2025-11-03 05:38:35.641484,1120.67,0,1,0,0,0.57672375,0.57672375,0.0,1.325074772,0,0.1733164904,1,3300,0.5767,20.2613303,7.0,2.0,3,0,0.57672375
569,1984-08-03,NY,521,628,4,0.0,11000,7477.71,0.6798,245474.92,11.0,3.0,0.0,1.0,0,0,0,176.0,94.8,37.42,37.42,235.0,150.42,35348.32,2023-05-12 00:22:00,0.0,971,0.0,3000,Male,41,0,0.679791818,0,0,2023-05-01,0,0.0,0.0,0.03046221585,0.679791818,81.82497333,2.49257,3.666666667,1,1,0,0.0,0,233,235.0,37.42,11.78277333,1.5042,0.0,0,0.679791818,2039.375454,9.305741457,8.919815596,12.41095414,3.648578157,10.47303443,8.006700845,2025-11-03 05:37:35.641484,37.42,0,1,0,0,0.6797918182,0.6797918182,0.0,1.163122332,0,0.2029429816,0,3000,0.6798,81.82497333,11.0,0.0,4,0,0.679791818
57,1986-02-17,OH,645,800,3,0.0,1000,537.02,0.0,539527.32,10.0,3.0,0.0,0.0,0,0,0,124.0,110.3,66.45,66.45,252.0,103.63,26114.21,2022-08-20 21:43:00,0.0,975,0.0,3000,Female,39,0,0.53702,0,0,2022-08-01,0,0.0,0.0,0.0009953527469,0.53702,179.84244,0.1790066667,0.3333333333,1,1,0,0.0,0,497,252.0,66.45,8.704736667,1.0363,0.0,0,0.53702,1611.06,6.908754779,6.287895734,13.19845056,4.211386583,10.17027318,8.006700845,2025-11-03 05:37:35.641484,66.45,0,1,0,0,0.53702,0.53702,0.0,1.121084639,0,0.2741496013,1,3000,0.0,179.84244,10.0,0.0,3,0,0.53702
570,1975-08-14,CO,570,676,3,0.0,1000,1000.0,0.0,326544.63,6.0,3.0,1.0,0.0,0,0,0,159.0,131.7,81.16,81.16,220.0,171.83,37803.67,2023-08-05 07:12:00,20.0,733,0.01942862,2300,Male,50,0,1.0,1,0,2023-08-01,0,0.0,0.0,0.003062368534,1.0,141.9759261,0.4347826087,0.4347826087,1,1,0,0.0,0,148,220.0,81.16,16.43637826,2.24126087,0.0,0,1.0,2300.0,6.908754779,6.908754779,12.69632497,4.408668566,10.54018792,7.74109909,2025-11-03 05:38:35.641484,81.16,0,1,0,0,1.0,1.0,0.0,1.193971597,0,0.1641174583,1,2300,0.0,141.9759261,6.0,1.0,3,0,1.0
571,1994-04-11,WI,633,534,4,1.0,20000,7912.19,0.3956,373392.19,13.0,3.0,0.0,0.0,0,0,0,150.0,86.0,1120.67,1120.67,233.0,105.56,24596.42,2023-04-08 22:42:00,0.0,809,0.0,2800,Male,31,0,0.3956095,0,0,2023-04-01,0,0.25,2500.0,0.02119002543,0.3956095,133.3543536,2.825782143,7.142857143,1,1,0,0.0,0,266,233.0,1120.67,8.784435714,1.131,0.0,0,0.3956095,1107.7066,9.903537551,8.976286266,12.83038727,7.715226185,10.11039684,7.937731775,2025-11-03 05:39:35.641484,1120.67,0,1,0,0,0.3956095,0.3956095,0.0,1.251928338,0,0.1658091252,0,2800,0.3956,133.3543536,13.0,0.0,4,0,0.3956095
572,1974-06-28,NC,729,704,2,0.0,1000,399.67,0.0,14982.9,4.0,2.0,0.0,2.5,0,0,0,112.0,106.0,83.15,83.15,245.0,94.79,23224.29,2023-10-01 12:50:00,0.0,1775,0.0,3900,Female,51,0,0.39967,0,1,2023-10-01,1,0.0,0.0,0.02667507625,0.39967,3.841769231,0.1024794872,0.2564102564,1,1,0,0.0,0,90,245.0,83.15,5.954946154,0.7291538462,0.39967,0,0.39967,1558.713,6.908754779,5.993138146,9.61473157,4.432600921,10.05299705,8.26898821,2025-11-03 05:39:35.641484,83.15,0,1,0,0,0.39967,0.39967,18.3918774,1.137819268,0,0.2050420018,1,3900,0.0,3.841769231,4.0,0.0,2,1,0.39967
573,1987-07-05,VA,551,578,4,1.0,22000,8015.41,0.3643,81120.47,10.0,3.0,0.0,1.0,0,0,0,161.0,90.8,37.98,37.98,233.0,152.13,35447.37,2023-01-24 02:23:00,0.0,385,0.0,2300,Female,38,0,0.364336818,0,0,2023-01-01,0,0.25,2500.0,0.09880872239,0.364336818,35.26976957,3.48496087,9.565217391,1,1,0,0.0,0,341,233.0,37.98,15.4119,1.984304348,0.0,0,0.364336818,837.9746814,9.998843186,8.98924597,11.30370294,3.663048694,10.47583255,7.74109909,2025-11-03 05:36:35.641484,37.98,0,1,0,0,0.3643368182,0.3643368182,0.0,1.164241959,0,0.1490318169,1,2300,0.3643,35.26976957,10.0,0.0,4,0,0.364336818
574,1997-09-04,NC,783,730,3,1.0,12000,3359.76,0.28,9506.18,7.0,3.0,0.0,2.0,0,0,0,155.0,77.0,60.13,60.13,236.0,118.58,27985.15,2023-07-17 04:19:00,0.0,1356,0.0,3400,Male,28,0,0.27998,0,0,2023-07-01,1,0.3333333333,2500.0,0.3534290325,0.27998,2.795935294,0.9881647059,3.529411765,1,1,0,0.0,0,167,236.0,60.13,8.230926471,1.046294118,0.0,0,0.27998,951.932,9.392745259,8.119922418,9.159802582,4.113002744,10.23946502,8.131824785,2025-11-03 05:39:35.641484,60.13,0,1,0,0,0.27998,0.27998,0.0,1.191510953,0,0.2372923494,0,3400,0.28,2.795935294,7.0,0.0,3,0,0.27998
575,1980-08-04,NJ,512,735,4,1.0,2000,783.81,0.3919,472763.56,7.0,3.0,0.0,2.5,0,0,0,152.0,90.8,267.08,267.08,233.0,157.21,36630.98,2023-05-21 07:57:00,0.0,1314,0.0,2900,Male,45,0,0.391905,0,0,2023-05-01,0,0.25,2000.0,0.00165793235,0.391905,163.0219172,0.2702793103,0.6896551724,1,1,0,0.0,0,224,233.0,267.08,12.63137241,1.626310345,0.0,0,0.391905,1136.5245,7.601402335,6.66544165,13.06635278,5.591285443,10.50867691,7.972810784,2025-11-03 05:37:35.641484,267.08,0,1,0,0,0.391905,0.391905,0.0,1.333765145,0,0.2435363514,1,2900,0.3919,163.0219172,7.0,0.0,4,0,0.391905
576,1993-04-05,FL,488,653,2,1.0,2000,1037.25,0.5186,238316.73,3.0,2.0,2.0,1.0,0,0,0,119.0,113.5,67.12,67.12,232.0,181.08,42010.62,2022-04-14 03:10:00,0.0,825,0.0,2400,Male,32,0,0.518625,0,1,2022-04-01,0,0.5,2000.0,0.004352401109,0.518625,99.2986375,0.4321875,0.8333333333,1,1,0,2.0,0,626,232.0,67.12,17.504425,2.2635,0.518625,2,0.518625,1244.7,7.601402335,6.945291883,12.38136006,4.221270856,10.64570153,7.783640596,2025-11-03 05:38:35.641484,67.12,0,1,0,0,0.518625,0.518625,19.3918774,1.182847551,0,0.1368940615,0,2400,0.5186,99.2986375,3.0,2.0,2,1,0.518625
577,1968-05-13,WI,652,687,4,1.0,2000,454.1,0.2271,85639.61,11.0,3.0,1.0,2.0,0,0,0,133.0,68.5,1120.67,1120.67,214.0,195.02,41733.37,2022-12-20 14:18:00,0.0,567,0.0,2800,Male,57,0,0.22705,0,0,2022-12-01,0,0.25,2000.0,0.005302452919,0.22705,30.585575,0.1621785714,0.7142857143,1,1,0,1.0,0,375,214.0,1120.67,14.904775,2.0895,0.0,0,0.22705,635.74,7.601402335,6.120517175,11.35791487,7.332689625,10.63908029,7.937731775,2025-11-03 05:38:35.641484,1120.67,0,1,0,0,0.22705,0.22705,0.0,1.313381121,0,0.2471956471,0,2800,0.2271,30.585575,11.0,1.0,4,0,0.22705
578,1991-04-28,WA,588,754,3,2.0,0,0.0,0.0,47551.85,14.0,3.0,0.0,0.0,0,0,0,183.0,122.3,90.38,90.38,211.0,132.33,27921.25,2022-09-07 18:27:00,14.0,1558,0.008985879,3800,Male,34,0,0.49068525,1,0,2022-09-01,0,0.6666666667,0.0,0.0,0.49068525,12.51364474,0.0,0.0,1,1,0,0.0,0,479,211.0,90.38,7.347697368,1.044710526,0.0,0,0.477859,1590.507672,2.416580621,1.973596521,10.769597,4.515026636,10.23717914,8.243019469,2025-11-03 05:37:35.641484,90.38,0,1,0,0,0.0,0.0,0.0,1.247685801,0,0.2088690465,1,3800,0.0,12.51364474,14.0,0.0,3,0,0.49068525
579,1985-10-24,NC,776,516,4,0.0,20000,15801.5,0.7901,45660.18,13.0,3.0,1.0,1.0,0,0,0,185.0,127.2,23.53,23.53,248.0,151.49,37568.83,2023-07-19 10:57:00,19.0,776,0.01942862,3200,Female,40,0,0.790075,1,0,2023-07-01,1,0.0,0.0,0.3460674049,0.790075,14.26880625,4.93796875,6.25,1,1,0,0.0,0,165,248.0,23.53,11.74025938,1.42021875,0.0,0,0.790075,2528.24,9.903537551,9.667923434,10.72900376,3.199896858,10.53395661,8.07121854,2025-11-03 05:39:35.641484,23.53,0,1,0,0,0.790075,0.790075,0.0,1.129362789,0,0.1454793147,1,3200,0.7901,14.26880625,13.0,1.0,4,0,0.790075
58,1982-11-16,AZ,731,517,2,1.0,20000,10060.41,0.503,15855.11,8.0,3.0,1.0,1.0,0,0,0,180.0,97.0,1120.67,1120.67,255.0,109.83,28005.8,2023-03-24 16:09:00,0.0,724,0.0,3100,Male,42,0,0.5030205,0,1,2023-03-01,1,0.5,2500.0,0.4889038178,0.5030205,5.114551613,3.245293548,6.451612903,1,1,0,1.0,0,281,255.0,1120.67,9.034129032,1.062870968,0.5030205,1,0.5030205,1559.36355,9.903537551,9.216462593,9.671310194,7.618811138,10.24020262,8.039479919,2025-11-03 05:39:35.641484,1120.67,0,1,0,0,0.5030205,0.5030205,18.3918774,1.281145047,0,0.2003698428,1,3100,0.503,5.114551613,8.0,1.0,2,1,0.5030205
580,1977-03-16,TN,552,489,3,0.0,22000,17442.46,0.7928,102432.54,8.0,3.0,0.0,2.0,0,0,0,186.0,105.3,78.8,78.8,234.0,195.76,45806.95,2022-12-05 04:29:00,16.0,2145,0.007459207,2200,Female,48,0,0.792839091,1,0,2022-12-01,0,0.0,0.0,0.1702824122,0.792839091,46.56024545,6.45558796,10.0,1,1,0,0.0,0,391,234.0,78.8,18.8428536,2.50213838,0.0,0,0.792839091,1744.246,9.998843186,9.766720072,11.53696948,4.379523504,10.73221294,7.696667082,2025-11-03 05:37:35.641484,78.8,0,1,0,0,0.7928390909,0.7928390909,0.0,1.183891873,0,0.1906561059,1,2200,0.7928,46.56024545,8.0,0.0,3,0,0.792839091
581,1994-08-10,CO,796,604,3,0.0,5000,921.36,0.1843,21807.68,9.0,2.0,0.0,0.0,0,0,0,94.0,59.3,116.81,116.81,223.0,140.59,31350.99,2022-09-22 07:09:00,0.0,778,0.0,3700,Male,31,0,0.184272,0,0,2022-09-01,1,0.0,0.0,0.04224933601,0.184272,5.893967568,0.2490162162,1.351351351,1,1,0,0.0,0,465,223.0,116.81,8.473240541,1.139918919,0.0,0,0.184272,681.8064,8.517393171,6.826935603,9.990063335,4.769073157,10.35303302,8.216358332,2025-11-03 05:36:35.641484,116.81,0,1,0,0,0.184272,0.184272,0.0,1.269382407,0,0.2402973517,0,3700,0.1843,5.893967568,9.0,0.0,3,0,0.184272
582,1966-02-13,TN,487,505,4,1.0,2000,298.4,0.1492,122594.16,10.0,3.0,0.0,0.0,0,0,0,144.0,105.5,51.11,51.11,212.0,153.03,32442.06,2022-07-06 14:31:00,10.0,1375,0.007272727,3200,Female,59,0,0.1492,1,0,2022-07-01,0,0.25,2000.0,0.002434047429,0.1492,38.310675,0.09325,0.625,1,1,0,0.0,0,542,212.0,51.11,10.13814375,1.43465625,0.0,0,0.1492,477.44,7.601402335,5.701780472,11.71664282,3.953356869,10.38724183,8.07121854,2025-11-03 05:37:35.641484,51.11,0,1,0,0,0.1492,0.1492,0.0,1.161555496,0,0.2596068977,1,3200,0.1492,38.310675,10.0,0.0,4,0,0.1492
583,1994-04-07,MO,529,792,2,0.0,1000,811.85,0.0,7298.56,4.0,2.0,1.0,0.0,0,0,0,120.0,111.0,1120.67,1120.67,223.0,164.01,36575.17,2023-02-16 16:30:00,0.0,943,0.0,2800,Female,31,0,0.81185,0,1,2023-02-01,0,0.0,0.0,0.1112342709,0.81185,2.606628571,0.2899464286,0.3571428571,1,1,0,0.0,0,317,223.0,1120.67,13.06256071,1.75725,0.5846375,1,0.81185,2273.18,6.908754779,6.700546591,8.895569351,7.711190813,10.50715221,7.937731775,2025-11-03 05:36:35.641484,1120.67,0,1,0,0,0.81185,0.81185,21.3918774,1.334270452,0,0.2151019818,0,2800,0.0,2.606628571,4.0,1.0,2,1,0.81185
584,1987-01-02,GA,782,534,2,1.0,5000,2986.19,0.5972,10787.17,3.0,1.0,0.0,1.0,0,0,0,33.5,17.0,117.42,117.42,230.0,101.05,23240.39,2023-08-08 07:24:00,10.0,764,0.013089005,3800,Female,38,0,0.597238,1,1,2023-08-01,1,0.5,2500.0,0.2768279354,0.597238,2.838728947,0.7858394737,1.315789474,1,1,0,0.0,0,145,230.0,117.42,6.115892105,0.7977631579,0.5846375,0,0.0,2269.5044,8.517393171,8.002088425,9.286205442,4.774237627,10.05369002,8.243019469,2025-11-03 05:37:35.641484,117.42,0,1,0,0,0.597238,0.597238,20.3918774,1.258136508,0,0.2168554901,1,3800,0.5972,2.838728947,3.0,0.0,2,1,0.597238
585,1996-10-27,CO,734,512,4,1.0,1000,287.09,0.0,580391.195,15.0,3.0,1.0,1.0,0,0,0,179.0,80.0,64.51,64.51,241.0,94.28,22721.15,2023-07-09 01:14:00,7.0,1140,0.006140351,2700,Female,28,0,0.28709,1,0,2023-07-01,1,0.25,1000.0,0.0002810315087,0.28709,183.5765946,0.1063296296,0.3703703704,1,1,0,1.0,0,175,241.0,64.51,8.415240741,1.047555556,0.0,0,0.28709,775.143,6.908754779,5.663272931,13.8368405,4.182202803,10.0310955,7.901377354,2025-11-03 05:38:35.641484,64.51,0,1,0,0,0.28709,0.28709,0.0,1.126903676,0,0.1863737403,0,2700,0.0,183.5765946,15.0,1.0,4,0,0.28709
586,1983-09-01,FL,698,685,2,0.0,10000,7706.15,0.7706,11263.72,9.0,3.0,0.0,0.0,0,0,0,136.0,79.0,310.46,310.46,221.0,147.45,32587.02,2023-03-18 02:48:00,0.0,1290,0.0,2800,Female,42,0,0.770615,0,1,2023-03-01,1,0.0,0.0,0.4889038178,0.770615,4.022757143,2.752196429,3.571428571,1,1,0,0.0,0,288,221.0,310.46,11.63822143,1.579821429,0.5846375,0,0.770615,2157.722,9.210440367,8.949903748,9.329430997,5.741270919,10.39170002,7.937731775,2025-11-03 05:36:35.641484,310.46,0,1,0,0,0.770615,0.770615,21.3918774,1.357447938,0,0.2319799735,1,2800,0.7706,4.022757143,9.0,0.0,2,1,0.770615
587,1992-03-09,VA,541,644,2,0.0,48500,6367.42,0.1061,6367.42,6.0,2.0,0.0,2.0,0,0,0,143.0,73.5,11.07,11.07,231.0,122.35,28263.47,2023-04-04 03:13:00,7.0,583,0.012006861,3600,Male,33,0,0.106123667,1,1,2023-04-01,0,0.0,0.0,0.4889038178,0.106123667,1.768727778,1.768727778,15.64516129,1,1,0,0.0,0,271,231.0,11.07,7.850963889,1.019583333,0.106123667,0,0.106123667,382.0452012,11.00211651,8.75910668,8.75910668,2.490723035,10.24936082,8.188966864,2025-11-03 05:37:35.641484,11.07,0,1,0,0,0.1061236667,0.1061236667,20.3918774,1.105230296,0,0.2585906606,1,3600,0.1061,1.768727778,6.0,0.0,2,1,0.106123667
588,1990-06-02,PA,503,651,4,1.0,1000,878.79,0.0,449998.7,7.0,3.0,2.0,1.0,0,0,0,132.0,92.0,119.71,119.71,232.0,138.52,32136.69,2023-09-09 08:24:00,0.0,1237,0.0,2600,Male,35,0,0.87879,0,0,2023-09-01,0,0.25,1000.0,0.001952872308,0.87879,173.0764231,0.3379961538,0.3846153846,1,1,0,2.0,0,113,232.0,119.71,12.36026538,1.598307692,0.0,0,0.87879,2284.854,6.908754779,6.779683243,13.0170022,4.793390975,10.37778476,7.863651265,2025-11-03 05:37:35.641484,119.71,0,1,0,0,0.87879,0.87879,0.0,1.265560228,0,0.1373609639,0,2600,0.0,173.0764231,7.0,2.0,4,0,0.87879
589,1968-10-18,AZ,541,552,3,0.0,30000,20848.4875,0.6971,387825.73,3.0,2.0,0.0,0.0,0,0,0,104.0,93.0,1120.67,1120.67,240.0,157.48,37796.05,2022-05-26 22:49:00,0.0,1272,0.0,3000,Female,57,0,0.697116333,0,0,2022-05-01,0,0.0,0.0,0.05392496779,0.697116333,129.2752433,6.45558796,10.0,1,1,0,0.0,0,583,240.0,1120.67,12.59868333,1.5748,0.0,0,0.697116333,2091.348999,10.30898599,9.948197499,12.86831395,7.314666008,10.53998634,8.006700845,2025-11-03 05:39:35.641484,1120.67,0,1,0,0,0.6971163333,0.6971163333,0.0,1.358041001,0,0.2414869547,1,3000,0.6971,129.2752433,3.0,0.0,3,0,0.697116333
59,1999-03-24,MO,749,574,4,0.0,10000,8420.15,0.842,44004.39,8.0,3.0,0.0,2.0,0,0,0,147.0,77.0,153.73,153.73,234.0,154.29,36104.61,2022-03-30 23:58:00,0.0,1552,0.0,3700,Male,26,0,0.842015,0,0,2022-03-01,1,0.0,0.0,0.1913479541,0.842015,11.89307838,2.275716216,2.702702703,1,1,0,0.0,0,640,234.0,153.73,9.758002703,1.251,0.0,0,0.842015,3115.4555,9.210440367,9.038501677,10.69206741,5.041681663,10.49420353,8.216358332,2025-11-03 05:36:35.641484,153.73,0,1,0,0,0.842015,0.842015,0.0,1.278970751,0,0.2827505061,0,3700,0.842,11.89307838,8.0,0.0,4,0,0.842015
590,1988-09-10,TX,566,763,2,0.0,2000,1932.66,0.9663,6557.12,3.0,3.0,0.0,0.0,0,0,0,55.0,30.5,11.72,11.72,228.0,153.39,34972.08,2022-03-10 20:35:00,0.0,1376,0.0,2100,Female,37,0,0.96633,0,1,2022-03-01,0,0.0,0.0,0.2947422039,0.96633,3.122438095,0.9203142857,0.9523809524,1,1,0,0.0,0,660,228.0,11.72,16.65337143,2.191285714,0.5846375,0,0.0,2029.293,7.601402335,7.567169859,8.788459255,2.543175558,10.4623339,7.650168701,2025-11-03 05:39:35.641484,11.72,0,1,0,0,0.96633,0.96633,18.3918774,1.110356515,0,0.2362866551,0,2100,0.9663,3.122438095,3.0,0.0,2,1,0.96633
591,1989-09-15,IN,704,777,3,0.0,30000,20848.4875,0.8062,81474.59,11.0,3.0,1.0,1.0,0,0,0,159.0,87.0,17.21,17.21,238.0,169.9,40435.06,2022-12-12 07:01:00,0.0,1356,0.0,3600,Male,36,0,0.806174667,0,0,2022-12-01,1,0.0,0.0,0.2968439608,0.806174667,22.63183056,6.45558796,8.333333333,1,1,0,0.0,0,384,238.0,17.21,11.23196111,1.415833333,0.0,0,0.806174667,2902.228801,10.30898599,10.09353916,11.30805875,2.901970894,10.60747724,8.188966864,2025-11-03 05:37:35.641484,17.21,0,1,0,0,0.8061746667,0.8061746667,0.0,1.121034289,0,0.2213302832,1,3600,0.8062,22.63183056,11.0,1.0,3,0,0.806174667
592,1982-10-22,WI,548,793,2,0.0,7000,4190.2,0.5986,4190.2,5.0,3.0,1.0,1.0,0,0,0,156.0,156.0,120.21,120.21,211.0,116.2,24518.45,2023-08-22 12:52:00,0.0,379,0.0,2800,Male,43,0,0.5986,0,1,2023-08-01,0,0.0,0.0,0.4889038178,0.5986,1.4965,1.4965,2.5,1,1,0,0.0,0,130,211.0,120.21,8.756589286,1.245,0.5846375,1,0.5986,1676.08,8.853808275,8.340742368,8.340742368,4.797524578,10.10722196,7.937731775,2025-11-03 05:36:35.641484,120.21,0,1,0,0,0.5986,0.5986,21.3918774,1.307272919,0,0.2511210153,1,2800,0.5986,1.4965,5.0,1.0,2,1,0.5986
593,1972-03-04,PA,560,729,4,0.0,31000,12882.77,0.4156,244874.4,16.0,3.0,0.0,0.0,0,0,0,172.0,90.8,234.67,234.67,207.0,164.39,34028.02,2023-09-16 01:10:00,10.0,1468,0.006811989,2400,Female,53,0,0.415573226,1,0,2023-09-01,0,0.0,0.0,0.05260970522,0.415573226,102.031,5.367820833,12.91666667,1,1,0,0.0,0,106,207.0,234.67,14.17834167,2.054875,0.0,0,0.415573226,997.3757424,10.34177474,9.463723659,12.40850479,5.462432521,10.43496897,7.783640596,2025-11-03 05:38:35.641484,234.67,0,1,0,0,0.4155732258,0.4155732258,0.0,1.275575987,0,0.2828068472,1,2400,0.4156,102.031,16.0,0.0,4,0,0.415573226
594,1988-06-18,VA,483,571,2,0.0,30000,20848.4875,0.7548,26936.73,4.0,2.0,0.0,0.0,0,0,0,153.0,129.5,1120.67,1120.67,222.0,190.68,42330.19,2022-04-10 14:16:00,2.0,1875,0.001066667,2800,Male,37,0,0.754843333,1,1,2022-04-01,0,0.0,0.0,0.4889038178,0.754843333,9.620260714,6.45558796,10.71428571,1,1,0,0.0,0,629,222.0,1120.67,15.117925,2.043,0.5846375,0,0.754843333,2113.561332,10.30898599,10.02775176,10.20128319,7.830036035,10.65327945,7.937731775,2025-11-03 05:36:35.641484,1120.67,0,1,0,0,0.7548433333,0.7548433333,21.3918774,1.339445844,0,0.3085588045,0,2800,0.7548,9.620260714,4.0,0.0,2,1,0.754843333
595,1974-04-20,TN,783,693,2,1.0,1000,247.29,0.0,432528.58,0.0,0.5,0.0,2.0,0,0,0,42.0,33.0,299.45,299.45,228.0,136.5,31122.96,2023-09-08 17:54:00,22.5,1072,0.01942862,3300,Male,51,0,0.24729,1,1,2023-09-01,1,0.5,1000.0,0.0005717310056,0.24729,131.0692667,0.07493636364,0.303030303,0,0,0,0.0,0,113,228.0,299.45,9.4312,1.240909091,0.24729,0,0.0,816.057,6.908754779,5.514597418,12.977406,5.705281351,10.34573322,8.101980732,2025-11-03 05:36:35.641484,299.45,0,1,0,0,0.24729,0.24729,21.3918774,1.361765221,0,0.1597113266,1,3300,0.0,131.0692667,0.0,0.0,2,1,0.24729
596,1990-09-02,NY,544,553,3,0.0,30000,14662.32,0.4887,59188.71,5.0,3.0,1.0,0.0,0,0,0,105.0,43.7,251.92,251.92,241.0,123.1,29666.52,2023-11-09 07:58:00,0.0,789,0.0,2500,Female,35,0,0.488744,0,0,2023-11-01,0,0.0,0.0,0.2477215672,0.488744,23.675484,5.864928,12.0,1,1,0,0.0,0,52,241.0,251.92,11.866608,1.4772,0.0,0,0.488744,1221.86,10.30898599,9.593104416,10.98850299,5.533073233,10.29780812,7.824445931,2025-11-03 05:36:35.641484,251.92,0,1,0,0,0.488744,0.488744,0.0,1.324473646,0,0.1727769081,0,2500,0.4887,23.675484,5.0,1.0,3,0,0.488744
597,1967-03-23,NC,747,690,3,0.0,30000,20848.4875,0.7377,23531.52,13.0,3.0,1.0,1.0,0,0,0,161.0,109.0,1120.67,1120.67,255.0,105.59,26925.08,2023-04-14 17:21:00,18.0,1741,0.010338886,3200,Female,58,0,0.737732,1,0,2023-04-01,1,0.0,0.0,0.4889038178,0.737732,7.3536,6.45558796,9.375,1,1,0,0.0,0,260,255.0,1120.67,8.4140875,0.98990625,0.0,0,0.737732,2360.7424,10.30898599,10.00482318,10.06613857,7.799208088,10.20085061,8.07121854,2025-11-03 05:39:35.641484,1120.67,0,1,0,0,0.737732,0.737732,0.0,1.267074457,0,0.262141908,1,3200,0.7377,7.3536,13.0,1.0,3,0,0.737732
598,1995-09-15,IL,569,785,3,0.0,5000,1459.22,0.2918,7822.72,10.0,3.0,0.0,1.0,0,0,0,144.0,97.7,55.94,55.94,250.0,160.81,40201.36,2022-07-20 19:20:00,0.0,1141,0.0,2600,Male,30,0,0.291844,0,0,2022-07-01,0,0.0,0.0,0.1865361409,0.291844,3.008738462,0.5612384615,1.923076923,1,1,0,0.0,0,528,250.0,55.94,15.46206154,1.8555,0.0,0,0.291844,758.7944,8.517393171,7.286342388,8.964915424,4.041998082,10.60168098,7.863651265,2025-11-03 05:38:35.641484,55.94,0,1,0,0,0.291844,0.291844,0.0,1.174659131,0,0.1818031072,1,2600,0.2918,3.008738462,10.0,0.0,3,0,0.291844
599,1997-03-11,WI,735,634,4,0.0,27000,19083.67,0.7068,26585.71,18.0,2.0,0.0,0.0,0,0,0,177.0,156.8,1120.67,1120.67,227.0,126.9,28806.59,2023-01-12 18:45:00,0.0,1381,0.0,3800,Male,28,0,0.706802593,0,0,2023-01-01,1,0.0,0.0,0.4889038178,0.706802593,6.996239474,5.022018421,7.105263158,1,1,0,0.0,0,352,227.0,1120.67,7.580681579,1.001842105,0.0,0,0.706802593,2685.849853,10.20362918,9.856640674,10.18816675,7.565187195,10.26839417,8.243019469,2025-11-03 05:36:35.641484,1120.67,0,1,0,0,0.7068025926,0.7068025926,0.0,1.299837345,0,0.2554994184,0,3800,0.7068,6.996239474,18.0,0.0,4,0,0.706802593
6,2000-04-23,IN,726,677,4,0.0,5000,3693.9,0.7388,458024.3,12.0,2.0,0.0,0.0,0,0,0,164.0,126.8,99.14,99.14,257.0,236.44625,53705.59,2023-09-12 18:53:00,0.0,1061,0.0,5050,Male,25,25,0.73878,0,0,2023-09-01,1,0.0,0.0,0.008064855948,0.73878,1.099038512,0.008863587283,0.01199760048,1,1,0,0.0,1,109,257.0,99.14,5.927965423,0.6919803239,0.0,0,0.73878,4073.358225,8.517393171,8.214708769,13.0346797,4.606569207,11.02688793,8.634298168,2025-11-03 05:39:35.641484,99.14,0,1,0,0,0.73878,0.73878,0.0,1.192342163,0,0.1753887009,1,5050,0.7388,1.099038512,12.0,0.0,4,0,0.73878
60,2001-08-08,CO,738,692,3,0.0,10000,593.15,0.0593,5477.87,9.0,3.0,2.0,0.0,0,0,0,130.0,94.3,130.7,130.7,252.0,147.71,37223.68,2023-02-14 22:31:00,0.0,1797,0.0,3000,Male,24,0,0.059315,0,0,2023-02-01,1,0.0,0.0,0.1082811385,0.059315,1.825956667,0.1977166667,3.333333333,1,1,0,0.0,0,319,252.0,130.7,12.40789333,1.4771,0.0,0,0.059315,177.945,9.210440367,6.387131813,8.608654154,4.880526609,10.52472726,8.006700845,2025-11-03 05:37:35.641484,130.7,0,1,0,0,0.059315,0.059315,0.0,1.241003753,0,0.207144692,1,3000,0.0593,1.825956667,9.0,2.0,3,0,0.059315
600,1985-03-13,WI,694,765,4,0.0,2000,730.1,0.365,8346.6,11.0,3.0,1.0,1.0,0,0,0,172.0,117.5,65.73,65.73,241.0,154.53,37242.75,2023-09-17 23:20:00,16.0,845,0.018934911,3700,Male,40,0,0.36505,1,0,2023-09-01,1,0.0,0.0,0.08747274339,0.36505,2.255837838,0.1973243243,0.5405405405,1,1,0,0.0,0,104,241.0,65.73,10.06560811,1.252945946,0.0,0,0.36505,1350.685,7.601402335,6.594550249,9.029729351,4.200654627,10.52523942,8.216358332,2025-11-03 05:38:35.641484,65.73,0,1,0,0,0.36505,0.36505,0.0,1.195598575,0,0.1624200892,1,3700,0.365,2.255837838,11.0,1.0,4,0,0.36505
601,1984-10-11,TN,578,751,3,0.0,10000,937.37,0.0937,166571.81,9.0,3.0,1.0,1.0,0,0,0,166.0,81.3,27.52,27.52,230.0,138.84,31932.33,2022-10-03 22:38:00,6.0,1194,0.005025126,2800,Female,41,0,0.093737,1,0,2022-10-01,0,0.0,0.0,0.005627422791,0.093737,59.48993214,0.334775,3.571428571,1,1,0,0.0,0,453,230.0,27.52,11.40440357,1.487571429,0.0,0,0.093737,262.4636,9.210440367,6.844144328,12.02318779,3.350605596,10.37140557,7.937731775,2025-11-03 05:37:35.641484,27.52,0,1,0,0,0.093737,0.093737,0.0,1.151357372,0,0.2444956996,1,2800,0.0937,59.48993214,9.0,1.0,3,0,0.093737
602,1997-09-16,MO,796,756,3,0.0,20000,12562.97,0.6281,234200.39,13.0,3.0,2.0,0.0,0,0,0,165.0,154.7,1120.67,1120.67,217.0,101.41,22006.07,2022-07-17 11:40:00,9.0,392,0.01942862,3300,Male,28,0,0.6281485,1,0,2022-07-01,1,0.0,0.0,0.05364196874,0.6281485,70.96981515,3.806960606,6.060606061,1,1,0,0.0,0,531,217.0,1120.67,6.668506061,0.9219090909,0.0,0,0.6281485,2072.89005,9.903537551,9.438588473,12.36393667,7.439647437,9.999119044,8.101980732,2025-11-03 05:36:35.641484,1120.67,0,1,0,0,0.6281485,0.6281485,0.0,1.190089197,0,0.1743685037,0,3300,0.6281,70.96981515,13.0,2.0,3,0,0.6281485
603,1984-08-27,CA,717,621,2,0.0,1000,411.45,0.0,58156.51,9.0,3.0,1.0,1.0,0,0,0,171.0,115.0,495.95,495.95,221.0,139.45,30817.76,2023-02-15 17:20:00,0.0,1385,0.0,3800,Male,41,0,0.41145,0,1,2023-02-01,1,0.0,0.0,0.007074874335,0.41145,15.30434474,0.1082763158,0.2631578947,1,1,0,0.0,0,318,221.0,495.95,8.109936842,1.100921053,0.41145,1,0.41145,1563.51,6.908754779,6.022114986,10.9709103,6.208489417,10.33587887,8.243019469,2025-11-03 05:36:35.641484,495.95,0,1,0,0,0.41145,0.41145,21.3918774,1.383442962,0,0.1981201007,0,3800,0.0,15.30434474,9.0,1.0,2,1,0.41145
604,1988-06-22,FL,579,556,3,1.0,10000,3349.97,0.335,9760.01,7.0,2.0,1.0,1.0,0,0,1,142.0,71.3,297.16,297.16,232.0,127.97,29688.3,2022-05-13 20:07:00,0.0,942,0.0,2000,Female,37,0,0.334997,0,0,2022-05-01,0,0.3333333333,2500.0,0.3432342795,0.334997,4.880005,1.674985,5.0,1,1,0,1.0,0,596,232.0,297.16,14.84415,1.91955,0.0,0,0.334997,669.994,9.210440367,8.117005135,9.186151158,5.697630255,10.29854199,7.601402335,2025-11-03 05:38:35.641484,297.16,0,1,0,0,0.334997,0.334997,0.0,1.358688084,0,0.123671683,1,2000,0.335,4.880005,7.0,1.0,3,0,0.334997
605,1991-10-10,CA,734,561,2,0.0,1000,194.65,0.0,298283.36,3.0,3.0,1.0,1.0,0,0,0,155.0,129.0,11.23,11.23,262.0,102.13,26758.22,2022-03-14 07:45:00,10.0,1467,0.006816633,2800,Male,34,0,0.19465,1,1,2022-03-01,1,0.0,0.0,0.0006525674111,0.19465,106.5297714,0.06951785714,0.3571428571,1,1,0,0.0,0,657,262.0,11.23,9.556507143,1.09425,0.19465,1,0.19465,545.02,6.908754779,5.276327349,12.60580254,2.50389195,10.19463437,7.937731775,2025-11-03 05:37:35.641484,11.23,0,1,0,0,0.19465,0.19465,20.3918774,0.9805240639,0,0.1799254842,1,2800,0.0,106.5297714,3.0,1.0,2,1,0.19465
606,1995-05-21,MO,507,625,2,0.0,30000,7697.94,0.2566,17935.07,9.0,3.0,2.0,0.0,0,0,0,85.0,63.0,159.86,159.86,262.0,98.47,25800.39,2023-11-07 22:43:00,0.0,1190,0.0,2100,Female,30,0,0.256598,0,1,2023-11-01,0,0.0,0.0,0.4292115949,0.256598,8.540509524,3.665685714,14.28571429,1,1,0,0.0,0,53,262.0,159.86,12.2859,1.406714286,0.256598,2,0.256598,538.8558,10.30898599,8.948837936,9.794569048,5.080534421,10.15818365,7.650168701,2025-11-03 05:37:35.641484,159.86,0,1,0,0,0.256598,0.256598,20.3918774,1.159752395,0,0.1739627461,1,2100,0.2566,8.540509524,9.0,2.0,2,1,0.256598
607,2001-04-24,NY,702,651,2,1.0,30000,14437.58,0.4813,19003.86,5.0,2.0,2.0,1.0,0,0,0,170.0,164.0,942.95,942.95,237.0,102.44,24278.16,2022-11-11 21:21:00,7.0,960,0.007291667,3400,Female,24,0,0.481252667,1,1,2022-11-01,1,0.5,2500.0,0.4889038178,0.481252667,5.589370588,4.246347059,8.823529412,1,1,0,2.0,0,414,237.0,942.95,7.140635294,0.9038823529,0.481252667,2,0.481252667,1636.259068,10.30898599,9.57765907,9.852450015,6.850073199,10.09737365,8.131824785,2025-11-03 05:38:35.641484,942.95,0,1,0,0,0.4812526667,0.4812526667,19.3918774,1.280484085,0,0.2279415845,0,3400,0.4813,5.589370588,5.0,2.0,2,1,0.481252667
608,2002-08-06,TN,502,506,2,0.0,1000,986.98,0.0,17910.23,8.0,3.0,0.0,0.0,0,0,0,128.0,99.5,1120.67,1120.67,224.0,209.55,46939.83,2022-11-11 21:27:00,15.0,1796,0.008351893,2900,Female,23,0,0.98698,1,1,2022-11-01,0,0.0,0.0,0.05510705334,0.98698,6.175941379,0.340337931,0.3448275862,1,1,0,0.0,0,414,224.0,1120.67,16.18614828,2.167758621,0.5846375,0,0.98698,2862.242,6.908754779,6.895662455,9.793183169,7.164643036,10.75664315,7.972810784,2025-11-03 05:37:35.641484,1120.67,0,1,0,0,0.98698,0.98698,20.3918774,1.343785544,0,0.2748734528,0,2900,0.0,6.175941379,8.0,0.0,2,1,0.98698
609,1989-03-27,OH,560,728,2,1.0,5000,3062.51,0.6125,8473.27,2.0,3.0,1.0,2.0,0,0,0,106.0,103.0,70.31,70.31,233.0,122.83,28620.37,2023-06-29 12:17:00,10.0,1648,0.006067961,3200,Female,36,0,0.612502,1,1,2023-06-01,0,0.5,2500.0,0.3614318911,0.612502,2.647896875,0.957034375,1.5625,1,1,0,1.0,0,184,233.0,70.31,8.943865625,1.15153125,0.5846375,1,0.612502,1960.0064,8.517393171,8.027316596,9.044789793,4.26703657,10.26190892,8.07121854,2025-11-03 05:39:35.641484,70.31,0,1,0,0,0.612502,0.612502,18.3918774,1.214904098,0,0.2933114442,1,3200,0.6125,2.647896875,2.0,1.0,2,1,0.612502
61,1991-04-04,FL,527,593,3,1.0,1000,908.33,0.0,155479.78,9.0,2.0,1.0,1.0,1,449,0,151.0,97.0,180.37,180.37,249.0,105.25,26207.32,2023-05-17 17:50:00,9.0,1219,0.007383101,2600,Male,34,0,0.90833,1,0,2023-05-01,0,0.3333333333,1000.0,0.005842110144,0.90833,59.79991538,0.3493576923,0.3846153846,1,1,0,1.0,0,227,249.0,180.37,10.07973846,1.214423077,0.0,0,0.90833,2361.658,6.908754779,6.812708065,11.9542774,5.200539144,10.1738322,7.863651265,2025-11-03 05:39:35.641484,180.37,0,1,0,0,0.90833,0.90833,0.0,1.241187724,0,0.1600586664,0,2600,0.0,59.79991538,9.0,1.0,3,0,0.90833
610,1967-10-23,FL,516,707,3,0.0,30000,20848.4875,0.7993,29107.67,9.0,3.0,0.0,1.0,0,0,0,137.0,90.3,176.65,176.65,216.0,154.12,33290.63,2023-03-02 20:14:00,0.0,1434,0.0,2500,Male,58,0,0.799316,0,0,2023-03-01,0,0.0,0.0,0.4889038178,0.799316,11.643068,6.45558796,12.0,1,1,0,0.0,0,303,216.0,176.65,13.316252,1.84944,0.0,0,0.799316,1998.29,10.30898599,10.08499545,10.27879135,5.179815322,10.41306129,7.824445931,2025-11-03 05:36:35.641484,176.65,0,1,0,0,0.799316,0.799316,0.0,1.290446991,0,0.2053437233,0,2500,0.7993,11.643068,9.0,0.0,3,0,0.799316
611,1977-01-15,NC,694,646,3,0.0,0,0.0,0.0,84037.4,10.0,3.0,1.0,0.0,0,0,0,140.0,81.7,195.47,195.47,226.0,185.48,41917.37,2022-12-20 17:30:00,0.0,1155,0.0,3400,Female,48,0,0.49068525,0,0,2022-12-01,1,0.0,0.0,0.0,0.49068525,24.71688235,0.0,0.0,1,1,0,0.0,0,375,226.0,195.47,12.32863824,1.636588235,0.0,0,0.477859,1590.507672,2.416580621,1.973596521,11.33902912,5.280509748,10.64347943,8.131824785,2025-11-03 05:38:35.641484,195.47,0,1,0,0,0.0,0.0,0.0,1.271636902,0,0.2471628542,1,3400,0.0,24.71688235,10.0,1.0,3,0,0.49068525
612,1991-03-14,AZ,536,596,4,1.0,31000,20848.4875,0.6787,27968.71,11.0,3.0,1.0,0.0,0,0,0,163.0,128.2,251.86,251.86,215.0,123.61,26576.13,2022-09-15 18:22:00,0.0,1398,0.0,2600,Female,34,0,0.678700645,0,0,2022-09-01,0,0.25,2500.0,0.4889038178,0.678700645,10.75719615,6.45558796,11.92307692,1,1,0,1.0,0,471,215.0,251.86,10.22158846,1.426269231,0.0,0,0.678700645,1764.621677,10.34177474,9.954214887,10.23887742,5.532835976,10.18780635,7.863651265,2025-11-03 05:37:35.641484,251.86,0,1,0,0,0.6787006452,0.6787006452,0.0,1.365468668,0,0.2074101889,1,2600,0.6787,10.75719615,11.0,1.0,4,0,0.678700645
613,1991-09-25,WI,601,582,2,0.0,10000,6692.18,0.6692,42039.03,4.0,2.0,0.0,2.5,1,1445,0,165.0,96.5,57.46,57.46,253.0,124.67,31540.37,2022-10-24 11:12:00,0.0,1309,0.0,3100,Male,34,0,0.669218,0,1,2022-10-01,0,0.0,0.0,0.1591896863,0.669218,13.56097742,2.158767742,3.225806452,1,1,0,0.0,0,433,253.0,57.46,10.1743129,1.206483871,0.5846375,0,0.669218,2074.5758,9.210440367,8.808844377,10.64637754,4.06834276,10.3590553,8.039479919,2025-11-03 05:38:35.641484,57.46,0,1,0,0,0.669218,0.669218,19.3918774,1.151981855,0,0.2439226638,1,3100,0.6692,13.56097742,4.0,0.0,2,1,0.669218
614,1995-12-24,NY,592,721,2,1.0,0,0.0,0.0,110506.26,8.0,3.0,0.0,2.0,0,0,0,157.0,93.0,96.72,96.72,248.0,136.21,33780.63,2022-12-22 10:36:00,12.0,786,0.015267176,3300,Female,29,0,0.49068525,1,1,2022-12-01,0,0.5,0.0,0.0,0.49068525,33.48674545,0.0,0.0,1,1,0,0.0,0,374,248.0,96.72,10.23655455,1.238272727,0.0,0,0.477859,1590.507672,2.416580621,1.973596521,11.6128365,4.582106246,10.42767244,8.101980732,2025-11-03 05:39:35.641484,96.72,0,1,0,0,0.0,0.0,18.3918774,1.216943499,0,0.2177384377,0,3300,0.0,33.48674545,8.0,0.0,2,1,0.49068525
615,1973-09-07,IN,507,554,3,0.0,2000,770.63,0.3853,132400.61,8.0,3.0,2.0,1.0,0,0,0,186.0,128.0,282.94,282.94,261.0,98.63,25742.08,2023-05-29 00:55:00,0.0,782,0.0,2700,Female,52,0,0.385315,0,0,2023-05-01,0,0.0,0.0,0.005820441462,0.385315,49.03726296,0.2854185185,0.7407407407,1,1,0,0.0,0,216,261.0,282.94,9.534103704,1.095888889,0.0,0,0.385315,1040.3505,7.601402335,6.648505161,11.79359508,5.648762948,10.15592113,7.901377354,2025-11-03 05:36:35.641484,282.94,0,1,0,0,0.385315,0.385315,0.0,1.228728941,0,0.1954913095,1,2700,0.3853,49.03726296,8.0,2.0,3,0,0.385315
616,1985-11-16,TN,792,571,3,1.0,1000,316.75,0.3167,236264.75,8.0,3.0,1.0,1.0,0,0,0,180.0,124.0,601.38,601.38,202.0,194.16,39221.23,2022-06-03 21:18:00,15.0,1180,0.012711864,4900,Female,39,0,0.31675,1,0,2022-06-01,1,0.3333333333,1000.0,0.001340657038,0.31675,48.21729592,0.06464285714,0.2040816327,1,1,0,1.0,0,575,202.0,601.38,8.004332653,1.188734694,0.0,0,0.31675,1552.075,6.908754779,5.76126491,12.37271251,6.400888475,10.57699896,8.497194545,2025-11-03 05:37:35.641484,601.38,0,1,0,0,0.31675,0.31675,0.0,1.27345246,0,0.1052163125,1,4900,0.3167,48.21729592,8.0,1.0,3,0,0.31675
617,1989-06-06,MA,671,714,2,0.0,1000,203.5,0.0,44326.59,2.0,3.0,1.0,1.0,0,0,0,138.0,112.5,305.91,305.91,225.0,148.7,33457.71,2022-07-23 06:43:00,0.0,1529,0.0,2700,Male,36,0,0.2035,0,1,2022-07-01,1,0.0,0.0,0.004590923868,0.2035,16.41725556,0.07537037037,0.3703703704,1,1,0,0.0,0,526,225.0,305.91,12.39174444,1.652222222,0.2035,1,0.2035,549.45,6.908754779,5.320567975,10.69936256,5.726554545,10.41806742,7.901377354,2025-11-03 05:39:35.641484,305.91,0,1,0,0,0.2035,0.2035,18.3918774,1.355867533,0,0.2293955109,1,2700,0.0,16.41725556,2.0,1.0,2,1,0.2035
618,1999-06-18,VA,663,583,4,1.0,30000,20848.4875,0.9298,500318.49,12.0,3.0,1.0,1.0,0,0,0,172.0,114.8,35.31,35.31,237.0,188.55,44686.93,2023-02-15 04:46:00,15.0,935,0.016042781,3800,Male,26,0,0.929823667,1,0,2023-02-01,0,0.25,2500.0,0.05575390588,0.929823667,131.6627605,6.45558796,7.894736842,1,1,0,1.0,0,319,237.0,35.31,11.75971842,1.488552632,0.0,0,0.929823667,3533.329935,10.30898599,10.23622819,13.12300215,3.592093185,10.70745872,8.243019469,2025-11-03 05:39:35.641484,35.31,0,1,0,0,0.9298236667,0.9298236667,0.0,1.141460177,0,0.2492321399,1,3800,0.9298,131.6627605,12.0,1.0,4,0,0.929823667
619,1981-10-16,AZ,545,771,2,2.0,1000,872.46,0.8725,3813.16,8.0,3.0,1.0,2.0,0,0,0,94.0,56.0,194.2,194.2,236.0,195.39,46111.05,2023-01-08 09:57:00,0.0,373,0.0,3000,Female,44,0,0.87246,0,1,2023-01-01,0,0.8333333333,500.0,0.2288023581,0.87246,1.271053333,0.29082,0.3333333333,1,1,0,0.5,0,357,236.0,194.2,15.37035,1.9539,0.5846375,1,0.87246,2617.38,6.908754779,6.772462336,8.246475736,5.274024674,10.73882958,8.006700845,2025-11-03 05:36:35.641484,194.2,0,1,0,0,0.87246,0.87246,21.3918774,1.266893315,0,0.09637889205,1,3000,0.8725,1.271053333,8.0,1.0,2,1,0.87246
62,1992-06-14,MI,649,664,4,2.0,30000,17436.98,0.5812,102386.6,12.0,3.0,1.0,0.0,0,0,0,183.0,81.2,1120.67,1120.67,242.0,128.08,30996.09,2022-04-17 13:08:00,16.0,2160,0.007407407,2700,Female,33,0,0.581232667,1,0,2022-04-01,0,0.5,2500.0,0.1703052939,0.581232667,37.92096296,6.45558796,11.11111111,1,1,0,0.5,0,622,242.0,1120.67,11.48003333,1.423111111,0.0,0,0.581232667,1569.328201,10.30898599,9.766405865,11.53652089,7.868633069,10.34164861,7.901377354,2025-11-03 05:37:35.641484,1120.67,0,1,0,0,0.5812326667,0.5812326667,0.0,1.322381603,0,0.1560199929,0,2700,0.5812,37.92096296,12.0,1.0,4,0,0.581232667
620,1980-05-18,GA,623,536,2,0.0,1000,538.36,0.0,11301.88,7.0,3.0,1.0,0.0,0,0,0,120.0,99.5,657.7,657.7,232.0,110.61,25662.67,2022-08-16 07:00:00,0.0,1298,0.0,3700,Male,45,0,0.53836,0,1,2022-08-01,0,0.0,0.0,0.04763455284,0.53836,3.054562162,0.1455027027,0.2702702703,1,1,0,0.0,0,502,232.0,657.7,6.935856757,0.8968378378,0.53836,1,0.53836,1991.932,6.908754779,6.290383251,9.332812839,6.490268196,10.15283165,8.216358332,2025-11-03 05:39:35.641484,657.7,0,1,0,0,0.53836,0.53836,18.3918774,1.351289033,0,0.2749910571,0,3700,0.0,3.054562162,7.0,1.0,2,1,0.53836
621,1979-05-25,GA,714,567,2,0.0,40000,20848.4875,0.7015,28061.07,4.0,3.0,0.0,1.0,0,0,0,70.0,44.5,747.27,747.27,214.0,137.84,29498.14,2022-10-12 04:02:00,0.0,1327,0.0,3100,Female,46,0,0.70152675,0,1,2022-10-01,1,0.0,0.0,0.4889038178,0.70152675,9.051958065,6.45558796,12.90322581,1,1,0,0.0,0,445,214.0,747.27,9.515529032,1.333935484,0.5846375,0,0.70152675,2174.732925,10.59665973,10.24217412,10.24217412,6.617763875,10.29211639,8.039479919,2025-11-03 05:38:35.641484,747.27,0,1,0,0,0.70152675,0.70152675,19.3918774,1.347452001,0,0.1263056973,1,3100,0.7015,9.051958065,4.0,0.0,2,1,0.70152675
622,1978-12-23,CO,592,789,4,0.0,1000,515.8,0.0,197794.37,8.0,3.0,1.0,0.0,0,0,0,147.0,90.0,59.53,59.53,204.0,142.02,28972.88,2022-09-01 03:39:00,0.0,1316,0.0,2500,Female,46,0,0.5158,0,0,2022-09-01,0,0.0,0.0,0.002607758755,0.5158,79.117748,0.20632,0.4,1,1,0,0.0,0,486,204.0,59.53,11.589152,1.70424,0.0,0,0.5158,1289.5,6.908754779,6.247655952,12.19498829,4.10313911,10.27415001,7.824445931,2025-11-03 05:38:35.641484,59.53,0,1,0,0,0.5158,0.5158,0.0,1.157883895,0,0.2068890786,0,2500,0.0,79.117748,8.0,1.0,4,0,0.5158
623,1985-08-12,IN,793,775,4,1.0,40000,20848.4875,0.7131,34298.48,13.0,3.0,0.0,1.0,0,0,0,110.0,52.8,85.59,85.59,249.0,128.95,32107.5,2023-06-03 09:33:00,7.0,1072,0.006529851,3500,Female,40,0,0.713147,1,0,2023-06-01,1,0.25,2500.0,0.4889038178,0.713147,9.799565714,6.45558796,11.42857143,1,1,0,0.0,0,211,249.0,85.59,9.173571429,1.105285714,0.0,0,0.713147,2496.0145,10.59665973,10.25860208,10.44288547,4.461184335,10.37687607,8.160803921,2025-11-03 05:38:35.641484,85.59,0,1,0,0,0.713147,0.713147,0.0,1.199225745,0,0.2622683105,0,3500,0.7131,9.799565714,13.0,0.0,4,0,0.713147
624,1982-05-04,MO,524,747,3,1.0,1000,898.05,0.898,107933.33,2.0,2.0,1.0,1.0,0,0,0,122.0,111.7,53.9,53.9,248.0,148.32,36783.58,2022-02-11 09:20:00,0.0,594,0.0,2900,Female,43,0,0.89805,0,0,2022-02-01,0,0.3333333333,1000.0,0.008320414093,0.89805,37.21838966,0.3096724138,0.3448275862,1,1,0,1.0,0,688,248.0,53.9,12.6839931,1.534344828,0.0,0,0.89805,2604.345,6.908754779,6.80133865,11.58927827,4.005513349,10.51283401,7.972810784,2025-11-03 05:38:35.641484,53.9,0,1,0,0,0.89805,0.89805,0.0,1.173601202,0,0.232736033,1,2900,0.898,37.21838966,2.0,1.0,3,0,0.89805
625,1999-07-13,VA,590,716,3,1.0,5000,4694.94,0.939,226010.83,7.0,2.0,2.5,0.0,0,0,0,139.0,124.3,147.64,147.64,218.0,166.21,36233.86,2022-05-14 06:26:00,0.0,378,0.0,2700,Female,26,0,0.938988,0,0,2022-05-01,0,0.3333333333,2500.0,0.02077307534,0.938988,83.70771481,1.738866667,1.851851852,1,1,1,3.0,0,596,218.0,147.64,13.41994815,1.846777778,0.0,0,0.938988,2535.2676,8.517393171,8.454453585,12.32834262,5.001527275,10.49777692,7.901377354,2025-11-03 05:37:35.641484,147.64,0,1,0,0,0.938988,0.938988,0.0,1.25658026,0,0.2094517425,0,2700,0.939,83.70771481,7.0,2.5,3,0,0.938988
626,1974-05-02,GA,487,606,2,0.0,0,0.0,0.0,438055.89,6.0,2.0,1.0,0.0,0,0,0,159.0,143.5,86.98,86.98,235.0,176.94,41579.91,2022-05-27 01:40:00,0.0,1084,0.0,3600,Male,51,0,0.49068525,0,1,2022-05-01,0,0.0,0.0,0.0,0.49068525,121.6821917,0.0,0.0,1,1,0,0.0,0,583,235.0,86.98,11.549975,1.4745,0.0,1,0.477859,1590.507672,2.416580621,1.973596521,12.99010407,4.477109516,10.63539645,8.188966864,2025-11-03 05:36:35.641484,86.98,0,1,0,0,0.0,0.0,21.3918774,1.207611373,0,0.1716581192,1,3600,0.0,121.6821917,6.0,1.0,2,1,0.49068525
627,1970-06-15,NJ,647,776,4,2.0,2000,1040.07,0.52,496541.17,6.0,3.0,0.0,1.0,0,0,0,163.0,99.0,1120.67,1120.67,244.0,111.64,27240.22,2022-06-16 12:08:00,0.0,946,0.0,3300,Male,55,0,0.520035,0,0,2022-06-01,0,0.5,1000.0,0.002094629938,0.520035,150.4670212,0.3151727273,0.6060606061,1,1,0,0.0,0,562,244.0,1120.67,8.254612121,1.014909091,0.0,0,0.520035,1716.1155,7.601402335,6.948004309,13.11542369,7.586083195,10.21248655,8.101980732,2025-11-03 05:36:35.641484,1120.67,0,1,0,0,0.520035,0.520035,0.0,1.283785166,0,0.1904190167,1,3300,0.52,150.4670212,6.0,0.0,4,0,0.520035
628,1995-04-07,IN,782,773,3,1.0,0,0.0,0.0,121000.65,6.0,3.0,1.0,1.0,1,811,0,105.0,71.0,215.78,215.78,227.0,134.18,30458.0,2023-07-20 03:21:00,0.0,764,0.0,3200,Male,30,0,0.49068525,0,0,2023-07-01,1,0.3333333333,0.0,0.0,0.49068525,37.81270313,0.0,0.0,1,1,0,1.0,0,164,227.0,215.78,9.518125,1.2579375,0.0,0,0.477859,1590.507672,2.416580621,1.973596521,11.70355946,5.378883014,10.3241368,8.07121854,2025-11-03 05:38:35.641484,215.78,0,1,0,0,0.0,0.0,0.0,1.335205564,0,0.2107702817,0,3200,0.0,37.81270313,6.0,1.0,3,0,0.49068525
629,1982-09-23,NJ,693,500,2,0.0,20000,10301.91,0.5151,19410.46,11.0,3.0,0.0,0.0,0,0,0,170.0,130.0,156.71,156.71,239.0,129.96,31059.95,2022-08-10 21:11:00,0.0,907,0.0,2500,Male,43,0,0.5150955,0,1,2022-08-01,1,0.0,0.0,0.4889038178,0.5150955,7.764184,4.120764,8.0,1,1,0,0.0,0,507,239.0,156.71,12.42398,1.55952,0.5150955,0,0.5150955,1287.73875,9.903537551,9.240181659,9.873618892,5.060757903,10.34370668,7.824445931,2025-11-03 05:39:35.641484,156.71,0,1,0,0,0.5150955,0.5150955,18.3918774,1.282665334,0,0.241761733,1,2500,0.5151,7.764184,11.0,0.0,2,1,0.5150955
63,1994-12-02,FL,591,767,2,0.0,20000,5397.21,0.2699,51714.42,0.0,0.5,0.0,0.0,0,0,1,176.0,170.5,139.2,139.2,208.0,174.54,36305.21,2023-06-08 01:44:00,0.0,2184,0.0,3700,Male,30,0,0.2698605,0,1,2023-06-01,0,0.0,0.0,0.1043656682,0.2698605,13.97687027,1.458705405,5.405405405,0,0,0,0.0,0,206,208.0,139.2,9.812218919,1.415189189,0.2698605,0,0.2698605,998.48385,9.903537551,8.593822696,10.85351128,4.943069975,10.49974408,8.216358332,2025-11-03 05:38:35.641484,139.2,0,1,0,0,0.2698605,0.2698605,19.3918774,1.20546163,0,0.1291292552,1,3700,0.2699,13.97687027,0.0,0.0,2,1,0.2698605
630,1973-02-20,MO,738,697,3,0.0,48500,20848.4875,0.6672,43948.53,9.0,3.0,2.5,0.0,0,0,0,159.0,137.7,1120.67,1120.67,239.0,149.33,35690.64,2023-04-17 13:13:00,0.0,867,0.0,3900,Female,52,0,0.667241667,0,0,2023-04-01,1,0.0,0.0,0.4889038178,0.667241667,11.26885385,6.45558796,15.38461538,1,1,1,0.0,0,257,239.0,1120.67,9.151446154,1.148692308,0.0,0,0.667241667,2602.242501,11.00211651,10.59752184,10.69079721,7.591028876,10.48267177,8.26898821,2025-11-03 05:36:35.641484,1120.67,0,1,0,0,0.6672416667,0.6672416667,0.0,1.350009676,0,0.2924204629,1,3900,0.6672,11.26885385,9.0,2.5,3,0,0.667241667
631,1980-04-02,TN,725,711,4,0.0,2000,110.56,0.0553,316205.69,8.0,3.0,0.0,1.0,1,1596,0,115.0,75.0,1120.67,1120.67,220.0,165.26,36357.54,2023-01-25 01:52:00,22.5,1350,0.017037037,2700,Female,45,0,0.05528,1,0,2023-01-01,1,0.0,0.0,0.0003496458271,0.05528,117.1132185,0.04094814815,0.7407407407,1,1,0,0.0,0,340,220.0,1120.67,13.46575556,1.836222222,0.0,0,0.05528,149.256,7.601402335,4.714562563,12.66415136,7.652987191,10.50118439,7.901377354,2025-11-03 05:38:35.641484,1120.67,0,1,0,0,0.05528,0.05528,0.0,1.326575379,0,0.2321054502,1,2700,0.0553,117.1132185,8.0,0.0,4,0,0.05528
632,1979-11-08,NY,603,765,3,0.0,1000,941.22,0.0,12170.39,7.0,3.0,1.0,2.0,0,0,0,134.0,105.7,226.88,226.88,210.0,144.48,30340.95,2022-01-25 19:10:00,8.0,975,0.008205128,3400,Female,45,0,0.94122,1,0,2022-01-01,0,0.0,0.0,0.07733688074,0.94122,3.579526471,0.2768294118,0.2941176471,1,1,0,0.0,0,704,210.0,226.88,8.923808824,1.274823529,0.0,0,0.94122,3200.148,6.908754779,6.848238793,9.406843395,5.428819175,10.32028652,8.131824785,2025-11-03 05:37:35.641484,226.88,0,1,0,0,0.94122,0.94122,0.0,1.318913871,0,0.1005154853,1,3400,0.0,3.579526471,7.0,1.0,3,0,0.94122
633,1971-07-11,CO,688,547,3,1.0,20000,3816.51,0.1908,315825.33,14.0,3.0,0.0,0.0,0,0,0,182.0,135.7,1120.67,1120.67,225.0,142.13,31978.98,2023-10-16 18:30:00,0.0,1020,0.0,2900,Female,54,0,0.1908255,0,0,2023-10-01,1,0.3333333333,2500.0,0.01208424289,0.1908255,108.9052862,1.316037931,6.896551724,1,1,0,0.0,0,75,225.0,1120.67,11.02723448,1.470310345,0.0,0,0.1908255,553.39395,9.903537551,8.247353657,12.66294775,7.096158306,10.37286536,7.972810784,2025-11-03 05:38:35.641484,1120.67,0,1,0,0,0.1908255,0.1908255,0.0,1.319890486,0,0.2603308947,1,2900,0.1908,108.9052862,14.0,0.0,3,0,0.1908255
634,1971-11-25,IL,631,526,2,0.0,31000,3095.15,0.0998,3095.15,6.0,2.0,0.0,0.0,0,0,0,33.5,18.0,1120.67,1120.67,227.0,137.0,31099.46,2023-08-23 05:55:00,18.0,757,0.01942862,3300,Female,53,0,0.099843548,1,1,2023-08-01,0,0.0,0.0,0.4889038178,0.099843548,0.9379242424,0.9379242424,9.393939394,1,1,0,0.0,0,130,227.0,1120.67,9.424078788,1.245454545,0.099843548,0,0.0,329.4837084,10.34177474,8.037914683,8.037914683,7.599556554,10.34497789,8.101980732,2025-11-03 05:38:35.641484,1120.67,0,1,0,0,0.09984354839,0.09984354839,19.3918774,1.317340246,0,0.1834461891,1,3300,0.0998,0.9379242424,6.0,0.0,2,1,0.099843548
635,1965-09-06,MI,725,562,4,0.0,1000,258.85,0.0,155791.48,15.0,3.0,0.0,0.0,0,0,0,153.0,128.0,295.76,295.76,252.0,122.24,30805.68,2023-05-19 04:57:00,5.0,1449,0.003450656,3500,Female,60,0,0.25885,1,0,2023-05-01,1,0.0,0.0,0.001661515765,0.25885,44.51185143,0.07395714286,0.2857142857,1,1,0,0.0,0,226,252.0,295.76,8.801622857,1.047771429,0.0,0,0.25885,905.975,6.908754779,5.560104541,11.95628014,5.692923731,10.33548683,8.160803921,2025-11-03 05:39:35.641484,295.76,0,1,0,0,0.25885,0.25885,0.0,1.31146991,0,0.2512657284,0,3500,0.0,44.51185143,15.0,0.0,4,0,0.25885
636,1995-08-21,AZ,772,712,3,1.0,10000,2057.75,0.2058,8518.17,9.0,3.0,1.0,1.0,0,0,0,173.0,71.3,57.71,57.71,253.0,91.14,23057.55,2022-07-04 14:03:00,9.0,564,0.015957447,4300,Male,30,0,0.205775,1,0,2022-07-01,1,0.3333333333,2500.0,0.24157184,0.205775,1.980969767,0.4785465116,2.325581395,1,1,0,1.0,0,544,253.0,57.71,5.36222093,0.6358604651,0.0,0,0.205775,884.8325,9.210440367,7.629854281,9.050074197,4.07261007,10.04579191,8.366602833,2025-11-03 05:38:35.641484,57.71,0,1,0,0,0.205775,0.205775,0.0,1.050744385,0,0.2315006779,1,4300,0.2058,1.980969767,9.0,1.0,3,0,0.205775
637,1983-06-10,NY,550,574,3,1.0,0,0.0,0.0,437233.03,10.0,3.0,0.0,0.0,0,0,0,133.0,54.7,51.34,51.34,221.0,218.84,48364.65,2023-01-20 09:23:00,11.0,1128,0.009751773,2100,Male,42,0,0.49068525,1,0,2023-01-01,0,0.3333333333,0.0,0.0,0.49068525,183.5765946,0.0,0.0,1,1,0,0.0,0,345,221.0,51.34,18.8428536,2.50213838,0.0,0,0.477859,1590.507672,2.416580621,1.973596521,12.98822387,3.957760897,10.78654513,7.650168701,2025-11-03 05:38:35.641484,51.34,0,1,0,0,0.0,0.0,0.0,1.109803407,0,0.1933777231,1,2100,0.0,183.5765946,10.0,0.0,3,0,0.49068525
638,1970-11-19,OH,800,480,3,1.0,5000,1958.52,0.3917,235691.61,8.0,2.0,1.0,1.0,0,0,0,133.0,94.0,1120.67,1120.67,228.0,170.73,38925.35,2022-04-22 02:25:00,0.0,990,0.0,4900,Female,54,0,0.391704,0,0,2022-04-01,1,0.3333333333,2500.0,0.008309672118,0.391704,48.10032857,0.3996979592,1.020408163,1,1,0,1.0,0,618,228.0,1120.67,7.94394898,1.045285714,0.0,0,0.391704,1919.3496,8.517393171,7.580454824,12.37028374,7.258538903,10.56942668,8.497194545,2025-11-03 05:38:35.641484,1120.67,0,1,0,0,0.391704,0.391704,0.0,1.348838296,0,0.1668304494,1,4900,0.3917,48.10032857,8.0,1.0,3,0,0.391704
639,1999-12-24,NY,677,751,4,0.0,30000,14106.68,0.4702,344731.94,11.0,3.0,1.0,0.0,0,0,0,165.0,106.2,32.29,32.29,220.0,192.55,42361.98,2022-04-05 05:20:00,0.0,963,0.0,3400,Female,25,0,0.470222667,0,0,2022-04-01,1,0.0,0.0,0.04092072234,0.470222667,101.3917471,4.149023529,8.823529412,1,1,0,0.0,0,635,220.0,32.29,12.45940588,1.698970588,0.0,0,0.470222667,1598.757068,10.30898599,9.554474609,12.75052531,3.505257052,10.65403015,8.131824785,2025-11-03 05:36:35.641484,32.29,0,1,0,0,0.4702226667,0.4702226667,0.0,1.10708663,0,0.1386744047,1,3400,0.4702,101.3917471,11.0,1.0,4,0,0.470222667
64,1968-07-24,NC,538,708,3,0.0,20000,14639.96,0.732,46684.85,7.0,3.0,0.0,0.0,0,0,0,144.0,116.3,235.47,235.47,216.0,166.33,35927.6,2022-08-25 06:08:00,9.0,600,0.015,2500,Female,57,0,0.731998,1,0,2022-08-01,0,0.0,0.0,0.31359124,0.731998,18.67394,5.855984,8.0,1,1,0,0.0,0,493,216.0,235.47,14.37104,1.99596,0.0,0,0.731998,1829.995,9.903537551,9.591578359,10.7511964,5.46582135,10.48928891,7.824445931,2025-11-03 05:38:35.641484,235.47,0,1,0,0,0.731998,0.731998,0.0,1.301857661,0,0.1653851094,1,2500,0.732,18.67394,7.0,0.0,3,0,0.731998
640,1976-07-27,WA,631,618,4,2.0,20000,17703.43,0.8852,420320.54,11.0,3.0,0.0,2.5,0,0,0,176.0,104.8,1120.67,1120.67,217.0,163.73,35528.85,2022-06-22 07:38:00,14.0,1009,0.013875124,3400,Male,49,0,0.8851715,1,0,2022-06-01,0,0.5,2500.0,0.04211887908,0.8851715,123.6236882,5.206891176,5.882352941,1,1,0,0.0,0,557,217.0,1120.67,10.44966176,1.444676471,0.0,0,0.8851715,3009.5831,9.903537551,9.78157017,12.94877527,7.850699626,10.47812847,8.131824785,2025-11-03 05:38:35.641484,1120.67,0,1,0,0,0.8851715,0.8851715,0.0,1.315912522,0,0.2193045182,1,3400,0.8852,123.6236882,11.0,0.0,4,0,0.8851715
641,1967-07-26,CO,521,508,3,0.0,2000,497.64,0.2488,179667.63,3.0,2.0,1.0,2.0,0,0,0,110.0,63.0,419.28,419.28,229.0,138.85,31795.84,2023-07-21 09:37:00,11.0,760,0.014473684,2900,Male,58,0,0.24882,1,0,2023-07-01,0,0.0,0.0,0.002769781067,0.24882,61.95435517,0.1716,0.6896551724,1,1,0,0.0,0,163,229.0,419.28,10.96408276,1.43637931,0.0,0,0.24882,721.578,7.601402335,6.211884393,12.09886949,6.040921156,10.36712219,7.972810784,2025-11-03 05:37:35.641484,419.28,0,1,0,0,0.24882,0.24882,0.0,1.380751883,0,0.1656784899,1,2900,0.2488,61.95435517,3.0,1.0,3,0,0.24882
642,1976-12-28,GA,506,676,3,0.0,2000,536.2,0.2681,335740.82,7.0,3.0,1.0,2.0,0,0,0,180.0,167.0,1120.67,1120.67,242.0,171.77,41567.59,2022-12-14 03:59:00,0.0,1920,0.0,3300,Female,48,0,0.2681,0,0,2022-12-01,0,0.0,0.0,0.00159706526,0.2681,101.7396424,0.1624848485,0.6060606061,1,1,0,0.0,0,382,242.0,1120.67,12.59623939,1.561545455,0.0,0,0.2681,884.73,7.601402335,6.286370465,12.72409775,7.86856038,10.63510011,8.101980732,2025-11-03 05:37:35.641484,1120.67,0,1,0,0,0.2681,0.2681,0.0,1.368075369,0,0.245250143,1,3300,0.2681,101.7396424,7.0,1.0,3,0,0.2681
643,1967-01-10,MO,718,667,4,0.0,6000,4937.77,0.823,25535.47,12.0,3.0,0.0,0.0,0,0,0,140.0,76.8,52.06,52.06,225.0,219.73,49438.7,2023-10-25 12:19:00,12.0,1117,0.010743062,3100,Male,58,0,0.822961667,1,0,2023-10-01,1,0.0,0.0,0.1933690666,0.822961667,8.237248387,1.592829032,1.935483871,1,1,0,0.0,0,66,225.0,52.06,15.94796774,2.126419355,0.0,0,0.822961667,2551.181168,8.699681401,8.504871591,10.14786291,3.971423349,10.80850902,8.039479919,2025-11-03 05:39:35.641484,52.06,0,1,0,0,0.8229616667,0.8229616667,0.0,1.120446221,0,0.1733320965,1,3100,0.823,8.237248387,12.0,0.0,4,0,0.822961667
644,1971-06-10,MA,569,767,2,0.0,1000,892.37,0.0,28678.02,5.0,2.0,2.0,1.0,0,0,0,122.0,110.0,208.25,208.25,221.0,168.94,37335.0,2022-07-17 22:06:00,0.0,984,0.0,2600,Male,54,0,0.89237,0,1,2022-07-01,0,0.0,0.0,0.03111686232,0.89237,11.03000769,0.3432192308,0.3846153846,1,1,0,0.0,0,531,221.0,208.25,14.35961538,1.949307692,0.5846375,2,0.89237,2320.162,6.908754779,6.795000829,10.26392112,5.343529709,10.52771329,7.863651265,2025-11-03 05:37:35.641484,208.25,0,1,0,0,0.89237,0.89237,20.3918774,1.293436213,0,0.2019806418,1,2600,0.0,11.03000769,5.0,2.0,2,1,0.89237
645,1999-09-16,IL,550,602,4,1.0,30000,20848.4875,0.9182,49098.81,16.0,3.0,0.0,1.0,0,0,0,188.0,88.2,378.31,378.31,224.0,132.65,29713.05,2022-10-04 13:02:00,0.0,931,0.0,2500,Female,26,0,0.918195333,0,0,2022-10-01,0,0.25,2500.0,0.4889038178,0.918195333,19.639524,6.45558796,12.0,1,1,0,0.0,0,452,224.0,378.31,11.88522,1.5918,0.0,0,0.918195333,2295.488333,10.30898599,10.22364383,10.80161044,5.938353813,10.29937528,7.824445931,2025-11-03 05:39:35.641484,378.31,0,1,0,0,0.9181953333,0.9181953333,0.0,1.380653882,0,0.2458410929,1,2500,0.9182,19.639524,16.0,0.0,4,0,0.918195333
646,1997-08-09,AZ,724,595,3,0.0,10000,470.94,0.0471,13249.63,9.0,3.0,0.0,1.0,0,0,0,104.0,51.7,1120.67,1120.67,226.0,126.55,28600.38,2023-07-24 04:15:00,16.0,1104,0.014492754,2600,Male,28,0,0.047094,1,0,2023-07-01,1,0.0,0.0,0.03554363405,0.047094,5.096011538,0.1811307692,3.846153846,1,1,0,0.0,0,160,226.0,1120.67,11.00014615,1.460192308,0.0,0,0.047094,122.4444,9.210440367,6.156851859,9.491800377,7.383691277,10.26121025,7.863651265,2025-11-03 05:36:35.641484,1120.67,0,1,0,0,0.047094,0.047094,0.0,1.296908276,0,0.1311232447,1,2600,0.0471,5.096011538,9.0,0.0,3,0,0.047094
647,1972-06-06,MA,660,737,2,0.0,1000,659.52,0.0,147220.25,6.0,3.0,0.0,0.0,0,0,0,162.0,110.0,219.69,219.69,249.0,98.84,24612.18,2022-07-26 22:51:00,16.0,640,0.01942862,3400,Male,53,0,0.65952,1,1,2022-07-01,0,0.0,0.0,0.004479818503,0.65952,43.30007353,0.1939764706,0.2941176471,1,1,0,0.0,0,522,249.0,219.69,7.238876471,0.8721176471,0.5846375,0,0.65952,2242.368,6.908754779,6.493027404,11.89969184,5.396759002,10.11103735,8.131824785,2025-11-03 05:38:35.641484,219.69,0,1,0,0,0.65952,0.65952,19.3918774,1.244978579,0,0.1949132184,0,3400,0.0,43.30007353,6.0,0.0,2,1,0.65952
648,1981-12-06,CA,621,512,4,2.0,1000,710.52,0.0,405224.97,12.0,2.0,2.0,1.0,0,0,0,187.0,110.5,258.51,258.51,232.0,100.5,23314.92,2022-03-04 23:23:00,7.0,1295,0.005405405,2900,Female,43,0,0.71052,1,0,2022-03-01,0,0.5,500.0,0.001753396391,0.71052,139.7327483,0.2450068966,0.3448275862,1,1,0,1.0,0,666,232.0,258.51,8.039627586,1.039655172,0.0,0,0.71052,2060.508,6.908754779,6.567403527,12.91220014,5.558795238,10.05689167,7.972810784,2025-11-03 05:36:35.641484,258.51,0,1,0,0,0.71052,0.71052,0.0,1.327324233,0,0.2757759708,1,2900,0.0,139.7327483,12.0,2.0,4,0,0.71052
649,1986-05-19,AZ,656,728,2,0.0,10000,9122.89,0.9123,442155.67,9.0,3.0,0.0,2.5,0,0,0,67.0,47.0,28.35,28.35,212.0,146.33,31022.09,2023-01-02 17:18:00,0.0,1050,0.0,3100,Female,39,0,0.912289,0,1,2023-01-01,0,0.0,0.0,0.02063275588,0.912289,142.6308613,2.942867742,3.225806452,1,1,0,0.0,0,362,212.0,28.35,10.00712581,1.416096774,0.5846375,0,0.912289,2828.0959,9.210440367,9.118651527,12.99941956,3.379292546,10.34248704,8.039479919,2025-11-03 05:39:35.641484,28.35,0,1,0,0,0.912289,0.912289,18.3918774,1.129571924,0,0.2536619884,0,3100,0.9123,142.6308613,9.0,0.0,2,1,0.912289
65,1971-04-07,AZ,794,500,3,1.0,1000,217.7,0.0,53863.48,7.0,3.0,2.5,0.0,0,0,0,136.0,52.0,52.71,52.71,217.0,136.34,29585.7,2022-04-22 21:42:00,0.0,1478,0.0,4200,Female,54,0,0.2177,0,0,2022-04-01,1,0.3333333333,1000.0,0.004041699497,0.2177,12.8246381,0.05183333333,0.2380952381,1,1,1,3.0,0,617,217.0,52.71,7.044214286,0.9738571429,0.0,0,0.2177,914.34,6.908754779,5.387700928,10.89422654,3.983599204,10.29508022,8.343077871,2025-11-03 05:39:35.641484,52.71,0,1,0,0,0.2177,0.2177,0.0,1.198025012,0,0.2375643324,0,4200,0.0,12.8246381,7.0,2.5,3,0,0.2177
650,1976-10-28,PA,720,711,4,1.0,20000,7012.31,0.3506,89034.08,10.0,3.0,1.0,0.0,0,0,0,101.0,60.5,297.67,297.67,249.0,129.53,32252.61,2023-01-31 18:48:00,18.0,716,0.01942862,2900,Male,48,0,0.3506155,1,0,2023-01-01,1,0.25,2500.0,0.07875984118,0.3506155,30.7014069,2.418037931,6.896551724,1,1,0,1.0,0,333,249.0,297.67,11.12158966,1.339965517,0.0,0,0.3506155,1016.78495,9.903537551,8.855565051,11.39678573,5.699339285,10.38138525,7.972810784,2025-11-03 05:38:35.641484,297.67,0,1,0,0,0.3506155,0.3506155,0.0,1.325236874,0,0.3271144178,1,2900,0.3506,30.7014069,10.0,1.0,4,0,0.3506155
651,1992-09-11,TX,513,714,4,1.0,1000,925.1,0.0,76802.75,8.0,3.0,0.0,0.0,0,0,0,125.0,88.5,70.28,70.28,204.0,218.79,44632.95,2023-06-14 18:21:00,0.0,879,0.0,2800,Male,33,0,0.9251,0,0,2023-06-01,0,0.25,1000.0,0.01204514161,0.9251,27.42955357,0.3303928571,0.3571428571,1,1,0,0.0,0,199,204.0,70.28,15.94033929,2.344178571,0.0,0,0.9251,2590.28,6.908754779,6.83098222,11.24900875,4.266615783,10.70625006,7.937731775,2025-11-03 05:36:35.641484,70.28,0,1,0,0,0.9251,0.9251,0.0,1.048980135,0,0.2374313007,0,2800,0.0,27.42955357,8.0,0.0,4,0,0.9251
652,1990-11-04,WA,521,571,4,0.0,2000,1145.77,0.5729,580391.195,13.0,3.0,1.0,0.0,0,0,0,159.0,111.2,150.14,150.14,228.0,139.25,31748.44,2023-08-24 12:11:00,0.0,838,0.0,2600,Male,34,0,0.572885,0,0,2023-08-01,0,0.0,0.0,0.001591898682,0.572885,183.5765946,0.4406807692,0.7692307692,1,1,0,0.0,0,128,228.0,150.14,12.21093846,1.606730769,0.0,0,0.572885,1489.501,7.601402335,7.044704574,13.4866614,5.01820656,10.36563037,7.863651265,2025-11-03 05:36:35.641484,150.14,0,1,0,0,0.572885,0.572885,0.0,1.29322282,0,0.1202700636,0,2600,0.5729,183.5765946,13.0,1.0,4,0,0.572885
653,1973-08-11,OH,519,564,2,0.0,1000,1000.0,0.0,158656.35,6.0,3.0,1.0,2.0,0,0,0,160.0,107.0,15.52,15.52,224.0,176.2,39468.26,2022-08-30 05:52:00,14.0,789,0.01774398,2900,Male,52,0,1.0,1,1,2022-08-01,0,0.0,0.0,0.006302930831,1.0,54.70908621,0.3448275862,0.3448275862,1,1,0,0.0,0,488,224.0,15.52,13.60974483,1.822758621,0.5846375,1,1.0,2900.0,6.908754779,6.908754779,11.97450212,2.804571768,10.58327742,7.972810784,2025-11-03 05:38:35.641484,15.52,0,1,0,0,1.0,1.0,19.3918774,1.100396897,0,0.2195585174,1,2900,0.0,54.70908621,6.0,1.0,2,1,1.0
654,1965-05-13,OH,537,734,3,1.0,0,0.0,0.0,20623.59,10.0,3.0,1.0,0.0,0,0,0,158.0,91.0,58.35,58.35,232.0,157.41,36519.96,2022-09-04 18:47:00,0.0,1489,0.0,3600,Male,60,0,0.49068525,0,0,2022-09-01,0,0.3333333333,0.0,0.0,0.49068525,5.728775,0.0,0.0,1,1,0,1.0,0,482,232.0,58.35,10.14443333,1.31175,0.0,0,0.477859,1590.507672,2.416580621,1.973596521,9.934239332,4.083452121,10.50564162,8.188966864,2025-11-03 05:37:35.641484,58.35,0,1,0,0,0.0,0.0,0.0,1.190452412,0,0.2091026851,0,3600,0.0,5.728775,10.0,1.0,3,0,0.49068525
655,1993-05-11,GA,584,630,4,0.0,30000,20848.4875,0.9723,80650.55,10.0,3.0,0.0,2.0,0,0,0,134.0,105.0,992.82,992.82,207.0,236.44625,52934.61,2022-07-13 03:29:00,0.0,801,0.0,2800,Female,32,0,0.972335667,0,0,2022-07-01,0,0.0,0.0,0.3616847002,0.972335667,28.80376786,6.45558796,10.71428571,1,1,0,0.0,0,536,207.0,992.82,18.8428536,2.50213838,0.0,0,0.972335667,2722.539868,10.30898599,10.28093274,11.2978933,6.901556104,10.87683155,7.937731775,2025-11-03 05:38:35.641484,992.82,0,1,0,0,0.9723356667,0.9723356667,0.0,1.276033436,0,0.2424845651,1,2800,0.9723,28.80376786,10.0,0.0,4,0,0.972335667
656,2002-12-19,CA,757,722,4,2.5,5000,3945.01,0.789,139452.09,12.0,3.0,0.0,0.0,0,0,0,131.0,97.5,1120.67,1120.67,213.0,117.56,25041.08,2022-01-23 16:54:00,9.0,1183,0.007607777,2900,Female,22,0,0.789002,1,0,2022-01-01,1,0.75,1666.666667,0.0282893573,0.789002,48.08692759,1.360348276,1.724137931,1,1,0,0.0,0,706,213.0,1120.67,8.634855172,1.216137931,0.0,0,0.789002,2288.1058,8.517393171,8.280460221,11.84548355,7.941452087,10.12831289,7.972810784,2025-11-03 05:39:35.641484,1120.67,0,1,0,0,0.789002,0.789002,0.0,1.23007909,0,0.1424182039,1,2900,0.789,48.08692759,12.0,0.0,4,0,0.789002
657,1981-11-12,OH,695,490,2,0.0,20000,10864.69,0.5432,186216.15,7.0,2.0,1.0,2.0,0,0,0,187.0,179.7375,159.65,159.65,206.0,204.37,42099.93,2022-03-01 17:51:00,0.0,1191,0.0,3400,Female,43,0,0.5432345,0,1,2022-03-01,1,0.0,0.0,0.05834450986,0.5432345,54.76945588,3.195497059,5.882352941,1,1,0,0.0,0,669,206.0,159.65,12.38233235,1.803264706,0.5432345,1,0.5432345,1846.9973,9.903537551,9.293365397,12.13466874,5.079228086,10.64782511,8.131824785,2025-11-03 05:39:35.641484,159.65,0,1,0,0,0.5432345,0.5432345,18.3918774,1.1620317,0,0.1666817137,0,3400,0.5432,54.76945588,7.0,1.0,2,1,0.5432345
658,1968-11-04,MA,576,491,3,1.0,40000,20848.4875,0.6647,187657.76,8.0,3.0,2.0,1.0,0,0,0,63.0,42.3,66.66,66.66,219.0,181.71,39794.05,2023-01-17 14:10:00,0.0,601,0.0,2300,Male,56,0,0.66469875,0,0,2023-01-01,0,0.3333333333,2500.0,0.1416831897,0.66469875,81.59033043,6.45558796,15.64516129,1,1,0,2.0,0,347,219.0,66.66,17.30176087,2.370130435,0.0,0,0.66469875,1528.807125,10.59665973,10.18825099,12.14238049,4.214495163,10.59149781,7.74109909,2025-11-03 05:39:35.641484,66.66,0,1,0,0,0.66469875,0.66469875,0.0,1.163169242,0,0.1766824543,1,2300,0.6647,81.59033043,8.0,2.0,3,0,0.66469875
659,1984-03-13,TN,746,690,4,1.0,5000,4003.07,0.8006,448712.71,9.0,3.0,1.0,0.0,0,0,0,186.0,121.8,142.37,142.37,257.0,126.84,32597.33,2023-05-25 21:44:00,0.0,1476,0.0,4000,Male,41,0,0.800614,0,0,2023-05-01,1,0.25,2500.0,0.008921231583,0.800614,112.1781775,1.0007675,1.25,1,1,0,1.0,0,219,257.0,142.37,8.1493325,0.9513,0.0,0,0.800614,3202.456,8.517393171,8.295066623,13.01414035,4.965428701,10.39201634,8.294299609,2025-11-03 05:38:35.641484,142.37,0,1,0,0,0.800614,0.800614,0.0,1.227212335,0,0.2207263992,1,4000,0.8006,112.1781775,9.0,1.0,4,0,0.800614
66,1999-08-05,MI,675,677,2,0.0,30000,3659.15,0.122,4294.75,6.0,3.0,2.0,1.0,0,0,0,177.0,140.5,12.26,12.26,249.0,92.95,23143.57,2022-02-14 03:25:00,20.0,1153,0.017346054,2500,Female,26,0,0.121971667,1,1,2022-02-01,1,0.0,0.0,0.4889038178,0.121971667,1.7179,1.46366,12.0,1,1,0,0.0,0,685,249.0,12.26,9.257428,1.1154,0.121971667,2,0.121971667,304.9291675,10.30898599,8.205259409,8.365381441,2.584751985,10.04951547,7.824445931,2025-11-03 05:38:35.641484,12.26,0,1,0,0,0.1219716667,0.1219716667,19.3918774,0.9762448064,0,0.2621125346,1,2500,0.122,1.7179,6.0,2.0,2,1,0.121971667
660,1984-12-04,GA,647,783,4,1.0,12000,1628.31,0.1357,16432.67,12.0,3.0,1.0,1.0,0,0,0,172.0,124.5,36.35,36.35,207.0,136.39,28232.43,2023-12-01 16:05:00,0.0,398,0.0,3700,Male,40,0,0.1356925,0,0,2023-12-01,0,0.25,2500.0,0.09908980099,0.1356925,4.441262162,0.4400837838,3.243243243,1,1,0,1.0,0,29,207.0,36.35,7.630386486,1.105864865,0.0,0,0.1356925,502.06225,9.392745259,7.395911891,9.707087558,3.620332912,10.24826202,8.216358332,2025-11-03 05:37:35.641484,36.35,0,1,0,0,0.1356925,0.1356925,0.0,1.143122956,0,0.1755161848,1,3700,0.1357,4.441262162,12.0,1.0,4,0,0.1356925
661,1988-10-08,OH,714,770,4,1.0,1000,507.25,0.0,425145.21,10.0,3.0,2.5,0.0,0,0,0,150.0,47.0,51.65,51.65,239.0,140.04,33469.24,2022-01-04 19:47:00,0.0,702,0.0,2700,Male,37,0,0.50725,0,0,2022-01-01,1,0.25,1000.0,0.001193121757,0.50725,157.4611889,0.1878703704,0.3703703704,1,1,1,3.0,0,725,239.0,51.65,12.39601481,1.556,0.0,0,0.50725,1369.575,6.908754779,6.230973453,12.96018841,3.963666239,10.41841196,7.901377354,2025-11-03 05:39:35.641484,51.65,0,1,0,0,0.50725,0.50725,0.0,1.181808961,0,0.1826549531,1,2700,0.0,157.4611889,10.0,2.5,4,0,0.50725
662,1973-08-05,MA,636,613,2,0.0,1000,404.31,0.4043,9730.59,5.0,2.0,0.0,0.0,1,2169,0,173.0,132.5,185.79,185.79,237.0,128.47,30447.07,2022-06-15 14:05:00,0.0,708,0.0,2600,Female,52,0,0.40431,0,1,2022-06-01,0,0.0,0.0,0.04155040958,0.40431,3.742534615,0.1555038462,0.3846153846,1,1,0,0.0,0,563,237.0,185.79,11.71041154,1.482346154,0.40431,0,0.40431,1051.206,6.908754779,6.004652206,9.183132574,5.229984991,10.32377789,7.863651265,2025-11-03 05:37:35.641484,185.79,0,1,0,0,0.40431,0.40431,20.3918774,1.304762027,0,0.2236437478,0,2600,0.4043,3.742534615,5.0,0.0,2,1,0.40431
663,1988-07-23,IN,727,627,3,1.0,10000,930.83,0.0931,182558.58,7.0,3.0,0.0,0.0,0,0,0,149.0,57.0,211.32,211.32,211.0,171.95,36280.83,2023-09-15 13:59:00,22.5,1071,0.01942862,3600,Female,37,0,0.093083,1,0,2023-09-01,1,0.3333333333,2500.0,0.005098801711,0.093083,50.71071667,0.2585638889,2.777777778,1,1,0,0.0,0,106,211.0,211.32,10.07800833,1.432916667,0.0,0,0.093083,335.0988,9.210440367,6.837150395,12.11483186,5.358094571,10.49907234,8.188966864,2025-11-03 05:38:35.641484,211.32,0,1,0,0,0.093083,0.093083,0.0,1.268068443,0,0.1393832537,1,3600,0.0931,50.71071667,7.0,0.0,3,0,0.093083
664,1995-09-26,AZ,555,625,3,0.0,3000,838.56,0.2795,4230.34,5.0,2.0,1.0,0.0,0,0,0,98.0,74.0,516.96,516.96,217.0,144.24,31299.85,2022-06-11 06:08:00,9.0,810,0.011111111,2900,Male,30,0,0.27952,1,0,2022-06-01,0,0.0,0.0,0.1982252018,0.27952,1.458737931,0.2891586207,1.034482759,1,1,0,0.0,0,568,217.0,516.96,10.79305172,1.492137931,0.0,0,0.27952,810.608,8.006700845,6.732877945,8.350274007,6.249898019,10.35140053,7.972810784,2025-11-03 05:39:35.641484,516.96,0,1,0,0,0.27952,0.27952,0.0,1.376220062,0,0.1948230651,1,2900,0.2795,1.458737931,5.0,1.0,3,0,0.27952
665,1980-11-25,WI,565,754,2,0.0,1000,1000.0,0.0,487959.33,6.0,3.0,1.0,0.0,0,0,0,134.0,72.0,123.34,123.34,210.0,199.23,41838.0,2022-12-26 15:04:00,0.0,825,0.0,2600,Female,44,0,1.0,0,1,2022-12-01,0,0.0,0.0,0.002049351121,1.0,183.5765946,0.3846153846,0.3846153846,1,1,0,0.0,0,369,210.0,123.34,16.09153846,2.298807692,0.5846375,1,1.0,2600.0,6.908754779,6.908754779,13.09798939,4.823019749,10.6415842,7.863651265,2025-11-03 05:37:35.641484,123.34,0,1,0,0,1.0,1.0,20.3918774,1.163479552,0,0.2847611797,1,2600,0.0,183.5765946,6.0,1.0,2,1,1.0
666,1970-09-15,TN,573,558,4,0.0,32000,18579.49,0.5806,36686.83,13.0,3.0,0.0,2.5,0,0,0,111.0,51.5,415.4,415.4,217.0,179.62,38976.9,2023-01-25 19:09:00,0.0,1536,0.0,3400,Female,55,0,0.580609063,0,0,2023-01-01,0,0.0,0.0,0.4889038178,0.580609063,10.79024412,5.464555882,9.411764706,1,1,0,0.0,0,339,217.0,415.4,11.46379412,1.584882353,0.0,0,0.580609063,1974.070814,10.37352243,9.829867384,10.51020037,6.031646337,10.5707501,8.131824785,2025-11-03 05:39:35.641484,415.4,0,1,0,0,0.5806090625,0.5806090625,0.0,1.336735615,0,0.1174249568,1,3400,0.5806,10.79024412,13.0,0.0,4,0,0.580609063
667,1988-02-19,FL,601,501,3,0.0,1000,418.31,0.4183,237048.1,7.0,3.0,0.0,0.0,0,0,0,134.0,58.0,71.5,71.5,231.0,182.82,42232.43,2023-01-18 02:12:00,9.0,757,0.011889036,3500,Female,37,0,0.41831,1,0,2023-01-01,0,0.0,0.0,0.001764662952,0.41831,67.72802857,0.1195171429,0.2857142857,1,1,0,0.0,0,347,231.0,71.5,12.06640857,1.567028571,0.0,0,0.41831,1464.085,6.908754779,6.038610503,12.37602257,4.283586562,10.65096737,8.160803921,2025-11-03 05:37:35.641484,71.5,0,1,0,0,0.41831,0.41831,0.0,1.185390232,0,0.186560457,1,3500,0.4183,67.72802857,7.0,0.0,3,0,0.41831
668,1968-09-17,AZ,774,705,2,1.0,2000,1351.53,0.6758,179610.65,6.0,2.0,1.0,1.0,0,0,0,176.0,174.5,62.08,62.08,228.0,154.63,35255.25,2023-03-11 16:29:00,0.0,905,0.0,3500,Female,57,0,0.675765,0,1,2023-03-01,1,0.5,2000.0,0.00752477651,0.675765,51.31732857,0.3861514286,0.5714285714,1,1,0,1.0,0,294,228.0,62.08,10.07292857,1.3254,0.5846375,1,0.675765,2365.1775,7.601402335,7.209732192,12.0985523,4.144403762,10.4703981,8.160803921,2025-11-03 05:36:35.641484,62.08,0,1,0,0,0.675765,0.675765,21.3918774,1.197384488,0,0.1790620165,1,3500,0.6758,51.31732857,6.0,1.0,2,1,0.675765
669,2001-09-05,WA,669,585,2,0.0,32000,7578.05,0.2368,7578.05,2.0,3.0,0.0,2.0,0,0,0,58.0,29.0,224.9,224.9,249.0,106.18,26438.55,2023-09-30 21:44:00,0.0,1402,0.0,3000,Male,24,0,0.236814063,0,1,2023-09-01,0,0.0,0.0,0.4889038178,0.236814063,2.526016667,2.526016667,10.66666667,1,1,0,0.0,0,91,249.0,224.9,8.81285,1.0618,0.236814063,0,0.0,710.442189,10.37352243,8.933143141,8.933143141,5.420092423,10.18261627,8.006700845,2025-11-03 05:36:35.641484,224.9,0,1,0,0,0.2368140625,0.2368140625,21.3918774,1.267258341,0,0.1838738988,0,3000,0.2368,2.526016667,2.0,0.0,2,1,0.236814063
67,1976-05-15,OH,756,492,3,0.0,5000,989.46,0.1979,38265.64,8.0,3.0,1.0,2.0,0,0,0,187.0,149.7,147.62,147.62,239.0,143.71,34347.21,2022-06-26 12:33:00,22.5,1263,0.01942862,4600,Female,49,0,0.197892,1,0,2022-06-01,1,0.0,0.0,0.02585766238,0.197892,8.318617391,0.2151,1.086956522,1,1,0,0.0,0,552,239.0,147.62,7.466784783,0.9372391304,0.0,0,0.197892,910.3032,8.517393171,6.898169482,10.55233378,5.001392713,10.44430519,8.43402895,2025-11-03 05:39:35.641484,147.62,0,1,0,0,0.197892,0.197892,0.0,1.274760949,0,0.176340075,0,4600,0.1979,8.318617391,8.0,1.0,3,0,0.197892
670,1985-09-15,FL,642,555,2,0.0,1000,308.67,0.3087,423936.18,5.0,3.0,2.0,0.0,0,0,0,160.0,80.0,188.08,188.08,221.0,98.25,21714.25,2023-04-06 16:58:00,5.0,906,0.005518764,2600,Male,40,0,0.30867,1,1,2023-04-01,0,0.0,0.0,0.0007281048765,0.30867,163.0523769,0.1187192308,0.3846153846,1,1,0,0.0,0,268,221.0,188.08,8.351634615,1.133653846,0.30867,2,0.30867,802.542,6.908754779,5.735507214,12.95734056,5.242170206,9.985770058,7.863651265,2025-11-03 05:37:35.641484,188.08,0,1,0,0,0.30867,0.30867,20.3918774,1.338370397,0,0.152022737,0,2600,0.3087,163.0523769,5.0,2.0,2,1,0.30867
671,1978-12-19,CO,709,753,2,0.0,0,0.0,0.0,18789.69,6.0,3.0,0.0,0.0,0,0,0,105.0,81.5,97.68,97.68,221.0,133.54,29511.31,2023-10-13 18:52:00,7.0,1335,0.005243446,3900,Female,46,0,0.49068525,1,1,2023-10-01,1,0.0,0.0,0.0,0.49068525,4.817869231,0.0,0.0,1,1,0,0.0,0,78,221.0,97.68,7.567002564,1.027230769,0.0,0,0.477859,1590.507672,2.416580621,1.973596521,9.841116813,4.591882292,10.29256274,8.26898821,2025-11-03 05:37:35.641484,97.68,0,1,0,0,0.0,0.0,20.3918774,1.259466731,0,0.2460076256,0,3900,0.0,4.817869231,6.0,0.0,2,1,0.49068525
672,1970-09-15,NY,542,687,2,0.0,40000,20848.4875,0.6917,27666.36,6.0,3.0,1.0,2.0,0,0,0,68.0,45.5,1120.67,1120.67,238.0,185.25,44088.84,2023-09-19 09:34:00,0.0,1114,0.0,2500,Female,55,0,0.691659,0,1,2023-09-01,0,0.0,0.0,0.4889038178,0.691659,11.066544,6.45558796,15.64516129,1,1,0,0.0,0,103,238.0,1120.67,17.635536,2.223,0.5846375,1,0.691659,1729.1475,10.59665973,10.22800866,10.22800866,7.647189493,10.69398465,7.824445931,2025-11-03 05:36:35.641484,1120.67,0,1,0,0,0.691659,0.691659,21.3918774,1.36817613,0,0.1979759049,0,2500,0.6917,11.066544,6.0,1.0,2,1,0.691659
673,1994-03-17,MI,554,643,4,0.0,10000,647.77,0.0648,514417.55,12.0,3.0,0.0,0.0,0,0,0,131.0,53.5,1120.67,1120.67,224.0,187.75,42055.86,2022-11-14 18:04:00,11.0,1500,0.007333333,2600,Female,31,0,0.064777,1,0,2022-11-01,0,0.0,0.0,0.001259229978,0.064777,183.5765946,0.2491423077,3.846153846,1,1,0,0.0,0,411,224.0,1120.67,16.17533077,2.166346154,0.0,0,0.064777,168.4202,9.210440367,6.475078263,13.15079251,7.082414219,10.64677779,7.863651265,2025-11-03 05:39:35.641484,1120.67,0,1,0,0,0.064777,0.064777,0.0,1.344312475,0,0.1916289444,1,2600,0.0648,183.5765946,12.0,0.0,4,0,0.064777
674,1994-10-02,IN,482,631,3,0.0,1000,829.75,0.0,19410.14,7.0,3.0,1.0,0.0,1,2387,0,141.0,111.0,55.3,55.3,235.0,128.57,30213.32,2022-05-29 04:19:00,0.0,587,0.0,3100,Female,31,0,0.82975,0,0,2022-05-01,0,0.0,0.0,0.04274827487,0.82975,6.261335484,0.2676612903,0.3225806452,1,1,0,0.0,0,581,235.0,55.3,9.746232258,1.244225806,0.0,0,0.82975,2572.225,6.908754779,6.722328907,9.873602407,4.030694535,10.31607126,8.039479919,2025-11-03 05:36:35.641484,55.3,0,1,0,0,0.82975,0.82975,0.0,1.19180232,0,0.2732315649,0,3100,0.0,6.261335484,7.0,1.0,3,0,0.82975
675,1994-11-26,GA,628,769,2,0.0,30000,4876.38,0.1625,181119.94,3.0,3.0,2.5,0.0,0,0,0,100.0,75.0,210.03,210.03,231.0,135.74,31356.04,2022-04-17 20:09:00,2.0,1217,0.001643385,3600,Male,30,0,0.162546,1,1,2022-04-01,0,0.0,0.0,0.02692348507,0.162546,50.31109444,1.35455,8.333333333,1,1,1,0.0,0,622,231.0,210.03,8.710011111,1.131166667,0.162546,3,0.162546,585.1656,10.30898599,8.492363469,12.10692026,5.352000303,10.35319408,8.188966864,2025-11-03 05:38:35.641484,210.03,0,1,0,0,0.162546,0.162546,19.3918774,1.326414596,0,0.2507308574,1,3600,0.1625,50.31109444,3.0,2.5,2,1,0.162546
676,1966-07-09,CA,653,725,4,1.0,36000,20848.4875,0.6058,21809.23,13.0,3.0,0.0,1.0,0,0,0,114.0,80.5,77.04,77.04,250.0,160.74,40185.49,2022-03-05 03:05:00,12.0,1078,0.011131725,3700,Female,59,0,0.605811944,1,0,2022-03-01,0,0.25,2500.0,0.4889038178,0.605811944,5.894386486,5.894386486,9.72972973,1,1,0,0.0,0,666,250.0,77.04,10.86094324,1.303297297,0.0,0,0.605811944,2241.504193,10.49130199,9.990134405,9.990134405,4.357221516,10.60128615,8.216358332,2025-11-03 05:38:35.641484,77.04,0,1,0,0,0.6058119444,0.6058119444,0.0,1.197511581,0,0.2463400846,0,3700,0.6058,5.894386486,13.0,0.0,4,0,0.605811944
677,1978-10-03,NY,551,637,4,0.0,35000,6614.58,0.189,299196.64,14.0,3.0,0.0,0.0,0,0,0,163.0,77.0,72.46,72.46,225.0,118.99,26773.54,2023-07-26 03:38:00,0.0,772,0.0,3200,Female,47,0,0.188988,0,0,2023-07-01,0,0.0,0.0,0.02210780175,0.188988,93.49895,2.06705625,10.9375,1,1,0,0.0,0,158,225.0,72.46,8.36673125,1.11553125,0.0,0,0.188988,604.7616,10.46313191,8.797182752,12.60885964,4.29674104,10.19520671,8.07121854,2025-11-03 05:38:35.641484,72.46,0,1,0,0,0.188988,0.188988,0.0,1.234761487,0,0.2335463862,0,3200,0.189,93.49895,14.0,0.0,4,0,0.188988
678,1992-06-23,TX,685,708,3,0.0,1000,501.53,0.0,276461.47,8.0,3.0,0.0,0.0,0,0,0,81.0,46.7,64.15,64.15,207.0,175.67,36363.56,2023-08-07 17:34:00,14.0,1174,0.011925043,3800,Male,33,0,0.50153,1,0,2023-08-01,1,0.0,0.0,0.001814104512,0.50153,72.75301842,0.1319815789,0.2631578947,1,1,0,0.0,0,145,207.0,64.15,9.569357895,1.386868421,0.0,0,0.50153,1905.814,6.908754779,6.21965534,12.52983036,4.176692304,10.50134995,8.243019469,2025-11-03 05:39:35.641484,64.15,0,1,0,0,0.50153,0.50153,0.0,1.121447495,0,0.2284581577,1,3800,0.0,72.75301842,8.0,0.0,3,0,0.50153
679,1999-01-03,CO,527,508,3,0.0,0,0.0,0.0,288572.43,12.0,3.0,1.0,0.0,0,0,0,35.0,31.0,193.3,193.3,243.0,192.71,46828.26,2023-06-01 23:56:00,6.0,925,0.006486486,2500,Female,26,0,0.49068525,1,0,2023-06-01,0,0.0,0.0,0.0,0.49068525,115.428972,0.0,0.0,1,1,0,0.0,0,212,243.0,193.3,18.731304,2.31252,0.0,0,0.477859,1590.507672,2.416580621,1.973596521,12.57270486,5.269403356,10.7542635,7.824445931,2025-11-03 05:39:35.641484,193.3,0,1,0,0,0.0,0.0,0.0,1.269113866,0,0.1917125073,0,2500,0.0,115.428972,12.0,1.0,3,0,0.49068525
68,1969-08-26,IN,743,729,3,2.0,1000,441.32,0.4413,18030.74,7.0,3.0,0.0,0.0,0,0,0,80.0,62.7,1120.67,1120.67,213.0,124.14,26442.5,2023-10-23 04:10:00,0.0,1769,0.0,4500,Male,56,0,0.44132,0,0,2023-10-01,1,0.6666666667,500.0,0.02447597825,0.44132,4.006831111,0.09807111111,0.2222222222,1,1,0,0.0,0,69,213.0,1120.67,5.876111111,0.8276,0.0,0,0.44132,1985.94,6.908754779,6.092033602,9.799888817,7.927201698,10.18276566,8.412054873,2025-11-03 05:36:35.641484,1120.67,0,1,0,0,0.44132,0.44132,0.0,1.247213811,0,0.1706247707,1,4500,0.4413,4.006831111,7.0,0.0,3,0,0.44132
680,1967-05-14,WA,778,622,3,1.0,1000,471.13,0.4711,12870.2,6.0,3.0,1.0,2.0,0,0,0,127.0,87.3,1120.67,1120.67,217.0,118.76,25770.53,2023-03-04 05:40:00,0.0,944,0.0,3700,Male,58,0,0.47113,0,0,2023-03-01,1,0.3333333333,1000.0,0.03660626874,0.47113,3.478432432,0.1273324324,0.2702702703,1,1,0,1.0,0,302,217.0,1120.67,6.965008108,0.9629189189,0.0,0,0.47113,1743.181,6.908754779,6.157254371,9.462747536,7.587883074,10.15702567,8.216358332,2025-11-03 05:37:35.641484,1120.67,0,1,0,0,0.47113,0.47113,0.0,1.251192468,0,0.1751736972,1,3700,0.4711,3.478432432,6.0,1.0,3,0,0.47113
681,1973-11-24,MI,491,755,2,1.0,40000,13135.97,0.3284,13135.97,7.0,3.0,0.0,0.0,0,0,0,130.0,74.0,33.75,33.75,248.0,139.65,34633.38,2022-09-22 13:59:00,0.0,600,0.0,3200,Female,51,0,0.32839925,0,1,2022-09-01,0,0.5,2500.0,0.4889038178,0.32839925,4.104990625,4.104990625,12.5,1,1,0,0.0,0,464,248.0,33.75,10.82293125,1.30921875,0.32839925,0,0.32839925,1050.8776,10.59665973,9.483185672,9.483185672,3.548179572,10.45260211,8.07121854,2025-11-03 05:39:35.641484,33.75,0,1,0,0,0.32839925,0.32839925,18.3918774,1.141614077,0,0.1740170001,0,3200,0.3284,4.104990625,7.0,0.0,2,1,0.32839925
682,1988-07-15,PA,524,579,4,0.0,20000,13281.19,0.6641,56621.01,10.0,3.0,0.0,0.0,0,0,0,159.0,67.8,303.24,303.24,234.0,187.71,43923.58,2023-05-12 19:23:00,7.0,520,0.013461538,3300,Female,37,0,0.6640595,1,0,2023-05-01,0,0.0,0.0,0.2345629299,0.6640595,17.15788182,4.02460303,6.060606061,1,1,0,0.0,0,232,234.0,303.24,13.31017576,1.706454545,0.0,0,0.6640595,2191.39635,9.903537551,9.494179319,10.94415306,5.717816864,10.69022935,8.101980732,2025-11-03 05:37:35.641484,303.24,0,1,0,0,0.6640595,0.6640595,0.0,1.319349832,0,0.1704220062,1,3300,0.6641,17.15788182,10.0,0.0,4,0,0.6640595
683,1989-02-22,IN,642,664,3,1.0,20000,8857.21,0.4429,255978.22,4.0,3.0,2.0,1.0,0,0,0,133.0,69.7,194.93,194.93,225.0,128.14,28832.22,2023-02-25 03:20:00,0.0,397,0.0,2800,Male,36,0,0.4428605,0,0,2023-02-01,0,0.3333333333,2500.0,0.03460142039,0.4428605,91.42079286,3.163289286,7.142857143,1,1,0,2.0,0,309,225.0,194.93,10.29722143,1.372928571,0.0,0,0.4428605,1240.0094,9.903537551,9.089099992,12.45285155,5.277757453,10.26928347,7.937731775,2025-11-03 05:38:35.641484,194.93,0,1,0,0,0.4428605,0.4428605,0.0,1.331851447,0,0.1903283621,1,2800,0.4429,91.42079286,4.0,2.0,3,0,0.4428605
684,1973-11-28,VA,555,669,4,1.0,30000,9913.06,0.3304,146407.48,13.0,3.0,1.0,1.0,0,0,0,174.0,85.5,1120.67,1120.67,245.0,197.6,48411.65,2023-03-30 23:43:00,8.0,744,0.010752688,3100,Male,51,0,0.330435333,1,0,2023-03-01,0,0.25,2500.0,0.06770869904,0.330435333,47.22821935,3.19776129,9.677419355,1,1,0,1.0,0,275,245.0,1120.67,15.61666129,1.912258065,0.0,0,0.330435333,1024.349532,10.30898599,9.201709231,11.8941558,7.1228344,10.78751642,8.039479919,2025-11-03 05:39:35.641484,1120.67,0,1,0,0,0.3304353333,0.3304353333,0.0,1.376014736,0,0.2735553264,1,3100,0.3304,47.22821935,13.0,1.0,4,0,0.330435333
685,1972-03-18,PA,670,625,3,1.0,1000,776.32,0.7763,428779.7,6.0,3.0,1.0,0.0,0,0,0,155.0,88.3,164.51,164.51,245.0,118.34,28992.1,2022-01-10 21:27:00,0.0,1000,0.0,2600,Male,53,0,0.77632,0,0,2022-01-01,1,0.3333333333,1000.0,0.001810533474,0.77632,164.9152692,0.2985846154,0.3846153846,1,1,0,1.0,0,719,245.0,164.51,11.15080769,1.365461538,0.0,0,0.77632,2018.432,6.908754779,6.655852106,12.96870088,5.109031616,10.27481315,7.863651265,2025-11-03 05:38:35.641484,164.51,0,1,0,0,0.77632,0.77632,0.0,1.266034241,0,0.1802736656,1,2600,0.7763,164.9152692,6.0,1.0,3,0,0.77632
686,1998-03-24,OH,659,708,2,0.0,21000,1424.31,0.0678,1424.31,6.0,3.0,2.0,0.0,0,0,0,120.0,87.5,26.22,26.22,238.0,145.21,34559.68,2023-09-07 02:54:00,3.0,546,0.005494505,3500,Female,27,0,0.067824286,1,1,2023-09-01,0,0.0,0.0,0.4889038178,0.067824286,0.4069457143,0.4069457143,6.0,1,1,0,0.0,0,115,238.0,26.22,9.874194286,1.244657143,0.067824286,2,0.067824286,237.385001,9.952325335,7.262144613,7.262144613,3.303951997,10.4504719,8.160803921,2025-11-03 05:37:35.641484,26.22,0,1,0,0,0.06782428571,0.06782428571,20.3918774,1.142488618,0,0.1798359898,1,3500,0.0678,0.4069457143,6.0,2.0,2,1,0.067824286
687,1965-01-10,MA,590,692,3,1.0,20000,4770.66,0.2385,4770.66,8.0,3.0,0.0,0.0,0,0,0,150.0,73.3,1050.43,1050.43,237.0,129.85,30774.01,2023-10-28 13:55:00,0.0,979,0.0,2900,Female,60,0,0.238533,0,0,2023-10-01,0,0.3333333333,2500.0,0.4889038178,0.238533,1.645055172,1.645055172,6.896551724,1,1,0,0.0,0,63,237.0,1050.43,10.61172759,1.343275862,0.0,0,0.238533,691.7457,9.903537551,8.470449532,8.470449532,6.957906421,10.33445828,7.972810784,2025-11-03 05:38:35.641484,1050.43,0,1,0,0,0.238533,0.238533,0.0,1.33193029,0,0.1835473965,1,2900,0.2385,1.645055172,8.0,0.0,3,0,0.238533
688,1999-07-18,PA,627,697,2,1.0,2000,576.54,0.2883,4502.78,7.0,2.0,0.0,0.0,0,0,1,132.0,126.5,1120.67,1120.67,236.0,153.56,36240.42,2023-10-10 15:15:00,8.0,1294,0.00618238,3900,Male,26,0,0.28827,1,1,2023-10-01,0,0.5,2000.0,0.1280408992,0.28827,1.154558974,0.1478307692,0.5128205128,1,1,0,0.0,0,81,236.0,1120.67,9.292415385,1.181230769,0.28827,0,0.28827,1124.253,7.601402335,6.358777704,8.412672323,7.513600131,10.49795794,8.26898821,2025-11-03 05:38:35.641484,1120.67,0,1,0,0,0.28827,0.28827,19.3918774,1.350724432,0,0.1948288529,0,3900,0.2883,1.154558974,7.0,0.0,2,1,0.28827
689,1979-04-15,VA,551,553,2,1.0,40000,20848.4875,0.8001,32004.27,3.0,3.0,0.0,1.0,0,0,0,174.0,129.5,368.47,368.47,227.0,148.88,33795.81,2022-03-22 09:24:00,0.0,1099,0.0,3700,Male,46,0,0.80010675,0,1,2022-03-01,0,0.5,2500.0,0.4889038178,0.80010675,8.649802703,6.45558796,10.81081081,1,1,0,0.0,0,649,227.0,368.47,9.134002703,1.207135135,0.5846375,0,0.80010675,2960.394975,10.59665973,10.37365586,10.37365586,5.912069546,10.4281217,8.216358332,2025-11-03 05:37:35.641484,368.47,0,1,0,0,0.80010675,0.80010675,20.3918774,1.36929115,0,0.1517704179,1,3700,0.8001,8.649802703,3.0,0.0,2,1,0.80010675
69,1971-01-21,IN,631,644,4,2.5,2000,1065.64,0.5328,46747.35,11.0,3.0,0.0,2.5,0,0,0,157.0,129.2,654.39,654.39,237.0,157.55,37338.28,2022-10-06 17:20:00,0.0,2358,0.0,2600,Male,54,0,0.53282,0,0,2022-10-01,0,0.75,666.6666667,0.02279573067,0.53282,17.97975,0.4098615385,0.7692307692,1,1,0,0.0,0,450,237.0,654.39,14.36087692,1.817884615,0.0,0,0.53282,1385.332,7.601402335,6.9722688,10.75253424,6.485230478,10.52780113,7.863651265,2025-11-03 05:36:35.641484,654.39,0,1,0,0,0.53282,0.53282,0.0,1.386051438,0,0.2625253642,0,2600,0.5328,17.97975,11.0,0.0,4,0,0.53282
690,1974-05-07,FL,635,748,4,1.0,1000,194.83,0.1948,366568.08,12.0,3.0,1.0,0.0,0,0,0,167.0,109.5,83.08,83.08,242.0,121.6,29428.3,2023-04-13 05:43:00,16.0,737,0.01942862,3200,Male,51,0,0.19483,1,0,2023-04-01,0,0.25,1000.0,0.0005314974506,0.19483,114.552525,0.060884375,0.3125,1,1,0,1.0,0,262,242.0,83.08,9.19634375,1.14,0.0,0,0.19483,623.456,6.908754779,5.277246936,12.81194227,4.431768727,10.28974606,8.07121854,2025-11-03 05:39:35.641484,83.08,0,1,0,0,0.19483,0.19483,0.0,1.207504732,0,0.1082466923,1,3200,0.1948,114.552525,12.0,1.0,4,0,0.19483
691,1967-11-14,WI,513,525,4,1.0,15000,2135.62,0.1424,11656.87,11.0,3.0,1.0,0.0,0,0,0,169.0,128.2,846.87,846.87,229.0,130.3,29839.34,2023-11-09 12:35:00,17.0,596,0.01942862,3500,Female,57,0,0.142374667,1,0,2023-11-01,0,0.25,2500.0,0.1832069844,0.142374667,3.330534286,0.6101771429,4.285714286,1,1,0,1.0,0,51,229.0,846.87,8.525525714,1.116857143,0.0,0,0.142374667,498.3113345,9.615872145,7.66698042,9.363736767,6.742727322,10.30361645,8.160803921,2025-11-03 05:39:35.641484,846.87,0,1,0,0,0.1423746667,0.1423746667,0.0,1.355201521,0,0.1655705208,0,3500,0.1424,3.330534286,11.0,1.0,4,0,0.142374667
692,1966-04-07,TX,689,692,3,1.0,5000,786.76,0.1574,154821.01,11.0,3.0,0.0,0.0,0,0,0,130.0,78.7,1120.67,1120.67,246.0,108.04,26578.9,2022-11-24 10:19:00,0.0,1051,0.0,3000,Female,59,0,0.157352,0,0,2022-11-01,1,0.3333333333,2500.0,0.005081739229,0.157352,51.60700333,0.2622533333,1.666666667,1,1,0,0.0,0,402,246.0,1120.67,8.859633333,1.0804,0.0,0,0.157352,472.056,8.517393171,6.669193475,11.95003141,7.561548137,10.18791057,8.006700845,2025-11-03 05:38:35.641484,1120.67,0,1,0,0,0.157352,0.157352,0.0,1.273443657,0,0.170539708,1,3000,0.1574,51.60700333,11.0,0.0,3,0,0.157352
693,1971-10-02,MA,764,770,2,1.0,30000,11757.71,0.3919,15133.05,6.0,3.0,2.0,0.0,0,0,0,176.0,106.5,130.08,130.08,221.0,131.67,29099.21,2022-12-18 10:56:00,0.0,1509,0.0,4100,Female,54,0,0.391923667,0,1,2022-12-01,1,0.5,2500.0,0.4889038178,0.391923667,3.690987805,2.867734146,7.317073171,1,1,0,2.0,0,378,221.0,130.08,7.097368293,0.9634390244,0.391923667,2,0.391923667,1606.887035,10.30898599,9.372349522,9.624702451,4.875807824,10.27850067,8.318986125,2025-11-03 05:36:35.641484,130.08,0,1,0,0,0.3919236667,0.3919236667,21.3918774,1.29121445,0,0.1570602305,1,4100,0.3919,3.690987805,6.0,2.0,2,1,0.391923667
694,1968-04-24,NY,582,675,3,0.0,2000,206.53,0.1033,10029.04,11.0,2.0,0.0,1.0,1,1235,0,128.0,65.7,55.2,55.2,250.0,117.06,29264.32,2022-10-21 03:49:00,0.0,762,0.0,3400,Male,57,0,0.103265,0,0,2022-10-01,0,0.0,0.0,0.02059319735,0.103265,2.949717647,0.06074411765,0.5882352941,1,1,0,0.0,0,436,250.0,55.2,8.607152941,1.032882353,0.0,0,0.103265,351.101,7.601402335,5.335275908,9.213339869,4.028916757,10.28415848,8.131824785,2025-11-03 05:36:35.641484,55.2,0,1,0,0,0.103265,0.103265,0.0,1.144604957,0,0.1845681552,0,3400,0.1033,2.949717647,11.0,0.0,3,0,0.103265
695,1990-08-08,IN,763,501,2,0.0,1000,520.16,0.5202,855.25,4.0,2.0,1.0,1.0,0,0,0,67.0,43.0,16.95,16.95,238.0,111.4,26514.31,2023-04-01 06:05:00,16.0,998,0.016032064,3200,Female,35,0,0.52016,1,1,2023-04-01,1,0.0,0.0,0.4889038178,0.52016,0.267265625,0.16255,0.3125,1,1,0,0.0,0,274,238.0,16.95,8.285721875,1.044375,0.52016,1,0.52016,1664.512,6.908754779,6.256057096,6.75256239,2.887590115,10.18547758,8.07121854,2025-11-03 05:39:35.641484,16.95,0,1,0,0,0.52016,0.52016,18.3918774,1.093583315,0,0.2057554935,1,3200,0.5202,0.267265625,4.0,1.0,2,1,0.52016
696,1978-01-05,TN,779,732,2,0.0,25000,5076.36,0.2031,5076.36,9.0,3.0,0.0,2.0,0,0,0,145.0,142.0,287.62,287.62,205.0,137.08,28102.21,2022-08-31 14:17:00,0.0,425,0.0,3200,Male,47,0,0.2030544,0,1,2022-08-01,1,0.0,0.0,0.4889038178,0.2030544,1.5863625,1.5863625,7.8125,1,1,0,0.0,0,486,205.0,287.62,8.781940625,1.285125,0.2030544,0,0.2030544,649.77408,10.1266711,8.53254672,8.53254672,5.665110944,10.24363908,8.07121854,2025-11-03 05:39:35.641484,287.62,0,1,0,0,0.2030544,0.2030544,18.3918774,1.332093933,0,0.2647234118,1,3200,0.2031,1.5863625,9.0,0.0,2,1,0.2030544
697,1983-04-27,MO,594,481,4,1.0,1000,577.77,0.0,128422.36,9.0,3.0,2.0,1.0,0,0,0,149.0,101.0,64.67,64.67,238.0,113.79,27081.84,2022-06-24 10:19:00,15.0,1122,0.013368984,3000,Female,42,0,0.57777,1,0,2022-06-01,0,0.25,1000.0,0.004498982887,0.57777,42.80745333,0.19259,0.3333333333,1,1,0,2.0,0,555,238.0,64.67,9.02728,1.1379,0.0,0,0.57777,1733.31,6.908754779,6.360905162,11.76308759,4.1846422,10.2066556,8.006700845,2025-11-03 05:36:35.641484,64.67,0,1,0,0,0.57777,0.57777,0.0,1.187341489,0,0.2248192627,0,3000,0.0,42.80745333,9.0,2.0,4,0,0.57777
698,1985-10-20,NC,614,721,3,0.0,40000,12118.37,0.303,18794.61,6.0,3.0,1.0,0.0,0,0,0,136.0,86.3,371.31,371.31,231.0,111.72,25807.5,2022-12-24 14:47:00,15.0,1520,0.009868421,3600,Female,40,0,0.30295925,1,0,2022-12-01,0,0.0,0.0,0.4889038178,0.30295925,5.220725,3.366213889,11.11111111,1,1,0,0.0,0,371,231.0,371.31,7.16875,0.931,0.0,0,0.30295925,1090.6533,10.59665973,9.402560278,9.841378611,5.919726841,10.15845917,8.188966864,2025-11-03 05:36:35.641484,371.31,0,1,0,0,0.30295925,0.30295925,0.0,1.366422457,0,0.231011071,1,3600,0.303,5.220725,6.0,1.0,3,0,0.30295925
699,1980-05-05,TN,627,571,2,0.0,1000,670.36,0.0,148639.26,6.0,3.0,1.0,0.0,1,1645,0,86.0,53.0,1101.35,1101.35,230.0,139.47,32077.34,2023-12-07 20:41:00,0.0,741,0.0,2600,Female,45,0,0.67036,0,1,2023-12-01,0,0.0,0.0,0.004509979396,0.67036,57.16894615,0.2578307692,0.3846153846,1,1,0,0.0,0,23,230.0,1101.35,12.33743846,1.609269231,0.5846375,1,0.67036,1742.936,6.908754779,6.509305506,11.9092843,7.005199544,10.37593632,7.863651265,2025-11-03 05:37:35.641484,1101.35,0,1,0,0,0.67036,0.67036,20.3918774,1.329638919,0,0.1726113476,1,2600,0.0,57.16894615,6.0,1.0,2,1,0.67036
7,1991-04-15,MO,765,485,3,1.0,10000,4220.02,0.422,14654.68,12.0,3.0,1.0,1.0,0,0,0,36.0,16.3,145.94,145.94,240.0,236.44625,53705.59,2022-07-24 06:51:00,22.5,1592,0.01942862,5050,Female,34,19,0.422002,1,0,2022-07-01,1,0.3333333333,2500.0,0.2879639815,0.422002,0.2198092095,0.06329713514,0.1499925004,1,1,0,1.0,1,525,240.0,145.94,6.549975851,0.8187475626,0.0,0,0.0,4073.358225,9.210440367,8.347832084,9.592583253,4.99002434,11.02688793,8.634298168,2025-11-03 05:36:35.641484,145.94,0,1,0,0,0.422002,0.422002,0.0,1.211342331,0,0.1650395977,1,5050,0.422,0.2198092095,12.0,1.0,3,0,0.422002
70,1965-02-25,OH,529,755,3,0.0,20000,8708.5,0.4354,11280.99,9.0,3.0,1.0,2.0,1,2255,0,176.0,161.7,23.42,23.42,205.0,161.74,33156.37,2022-04-10 03:40:00,16.0,1759,0.009096077,2500,Male,60,0,0.435425,1,0,2022-04-01,0,0.0,0.0,0.4889038178,0.435425,4.512396,3.4834,8.0,1,1,0,0.0,0,630,205.0,23.42,13.262548,1.94088,0.0,0,0.435425,1088.5625,9.903537551,9.072169663,9.330962928,3.195402469,10.40902029,7.824445931,2025-11-03 05:36:35.641484,23.42,0,1,0,0,0.435425,0.435425,0.0,1.05924317,0,0.2584302247,1,2500,0.4354,4.512396,9.0,1.0,3,0,0.435425
700,1979-07-10,NJ,605,541,3,0.0,10000,983.55,0.0984,5021.11,4.0,3.0,1.0,0.0,0,0,0,116.0,82.0,77.27,77.27,220.0,146.15,32153.7,2023-09-26 11:55:00,7.0,966,0.007246377,3000,Female,46,0,0.098355,1,0,2023-09-01,0,0.0,0.0,0.195882982,0.098355,1.673703333,0.32785,3.333333333,1,1,0,0.0,0,95,220.0,77.27,10.7179,1.4615,0.0,0,0.098355,295.065,9.210440367,6.892184684,8.521605443,4.360164388,10.37831391,8.006700845,2025-11-03 05:38:35.641484,77.27,0,1,0,0,0.098355,0.098355,0.0,1.22192978,0,0.1973329542,1,3000,0.0984,1.673703333,4.0,1.0,3,0,0.098355
701,1968-09-19,WA,732,786,3,0.0,1000,356.96,0.0,248069.15,10.0,3.0,1.0,1.0,0,0,0,154.0,121.0,1120.67,1120.67,229.0,137.24,31428.38,2022-08-14 04:57:00,8.0,932,0.008583691,3300,Male,57,0,0.35696,1,0,2022-08-01,1,0.0,0.0,0.001438953614,0.35696,75.1724697,0.108169697,0.303030303,1,1,0,0.0,0,504,229.0,1120.67,9.523751515,1.247636364,0.0,0,0.35696,1177.968,6.908754779,5.880421248,12.42146685,7.025449422,10.3554984,8.101980732,2025-11-03 05:37:35.641484,1120.67,0,1,0,0,0.35696,0.35696,0.0,1.321664122,0,0.2097738124,1,3300,0.0,75.1724697,10.0,1.0,3,0,0.35696
702,1992-09-16,NY,777,769,2,0.0,20000,2849.22,0.1425,90361.9,4.0,2.0,0.0,0.0,1,1551,0,116.0,58.0,181.0,181.0,266.0,108.14,28765.6,2022-04-21 17:04:00,9.0,829,0.010856454,4300,Female,33,0,0.142461,1,1,2022-04-01,1,0.0,0.0,0.0315312095,0.142461,21.01439535,0.6626093023,4.651162791,1,1,0,0.0,0,618,266.0,181.0,6.689674419,0.7544651163,0.142461,0,0.142461,612.5823,9.903537551,7.955151463,11.41158906,5.204006687,10.26697027,8.366602833,2025-11-03 05:38:35.641484,181.0,0,1,0,0,0.142461,0.142461,19.3918774,1.19268654,0,0.1188271057,1,4300,0.1425,21.01439535,4.0,0.0,2,1,0.142461
703,1987-11-22,PA,612,541,4,1.0,1000,850.84,0.8508,221014.72,11.0,2.0,1.0,0.0,0,0,0,149.0,70.5,140.32,140.32,242.0,214.07,51804.83,2022-08-03 22:25:00,0.0,1625,0.0,3400,Female,37,0,0.85084,0,0,2022-08-01,0,0.25,1000.0,0.003849698337,0.85084,65.00432941,0.2502470588,0.2941176471,1,1,0,1.0,0,514,242.0,140.32,15.23671471,1.888852941,0.0,0,0.85084,2892.856,6.908754779,6.747398716,12.30598911,4.951026822,10.85525797,8.131824785,2025-11-03 05:37:35.641484,140.32,0,1,0,0,0.85084,0.85084,0.0,1.221416082,0,0.1525505223,1,3400,0.8508,65.00432941,11.0,1.0,4,0,0.85084
704,1998-06-23,MI,742,612,3,2.0,2000,428.58,0.2143,316198.29,12.0,3.0,1.0,2.0,0,0,0,85.0,72.0,305.57,305.57,254.0,107.14,27213.5,2023-06-05 23:48:00,12.0,929,0.012917115,4700,Female,27,0,0.21429,1,0,2023-06-01,1,0.6666666667,1000.0,0.0013554153,0.21429,67.27623191,0.09118723404,0.4255319149,1,1,0,0.5,0,208,254.0,305.57,5.790106383,0.6838723404,0.0,0,0.21429,1007.163,7.601402335,6.062807987,12.66412796,5.725446114,10.2115052,8.455530531,2025-11-03 05:38:35.641484,305.57,0,1,0,0,0.21429,0.21429,0.0,1.283735917,0,0.1943687555,0,4700,0.2143,67.27623191,12.0,1.0,3,0,0.21429
705,1991-03-10,PA,777,554,2,1.0,1000,681.73,0.6817,86161.23,8.0,3.0,0.0,0.0,0,0,0,183.0,112.0,1120.67,1120.67,203.0,117.18,23786.91,2022-05-19 18:24:00,0.0,447,0.0,3100,Male,34,0,0.68173,0,1,2022-05-01,1,0.5,1000.0,0.007912259377,0.68173,27.79394516,0.2199129032,0.3225806452,1,1,0,0.0,0,590,203.0,1120.67,7.673196774,1.134,0.5846375,0,0.68173,2113.363,6.908754779,6.526099467,11.36398719,7.452941749,10.07693275,8.039479919,2025-11-03 05:38:35.641484,1120.67,0,1,0,0,0.68173,0.68173,19.3918774,1.161721263,0,0.2106857828,1,3100,0.6817,27.79394516,8.0,0.0,2,1,0.68173
706,1976-09-16,OH,716,662,4,0.0,35000,18026.36,0.515,18026.36,13.0,3.0,2.0,0.0,0,0,0,181.0,111.8,76.79,76.79,233.0,140.67,32775.65,2022-09-21 11:56:00,7.0,1308,0.005351682,3800,Female,49,0,0.515038857,1,0,2022-09-01,1,0.0,0.0,0.4889038178,0.515038857,4.743778947,4.743778947,9.210526316,1,1,0,0.0,0,465,233.0,76.79,8.625171053,1.110552632,0.0,0,0.515038857,1957.147657,10.46313191,9.799645883,9.799645883,4.354012888,10.39747165,8.243019469,2025-11-03 05:38:35.641484,76.79,0,1,0,0,0.5150388571,0.5150388571,0.0,1.221064976,0,0.1194039162,1,3800,0.515,4.743778947,13.0,2.0,4,0,0.515038857
707,1979-05-28,IL,507,664,4,0.0,11000,7754.44,0.7049,84062.57,10.0,3.0,1.0,2.0,0,0,0,185.0,107.5,831.38,831.38,215.0,132.35,28454.59,2022-04-29 08:32:00,0.0,380,0.0,2400,Female,46,0,0.704949091,0,0,2022-04-01,0,0.0,0.0,0.09224604958,0.704949091,35.02607083,3.231016667,4.583333333,1,1,0,0.0,0,611,215.0,831.38,11.85607917,1.654375,0.0,0,0.704949091,1691.877818,9.305741457,8.956149812,11.33932858,6.724289067,10.25609991,7.783640596,2025-11-03 05:39:35.641484,831.38,0,1,0,0,0.7049490909,0.7049490909,0.0,1.332163689,0,0.2237842465,1,2400,0.7049,35.02607083,10.0,1.0,4,0,0.704949091
708,1994-01-18,MI,662,628,3,1.0,30000,20848.4875,0.8305,47900.19,4.0,3.0,0.0,2.5,0,0,0,110.0,70.0,70.76,70.76,209.0,132.18,27625.44,2023-10-18 20:03:00,9.0,559,0.016100179,3300,Female,31,0,0.83048,1,0,2023-10-01,0,0.3333333333,2500.0,0.4889038178,0.83048,14.51520909,6.45558796,9.090909091,1,1,0,0.0,0,73,209.0,70.76,8.371345455,1.201636364,0.0,0,0.83048,2740.584,10.30898599,10.12324137,10.77689563,4.273327218,10.22652856,8.101980732,2025-11-03 05:36:35.641484,70.76,0,1,0,0,0.83048,0.83048,0.0,1.218150593,0,0.2332449992,0,3300,0.8305,14.51520909,4.0,0.0,3,0,0.83048
709,1991-09-17,IL,751,743,2,1.0,20000,8541.0,0.427,109636.77,5.0,3.0,0.0,0.0,0,0,0,122.0,120.0,68.62,68.62,211.0,109.14,23028.12,2023-05-31 09:56:00,0.0,1233,0.0,4900,Male,34,0,0.42705,0,1,2023-05-01,1,0.5,2500.0,0.07790269633,0.42705,22.37485102,1.743061224,4.081632653,1,1,0,0.0,0,214,211.0,68.62,4.699616327,0.6682040816,0.42705,0,0.42705,2092.545,9.903537551,9.052750451,11.60493721,4.243051882,10.04451478,8.497194545,2025-11-03 05:38:35.641484,68.62,0,1,0,0,0.42705,0.42705,19.3918774,1.258351579,0,0.1493970892,1,4900,0.427,22.37485102,5.0,0.0,2,1,0.42705
71,1975-07-16,CO,800,587,3,2.0,1000,364.34,0.0,409156.07,7.0,3.0,0.0,0.0,0,0,1,153.0,54.3,1120.67,1120.67,267.0,115.73,30898.87,2023-10-06 01:16:00,0.0,1080,0.0,4600,Female,50,0,0.36434,0,0,2023-10-01,1,0.6666666667,500.0,0.0008904670533,0.36434,88.94697174,0.07920434783,0.2173913043,1,1,0,0.0,0,86,267.0,1120.67,6.717145652,0.7547608696,0.0,0,0.36434,1675.964,6.908754779,5.900828427,12.9218544,7.575600036,10.33850726,8.43402895,2025-11-03 05:37:35.641484,1120.67,0,1,0,0,0.36434,0.36434,0.0,1.295233622,0,0.1816729568,1,4600,0.0,88.94697174,7.0,0.0,3,0,0.36434
710,1989-04-09,AZ,573,786,3,0.0,2000,980.8,0.4904,437459.48,9.0,3.0,1.0,0.0,0,0,0,89.0,45.3,167.88,167.88,248.0,114.2,28320.7,2022-09-07 21:54:00,0.0,522,0.0,3400,Female,36,0,0.4904,0,0,2022-09-01,0,0.0,0.0,0.002242036222,0.4904,128.6645529,0.2884705882,0.5882352941,1,1,0,0.0,0,479,248.0,167.88,8.329617647,1.007647059,0.0,0,0.4904,1667.36,7.601402335,6.889387622,12.98874165,5.129188404,10.25138357,8.131824785,2025-11-03 05:37:35.641484,167.88,0,1,0,0,0.4904,0.4904,0.0,1.253909897,0,0.2350000105,1,3400,0.4904,128.6645529,9.0,1.0,3,0,0.4904
711,1986-11-03,MA,758,641,3,0.0,1000,201.41,0.0,236435.63,9.0,3.0,0.0,2.0,0,0,0,98.0,77.7,265.01,265.01,233.0,144.79,33736.07,2022-01-01 16:23:00,3.0,818,0.003667482,4300,Male,38,0,0.20141,1,0,2022-01-01,1,0.0,0.0,0.0008518597641,0.20141,54.98503023,0.04683953488,0.2325581395,1,1,0,0.0,0,728,233.0,265.01,7.845597674,1.010162791,0.0,0,0.20141,866.063,6.908754779,5.310295343,12.3734355,5.583533902,10.42635251,8.366602833,2025-11-03 05:39:35.641484,265.01,0,1,0,0,0.20141,0.20141,0.0,1.341545966,0,0.1631230963,1,4300,0.0,54.98503023,9.0,0.0,3,0,0.20141
712,1988-02-18,AZ,618,529,2,0.0,7000,927.88,0.1326,927.88,6.0,2.0,0.0,0.0,0,0,0,51.0,28.5,1120.67,1120.67,224.0,140.61,31495.86,2023-09-29 01:27:00,0.0,818,0.0,3200,Female,37,0,0.132554286,0,1,2023-09-01,0,0.0,0.0,0.4889038178,0.132554286,0.2899625,0.2899625,2.1875,1,1,0,0.0,0,93,224.0,1120.67,9.84245625,1.31821875,0.132554286,0,0.0,424.1737152,8.853808275,6.833979559,6.833979559,7.668766694,10.35764314,8.07121854,2025-11-03 05:39:35.641484,1120.67,0,1,0,0,0.1325542857,0.1325542857,18.3918774,1.315497658,0,0.197984797,1,3200,0.1326,0.2899625,6.0,0.0,2,1,0.132554286
713,1968-05-13,WI,553,550,2,0.0,0,0.0,0.0,27968.36,11.0,3.0,2.0,1.0,0,0,0,113.0,90.5,286.93,286.93,221.0,167.04,36915.46,2023-08-26 10:40:00,0.0,566,0.0,3200,Male,57,0,0.49068525,0,1,2023-08-01,0,0.0,0.0,0.0,0.49068525,8.7401125,0.0,0.0,1,1,0,0.0,0,127,221.0,286.93,11.53608125,1.566,0.0,2,0.477859,1590.507672,2.416580621,1.973596521,10.2388649,5.662717395,10.5164128,8.07121854,2025-11-03 05:38:35.641484,286.93,0,1,0,0,0.0,0.0,19.3918774,1.328010965,0,0.1329230835,1,3200,0.0,8.7401125,11.0,2.0,2,1,0.49068525
714,1967-02-07,MO,670,690,3,0.0,30000,12089.46,0.403,21344.55,12.0,3.0,2.0,1.0,0,0,0,165.0,119.0,1120.67,1120.67,211.0,203.0,42832.0,2023-01-07 21:48:00,0.0,1051,0.0,4000,Female,58,0,0.402982,0,0,2023-01-01,1,0.0,0.0,0.4889038178,0.402982,5.3361375,3.022365,7.5,1,1,0,0.0,0,357,211.0,1120.67,10.708,1.5225,0.0,0,0.402982,1611.928,10.30898599,9.400171991,9.968598566,7.927659802,10.66506411,8.294299609,2025-11-03 05:38:35.641484,1120.67,0,1,0,0,0.402982,0.402982,0.0,1.300626241,0,0.1971481503,1,4000,0.403,5.3361375,12.0,2.0,3,0,0.402982
715,2000-04-16,AZ,563,591,2,0.0,30000,12220.45,0.4073,249361.78,4.0,3.0,1.0,1.0,0,0,0,123.0,92.5,151.07,151.07,251.0,128.09,32150.31,2023-04-17 01:05:00,0.0,614,0.0,3200,Female,25,0,0.407348333,0,1,2023-04-01,0,0.0,0.0,0.04900690876,0.407348333,77.92555625,3.818890625,9.375,1,1,0,0.0,0,258,251.0,151.07,10.04697188,1.20084375,0.407348333,1,0.407348333,1303.514666,10.30898599,9.410947884,12.42666406,5.024340941,10.37820848,8.07121854,2025-11-03 05:38:35.641484,151.07,0,1,0,0,0.4073483333,0.4073483333,19.3918774,1.249637743,0,0.2128383157,0,3200,0.4073,77.92555625,4.0,1.0,2,1,0.407348333
716,1986-05-01,AZ,737,576,3,2.0,1000,467.27,0.0,175657.93,4.0,2.0,0.0,0.0,0,0,0,155.0,120.3,256.79,256.79,211.0,149.66,31577.57,2023-01-14 05:33:00,0.0,1483,0.0,3100,Male,39,0,0.46727,0,0,2023-01-01,1,0.6666666667,500.0,0.002660113324,0.46727,56.66384839,0.1507322581,0.3225806452,1,1,0,0.0,0,351,211.0,256.79,10.1863129,1.448322581,0.0,0,0.46727,1448.537,6.908754779,6.149045053,12.0762995,5.5521453,10.360234,8.039479919,2025-11-03 05:36:35.641484,256.79,0,1,0,0,0.46727,0.46727,0.0,1.324245991,0,0.2234149785,1,3100,0.0,56.66384839,4.0,0.0,3,0,0.46727
717,1977-12-04,CO,693,519,4,0.0,31000,20848.4875,0.908,34973.73,11.0,3.0,1.0,0.0,0,0,0,95.0,68.5,366.7,366.7,203.0,236.44625,53705.59,2023-02-01 09:20:00,0.0,558,0.0,3600,Female,47,0,0.907990645,0,0,2023-02-01,1,0.0,0.0,0.4889038178,0.907990645,9.714925,6.45558796,8.611111111,1,1,0,0.0,0,333,203.0,366.7,15.30985833,2.2625,0.0,0,0.907990645,3268.766322,10.34177474,10.24525681,10.46238108,5.907267388,10.91720422,8.188966864,2025-11-03 05:38:35.641484,366.7,0,1,0,0,0.9079906452,0.9079906452,0.0,1.182213916,0,0.2280206203,1,3600,0.908,9.714925,11.0,1.0,4,0,0.907990645
718,1980-12-20,AZ,547,725,3,1.0,10000,6145.41,0.6145,180295.45,10.0,2.0,2.0,0.0,0,0,0,175.0,106.3,51.0,51.0,216.0,154.58,33388.28,2022-03-05 01:21:00,0.0,388,0.0,2300,Male,44,0,0.614541,0,0,2022-03-01,0,0.3333333333,2500.0,0.03408521957,0.614541,78.38932609,2.671917391,4.347826087,1,1,0,2.0,0,666,216.0,51.0,14.51664348,2.01626087,0.0,0,0.614541,1413.4443,9.210440367,8.723623451,12.10235772,3.951243719,10.41599017,7.74109909,2025-11-03 05:37:35.641484,51.0,0,1,0,0,0.614541,0.614541,0.0,1.170029173,0,0.2299641656,1,2300,0.6145,78.38932609,10.0,2.0,3,0,0.614541
719,1990-04-18,NC,639,551,3,0.0,30000,1722.68,0.0574,145439.75,5.0,3.0,1.0,0.0,0,0,0,138.0,115.3,139.79,139.79,249.0,84.16,20955.28,2022-06-16 01:09:00,0.0,416,0.0,3000,Female,35,0,0.057422667,0,0,2022-06-01,0,0.0,0.0,0.01184462982,0.057422667,48.47991667,0.5742266667,10.0,1,1,0,0.0,0,563,249.0,139.79,6.985093333,0.8416,0.0,0,0.057422667,172.268001,10.30898599,7.452216819,11.88752407,4.947269418,9.950193642,8.006700845,2025-11-03 05:36:35.641484,139.79,0,1,0,0,0.05742266667,0.05742266667,0.0,1.12406454,0,0.2114374088,1,3000,0.0574,48.47991667,5.0,1.0,3,0,0.057422667
72,1978-07-02,WA,697,585,3,0.0,3000,1668.75,0.5563,240705.27,10.0,3.0,2.5,0.0,0,0,0,173.0,103.3,47.85,47.85,249.0,130.31,32448.24,2023-06-05 05:57:00,0.0,1443,0.0,3000,Female,47,0,0.55625,0,0,2023-06-01,1,0.0,0.0,0.006932752241,0.55625,80.23509,0.55625,1.0,1,1,1,0.0,0,209,249.0,47.85,10.81608,1.3031,0.0,0,0.55625,1668.75,8.006700845,7.420429194,12.39133267,3.888754378,10.3874323,8.006700845,2025-11-03 05:37:35.641484,47.85,0,1,0,0,0.55625,0.55625,0.0,1.154228894,0,0.2059911636,1,3000,0.5563,80.23509,10.0,2.5,3,0,0.55625
720,1983-07-15,IN,785,568,2,0.0,1000,241.48,0.0,580391.195,14.0,3.0,2.0,0.0,0,0,0,109.0,91.0,49.33,49.33,224.0,156.1,34965.3,2023-06-02 15:47:00,0.0,997,0.0,3400,Male,42,0,0.24148,0,1,2023-06-01,1,0.0,0.0,0.000392828476,0.24148,180.8003588,0.07102352941,0.2941176471,1,1,0,0.0,0,211,224.0,49.33,10.28391176,1.377352941,0.24148,2,0.24148,821.032,6.908754779,5.490919233,13.32892577,3.918601321,10.46214002,8.131824785,2025-11-03 05:37:35.641484,49.33,0,1,0,0,0.24148,0.24148,20.3918774,1.177142501,0,0.1717348487,1,3400,0.0,180.8003588,14.0,2.0,2,1,0.24148
721,1987-05-09,VA,494,593,4,0.0,48500,20848.4875,0.397,35733.18,11.0,3.0,1.0,0.0,0,0,0,160.0,67.5,270.25,270.25,235.0,184.68,43399.73,2023-07-19 06:21:00,0.0,790,0.0,2300,Female,38,0,0.397035333,0,0,2023-07-01,0,0.0,0.0,0.4889038178,0.397035333,15.53616522,6.45558796,15.64516129,1,1,0,0.0,0,165,235.0,270.25,18.8428536,2.408869565,0.0,0,0.397035333,913.1812659,11.40757606,10.48386293,10.48386293,5.603040905,10.67823154,7.74109909,2025-11-03 05:39:35.641484,270.25,0,1,0,0,0.3970353333,0.3970353333,0.0,1.31073715,0,0.1778821771,0,2300,0.397,15.53616522,11.0,1.0,4,0,0.397035333
722,1997-08-15,FL,552,637,4,0.0,1000,1000.0,0.0,111414.47,10.0,3.0,0.0,0.0,0,0,0,181.0,105.0,984.0,984.0,221.0,128.59,28417.83,2022-05-12 23:46:00,0.0,589,0.0,2400,Female,28,0,1.0,0,0,2022-05-01,0,0.0,0.0,0.008975494835,1.0,46.42269583,0.4166666667,0.4166666667,1,1,0,0.0,0,597,221.0,984.0,11.8407625,1.607375,0.0,0,1.0,2400.0,6.908754779,6.908754779,11.62102147,6.892641641,10.25480723,7.783640596,2025-11-03 05:36:35.641484,984.0,0,1,0,0,1.0,1.0,0.0,1.315162825,0,0.1388300096,0,2400,0.0,46.42269583,10.0,0.0,4,0,1.0
723,1995-06-07,VA,587,520,2,0.0,0,0.0,0.0,24177.29,5.0,2.0,0.0,2.0,0,0,0,182.0,104.5,267.62,267.62,226.0,158.63,35850.65,2023-03-08 05:59:00,11.0,874,0.012585812,3100,Female,30,0,0.49068525,1,1,2023-03-01,0,0.0,0.0,0.0,0.49068525,7.799125806,0.0,0.0,1,1,0,0.0,0,298,226.0,267.62,11.56472581,1.535129032,0.0,0,0.477859,1590.507672,2.416580621,1.973596521,10.0932104,5.593297741,10.48714487,8.039479919,2025-11-03 05:36:35.641484,267.62,0,1,0,0,0.0,0.0,21.3918774,1.334253719,0,0.3557923762,1,3100,0.0,7.799125806,5.0,0.0,2,1,0.49068525
724,1985-07-02,MO,537,489,3,0.0,5000,4021.77,0.8044,24021.82,10.0,3.0,2.0,0.0,0,0,0,187.0,154.7,44.05,44.05,240.0,157.44,37786.29,2022-02-27 09:34:00,0.0,1199,0.0,2800,Female,40,0,0.804354,0,0,2022-02-01,0,0.0,0.0,0.1674215359,0.804354,8.579221429,1.436346429,1.785714286,1,1,0,0.0,0,672,240.0,44.05,13.49510357,1.686857143,0.0,0,0.804354,2252.1912,8.517393171,8.299725999,10.08675949,3.807772984,10.53972808,7.937731775,2025-11-03 05:36:35.641484,44.05,0,1,0,0,0.804354,0.804354,0.0,1.16815892,0,0.1830174888,0,2800,0.8044,8.579221429,10.0,2.0,3,0,0.804354
725,1979-12-05,CA,700,580,4,0.0,1000,295.93,0.0,231191.51,12.0,3.0,0.0,0.0,1,242,0,102.0,67.2,49.36,49.36,238.0,133.71,31823.06,2022-10-19 16:31:00,9.0,416,0.01942862,2800,Male,45,0,0.29593,1,0,2022-10-01,1,0.0,0.0,0.001280021053,0.29593,82.56839643,0.1056892857,0.3571428571,1,1,0,0.0,0,437,238.0,49.36,11.36537857,1.432607143,0.0,0,0.29593,828.604,6.908754779,5.693496421,12.35100602,3.919197209,10.36797789,7.937731775,2025-11-03 05:39:35.641484,49.36,0,1,0,0,0.29593,0.29593,0.0,1.179135277,0,0.1840729671,1,2800,0.0,82.56839643,12.0,0.0,4,0,0.29593
726,1981-09-19,MO,496,720,4,0.0,5000,1884.67,0.3769,271365.24,8.0,3.0,0.0,0.0,0,0,0,109.0,77.0,68.85,68.85,233.0,156.0,36348.69,2023-12-07 20:19:00,10.0,1110,0.009009009,3600,Male,44,0,0.376934,1,0,2023-12-01,0,0.0,0.0,0.006945141537,0.376934,75.37923333,0.5235194444,1.388888889,1,1,0,0.0,0,23,233.0,68.85,10.09685833,1.3,0.0,0,0.376934,1356.9624,8.517393171,7.542038474,12.51122463,4.246350086,10.50094095,8.188966864,2025-11-03 05:37:35.641484,68.85,0,1,0,0,0.376934,0.376934,0.0,1.203842495,0,0.09224838511,1,3600,0.3769,75.37923333,8.0,0.0,4,0,0.376934
727,1991-05-05,AZ,609,513,2,0.0,5000,994.47,0.1989,10064.5,7.0,2.0,1.0,0.0,0,0,0,181.0,105.0,13.18,13.18,232.0,109.82,25479.19,2023-06-26 03:45:00,0.0,576,0.0,2600,Male,34,0,0.198894,0,1,2023-06-01,0,0.0,0.0,0.09880967758,0.198894,3.870961538,0.3824884615,1.923076923,1,1,0,0.0,0,188,232.0,13.18,9.799688462,1.267153846,0.198894,1,0.198894,517.1244,8.517393171,6.903214987,9.216869014,2.651832521,10.14565657,7.863651265,2025-11-03 05:37:35.641484,13.18,0,1,0,0,0.198894,0.198894,20.3918774,1.094472492,0,0.2759737971,0,2600,0.1989,3.870961538,7.0,1.0,2,1,0.198894
728,1986-04-13,MO,485,543,2,0.0,30000,20560.03,0.6853,27555.93,4.0,2.0,1.0,0.0,0,0,0,75.0,43.5,115.84,115.84,239.0,134.5,32146.47,2023-01-20 21:14:00,0.0,1615,0.0,2900,Female,39,0,0.685334333,0,1,2023-01-01,0,0.0,0.0,0.4889038178,0.685334333,9.502044828,6.45558796,10.34482759,1,1,0,0.0,0,344,239.0,115.84,11.08498966,1.39137931,0.5846375,1,0.685334333,1987.469566,10.30898599,9.931152816,10.22400933,4.760805478,10.37808903,7.972810784,2025-11-03 05:39:35.641484,115.84,0,1,0,0,0.6853343333,0.6853343333,18.3918774,1.25174566,0,0.2127301052,0,2900,0.6853,9.502044828,4.0,1.0,2,1,0.685334333
729,1980-08-18,NC,780,574,3,1.0,30000,20848.4875,0.7612,41656.06,8.0,3.0,0.0,1.0,0,0,0,127.0,65.0,29.55,29.55,253.0,138.84,35126.16,2022-05-24 07:20:00,9.0,624,0.014423077,4700,Female,45,0,0.761226667,1,0,2022-05-01,1,0.3333333333,2500.0,0.4889038178,0.761226667,8.862991489,4.858893617,6.382978723,1,1,0,0.0,0,586,253.0,29.55,7.473651064,0.886212766,0.0,0,0.761226667,3577.765335,10.30898599,10.03617234,10.63722614,3.419364686,10.4667299,8.455530531,2025-11-03 05:39:35.641484,29.55,0,1,0,0,0.7612266667,0.7612266667,0.0,1.126167189,0,0.09026464909,1,4700,0.7612,8.862991489,8.0,0.0,3,0,0.761226667
73,1989-01-13,NJ,516,492,4,1.0,6000,3873.24,0.6455,279012.72,13.0,3.0,1.0,2.0,0,0,0,145.0,94.2,40.42,40.42,228.0,154.44,35212.69,2022-12-12 22:52:00,0.0,1204,0.0,2200,Male,36,0,0.64554,0,0,2022-12-01,0,0.25,2500.0,0.01388194775,0.64554,126.8239636,1.760563636,2.727272727,1,1,0,1.0,0,383,228.0,40.42,16.00576818,2.106,0.0,0,0.64554,1420.188,8.699681401,8.262104794,12.53901624,3.723763856,10.46919021,7.696667082,2025-11-03 05:36:35.641484,40.42,0,1,0,0,0.64554,0.64554,0.0,1.167010203,0,0.2252789195,1,2200,0.6455,126.8239636,13.0,1.0,4,0,0.64554
730,1981-08-24,CO,494,554,2,1.0,1000,1000.0,0.0,2112.67,6.0,3.0,1.0,1.0,0,0,0,129.0,99.5,25.75,25.75,221.0,196.21,43362.11,2023-11-15 21:51:00,9.0,771,0.011673152,2800,Male,44,0,1.0,1,1,2023-11-01,0,0.5,1000.0,0.4733346902,1.0,0.754525,0.3571428571,0.3571428571,1,1,0,1.0,0,45,221.0,25.75,15.48646786,2.10225,0.5846375,1,1.0,2800.0,6.908754779,6.908754779,7.656181052,3.286534473,10.67736436,7.937731775,2025-11-03 05:38:35.641484,25.75,0,1,0,0,1.0,1.0,19.3918774,1.095639623,0,0.2187688489,1,2800,0.0,0.754525,6.0,1.0,2,1,1.0
731,1994-03-24,VA,776,660,3,0.0,1000,96.56,0.0,39325.69,10.0,2.0,1.0,1.0,0,0,0,172.0,72.7,869.3,869.3,215.0,135.88,29213.57,2023-12-28 13:26:00,0.0,596,0.0,4600,Female,31,0,0.09656,0,0,2023-12-01,1,0.0,0.0,0.002455392391,0.09656,8.549063043,0.02099130435,0.2173913043,1,1,0,0.0,0,2,215.0,869.3,6.350776087,0.886173913,0.0,0,0.09656,444.176,6.908754779,4.580467573,10.5796587,6.76883798,10.28242284,8.43402895,2025-11-03 05:38:35.641484,869.3,0,1,0,0,0.09656,0.09656,0.0,1.328573523,0,0.1798900795,1,4600,0.0,8.549063043,10.0,1.0,3,0,0.09656
732,1975-03-24,IN,736,738,2,0.0,2000,647.87,0.3239,1472.04,6.0,2.0,0.0,2.0,0,0,0,184.0,105.0,1120.67,1120.67,244.0,132.36,32294.85,2022-01-29 08:39:00,0.0,536,0.0,3900,Male,50,0,0.323935,0,1,2022-01-01,1,0.0,0.0,0.4401171164,0.323935,0.3774461538,0.1661205128,0.5128205128,1,1,0,0.0,0,701,244.0,1120.67,8.280730769,1.018153846,0.323935,0,0.323935,1263.3465,7.601402335,6.475232388,7.295083572,7.808704936,10.38269402,8.26898821,2025-11-03 05:39:35.641484,1120.67,0,1,0,0,0.323935,0.323935,18.3918774,1.331335553,0,0.1902474431,1,3900,0.3239,0.3774461538,6.0,0.0,2,1,0.323935
733,1996-03-18,NY,530,750,3,0.0,1000,406.12,0.4061,399494.6,15.0,2.0,1.0,1.0,0,0,0,173.0,147.3,815.97,815.97,235.0,148.51,34900.78,2023-10-26 16:01:00,0.0,1065,0.0,3100,Female,29,0,0.40612,0,0,2023-10-01,0,0.0,0.0,0.001016584454,0.40612,128.8692258,0.1310064516,0.3225806452,1,1,0,0.0,0,65,235.0,815.97,11.25831613,1.437193548,0.0,0,0.40612,1258.972,6.908754779,6.009107982,12.89795803,6.705602374,10.46029311,8.039479919,2025-11-03 05:37:35.641484,815.97,0,1,0,0,0.40612,0.40612,0.0,1.377434655,0,0.2940707312,1,3100,0.4061,128.8692258,15.0,1.0,3,0,0.40612
734,1998-01-27,TX,578,567,3,0.0,20000,5859.57,0.293,10838.86,12.0,3.0,1.0,2.0,0,0,0,165.0,101.7,1120.67,1120.67,218.0,175.55,38269.03,2022-01-25 23:02:00,0.0,551,0.0,2700,Female,27,0,0.2929785,0,0,2022-01-01,0,0.0,0.0,0.4889038178,0.2929785,4.014392593,2.170211111,7.407407407,1,1,0,0.0,0,704,218.0,1120.67,14.17371481,1.950555556,0.0,0,0.2929785,791.04195,9.903537551,8.676002147,9.29098536,7.434399132,10.55242236,7.901377354,2025-11-03 05:39:35.641484,1120.67,0,1,0,0,0.2929785,0.2929785,0.0,1.32464071,0,0.2158704114,0,2700,0.293,4.014392593,12.0,1.0,3,0,0.2929785
735,1968-01-14,IL,530,738,2,1.0,3000,757.67,0.2526,757.67,6.0,2.0,2.0,0.0,0,0,0,123.0,98.5,617.37,617.37,234.0,121.74,28487.42,2023-06-08 11:32:00,0.0,1163,0.0,2300,Male,57,0,0.252556667,0,1,2023-06-01,0,0.5,2500.0,0.4889038178,0.252556667,0.3294217391,0.3294217391,1.304347826,1,1,0,2.0,0,205,234.0,617.37,12.38583478,1.587913043,0.252556667,2,0.252556667,580.8803341,8.006700845,6.6315669,6.6315669,6.427086984,10.25725297,7.74109909,2025-11-03 05:37:35.641484,617.37,0,1,0,0,0.2525566667,0.2525566667,20.3918774,1.372110357,0,0.205240609,0,2300,0.2526,0.3294217391,6.0,2.0,2,1,0.252556667
736,1979-02-23,IL,667,705,2,0.0,1000,597.63,0.0,7397.81,7.0,2.0,0.0,0.0,0,0,0,35.0,33.0,38.73,38.73,250.0,146.95,36737.98,2023-03-10 19:34:00,0.0,382,0.0,2800,Male,46,0,0.59763,0,1,2023-03-01,0,0.0,0.0,0.08078471872,0.59763,2.642075,0.2134392857,0.3571428571,1,1,0,0.0,0,295,250.0,38.73,13.12070714,1.574464286,0.5846375,0,0.0,1673.364,6.908754779,6.394643711,8.909074455,3.68210657,10.5115936,7.937731775,2025-11-03 05:39:35.641484,38.73,0,1,0,0,0.59763,0.59763,18.3918774,1.149923799,0,0.1342432732,1,2800,0.0,2.642075,7.0,0.0,2,1,0.59763
737,1965-04-17,MA,572,674,3,0.0,2000,740.75,0.3704,310701.53,12.0,3.0,1.0,1.0,0,0,0,53.0,33.3,135.63,135.63,223.0,153.78,34293.2,2023-05-06 06:51:00,0.0,1310,0.0,3100,Female,60,0,0.370375,0,0,2023-05-01,0,0.0,0.0,0.002384120864,0.370375,100.2263,0.2389516129,0.6451612903,1,1,0,0.0,0,239,223.0,135.63,11.06232258,1.488193548,0.0,0,0.0,1148.1625,7.601402335,6.609012259,12.64659124,4.917276542,10.44273152,8.039479919,2025-11-03 05:38:35.641484,135.63,0,1,0,0,0.370375,0.370375,0.0,1.269560939,0,0.2174260721,1,3100,0.3704,100.2263,12.0,1.0,3,0,0.370375
738,1988-01-20,WI,589,688,3,1.0,0,0.0,0.0,41495.27,7.0,2.0,2.0,0.0,1,1504,0,78.0,65.0,86.61,86.61,219.0,146.79,32147.99,2022-11-23 17:42:00,16.0,1021,0.015670911,2600,Female,37,0,0.49068525,1,0,2022-11-01,0,0.3333333333,0.0,0.0,0.49068525,15.95971923,0.0,0.0,1,1,0,2.0,0,402,219.0,86.61,12.36461154,1.693730769,0.0,0,0.477859,1590.507672,2.416580621,1.973596521,10.63335882,4.472895147,10.37813631,7.863651265,2025-11-03 05:37:35.641484,86.61,0,1,0,0,0.0,0.0,0.0,1.231127879,0,0.1316516825,0,2600,0.0,15.95971923,7.0,2.0,3,0,0.49068525
739,1995-11-16,CA,640,718,2,0.0,10000,9119.13,0.9119,21573.45,4.0,3.0,0.0,0.0,0,0,0,80.0,55.0,47.11,47.11,208.0,141.64,29460.75,2023-09-19 04:50:00,10.0,377,0.01942862,4000,Female,29,0,0.911913,1,1,2023-09-01,0,0.0,0.0,0.4227015151,0.911913,5.3933625,2.2797825,2.5,1,1,0,0.0,0,103,208.0,47.11,7.3651875,1.0623,0.5846375,0,0.911913,3647.652,9.210440367,9.118239337,9.979265023,3.873490056,10.29084809,8.294299609,2025-11-03 05:38:35.641484,47.11,0,1,0,0,0.911913,0.911913,19.3918774,1.15892383,0,0.2725991777,0,4000,0.9119,5.3933625,4.0,0.0,2,1,0.911913
74,1994-05-14,IN,649,524,3,0.0,11000,1203.66,0.1094,4415.9,17.0,3.0,1.0,1.0,0,0,0,127.0,100.7,263.62,263.62,245.0,112.84,27645.32,2022-02-10 21:20:00,0.0,1533,0.0,3000,Male,31,0,0.109423636,0,0,2022-02-01,0,0.0,0.0,0.2725741072,0.109423636,1.471966667,0.40122,3.666666667,1,1,0,0.0,0,688,245.0,263.62,9.215106667,1.1284,0.0,0,0.109423636,328.270908,9.305741457,7.093952648,8.393193372,5.578294835,10.22724791,8.006700845,2025-11-03 05:37:35.641484,263.62,0,1,0,0,0.1094236364,0.1094236364,0.0,1.307991123,0,0.2114214336,0,3000,0.1094,1.471966667,17.0,1.0,3,0,0.109423636
740,1965-09-18,MI,746,733,4,0.0,31000,20086.18,0.6479,38299.32,14.0,2.0,0.0,1.0,0,0,0,159.0,99.8,139.24,139.24,210.0,137.95,28970.09,2023-10-11 23:11:00,9.0,803,0.01120797,4900,Male,60,0,0.64794129,1,0,2023-10-01,1,0.0,0.0,0.4889038178,0.64794129,7.816187755,4.099220408,6.326530612,1,1,0,0.0,0,80,210.0,139.24,5.912263265,0.8445918367,0.0,0,0.64794129,3174.912321,10.34177474,9.90783708,10.55321353,4.943355241,10.27405372,8.497194545,2025-11-03 05:39:35.641484,139.24,0,1,0,0,0.6479412903,0.6479412903,0.0,1.281071472,0,0.2433177821,0,4900,0.6479,7.816187755,14.0,0.0,4,0,0.64794129
741,1965-01-17,NJ,627,522,4,1.0,1000,678.66,0.0,57185.89,10.0,3.0,1.0,1.0,1,1728,0,130.0,87.2,448.27,448.27,228.0,156.63,35711.38,2023-05-10 07:23:00,0.0,1648,0.0,4000,Female,60,0,0.67866,0,0,2023-05-01,0,0.25,1000.0,0.0118676128,0.67866,14.2964725,0.169665,0.25,1,1,0,1.0,0,235,228.0,448.27,8.927845,1.174725,0.0,0,0.67866,2714.64,6.908754779,6.521592673,10.95407996,6.107624043,10.48325269,8.294299609,2025-11-03 05:36:35.641484,448.27,0,1,0,0,0.67866,0.67866,0.0,1.375478092,0,0.2740987974,1,4000,0.0,14.2964725,10.0,1.0,4,0,0.67866
742,1999-05-01,TN,732,677,2,0.0,1000,467.96,0.0,69584.6,5.0,3.0,0.0,2.0,0,0,0,134.0,83.5,71.36,71.36,221.0,101.17,22358.61,2023-01-28 08:35:00,8.0,583,0.013722127,2800,Male,26,0,0.46796,1,1,2023-01-01,1,0.0,0.0,0.006725051233,0.46796,24.85164286,0.1671285714,0.3571428571,1,1,0,0.0,0,337,221.0,71.36,7.985217857,1.083964286,0.46796,0,0.46796,1310.288,6.908754779,6.150517477,11.15031293,4.281653661,10.01501149,7.937731775,2025-11-03 05:39:35.641484,71.36,0,1,0,0,0.46796,0.46796,18.3918774,1.240575717,0,0.2017693694,1,2800,0.0,24.85164286,5.0,0.0,2,1,0.46796
743,1992-03-04,FL,713,707,2,0.0,1000,401.93,0.0,235380.56,6.0,3.0,0.0,0.0,0,0,0,161.0,101.0,269.25,269.25,228.0,151.32,34501.48,2022-01-05 20:07:00,0.0,353,0.0,3100,Male,33,0,0.40193,0,1,2022-01-01,1,0.0,0.0,0.001707575171,0.40193,75.9292129,0.1296548387,0.3225806452,1,1,0,0.0,0,724,228.0,269.25,11.12950968,1.464387097,0.40193,0,0.40193,1245.983,6.908754779,5.99876285,12.36896314,5.599347457,10.44878648,8.039479919,2025-11-03 05:37:35.641484,269.25,0,1,0,0,0.40193,0.40193,20.3918774,1.341727871,0,0.1747341507,1,3100,0.0,75.9292129,6.0,0.0,2,1,0.40193
744,1998-03-08,AZ,763,628,4,0.0,25000,3225.22,0.129,218336.77,14.0,3.0,1.0,0.0,0,0,0,144.0,46.5,68.37,68.37,225.0,142.53,32069.34,2022-02-23 08:46:00,0.0,1122,0.0,4500,Female,27,0,0.1290088,0,0,2022-02-01,1,0.0,0.0,0.01477176749,0.1290088,48.51928222,0.7167155556,5.555555556,1,1,0,0.0,0,676,225.0,68.37,7.12652,0.9502,0.0,0,0.1290088,580.5396,10.1266711,8.079066452,12.29379855,4.239454497,10.37568689,8.412054873,2025-11-03 05:36:35.641484,68.37,0,1,0,0,0.1290088,0.1290088,0.0,1.215667885,0,0.1575377134,0,4500,0.129,48.51928222,14.0,1.0,4,0,0.1290088
745,1998-05-27,VA,576,723,4,0.0,48500,19530.85,0.3906,20227.11,14.0,3.0,1.0,2.0,0,0,0,174.0,92.8,78.55,78.55,235.0,164.08,38559.27,2022-09-15 15:45:00,0.0,365,0.0,2500,Female,27,0,0.390617,0,0,2022-09-01,0,0.0,0.0,0.4889038178,0.390617,8.090844,6.45558796,15.64516129,1,1,0,0.0,0,471,235.0,78.55,15.423708,1.96896,0.0,0,0.390617,976.5425,10.81979828,9.879801745,9.9148285,4.376385755,10.55997775,7.824445931,2025-11-03 05:38:35.641484,78.55,0,1,0,0,0.390617,0.390617,0.0,1.20863513,0,0.165369985,1,2500,0.3906,8.090844,14.0,1.0,4,0,0.390617
746,1982-07-03,VA,571,731,3,0.0,1000,941.24,0.0,231280.35,11.0,3.0,1.0,2.0,0,0,0,152.0,122.3,28.84,28.84,217.0,128.57,27898.73,2022-03-08 17:41:00,20.0,1287,0.015540016,2400,Male,43,0,0.94124,1,0,2022-03-01,0,0.0,0.0,0.004069692907,0.94124,96.3668125,0.3921833333,0.4166666667,1,1,0,0.0,0,662,217.0,28.84,11.62447083,1.607125,0.0,0,0.94124,2258.976,6.908754779,6.848260019,12.35139021,3.395849775,10.23637229,7.783640596,2025-11-03 05:36:35.641484,28.84,0,1,0,0,0.94124,0.94124,0.0,1.161297491,0,0.211982642,1,2400,0.0,96.3668125,11.0,1.0,3,0,0.94124
747,1990-08-19,OH,682,747,4,1.0,0,0.0,0.0,316265.66,9.0,2.0,2.5,0.0,0,0,0,158.0,112.0,187.26,187.26,240.0,134.02,32165.75,2022-01-28 19:05:00,0.0,612,0.0,3300,Female,35,0,0.49068525,0,0,2022-01-01,1,0.25,0.0,0.0,0.49068525,95.83807879,0.0,0.0,1,1,1,3.0,0,701,240.0,187.26,9.74719697,1.218363636,0.0,0,0.477859,1590.507672,2.416580621,1.973596521,12.664341,5.237823986,10.37868859,8.101980732,2025-11-03 05:36:35.641484,187.26,0,1,0,0,0.0,0.0,0.0,1.299432397,0,0.1506417654,1,3300,0.0,95.83807879,9.0,2.5,4,0,0.49068525
748,1979-05-22,TX,541,682,2,0.0,25000,16554.52,0.6622,16554.52,3.0,1.0,1.0,0.0,0,0,0,89.0,86.5,460.76,460.76,204.0,166.26,33916.78,2023-09-12 01:06:00,10.0,377,0.01942862,3000,Female,46,0,0.6621808,1,1,2023-09-01,0,0.0,0.0,0.4889038178,0.6621808,5.518173333,5.518173333,8.333333333,1,1,0,0.0,0,110,204.0,460.76,11.30559333,1.6626,0.5846375,1,0.6621808,1986.5424,10.1266711,9.71447486,9.71447486,6.135045276,10.43169464,8.006700845,2025-11-03 05:37:35.641484,460.76,0,1,0,0,0.6621808,0.6621808,20.3918774,1.307360646,0,0.2179675145,1,3000,0.6622,5.518173333,3.0,1.0,2,1,0.6621808
749,1967-02-13,PA,782,566,2,0.0,7000,2867.0,0.4096,2867.0,6.0,3.0,1.0,0.0,0,0,0,164.0,139.5,116.73,116.73,220.0,155.38,34184.57,2023-04-16 02:44:00,0.0,388,0.0,3400,Male,58,0,0.409571429,0,1,2023-04-01,1,0.0,0.0,0.4889038178,0.409571429,0.8432352941,0.8432352941,2.058823529,1,1,0,0.0,0,259,220.0,116.73,10.05428529,1.371,0.409571429,1,0.409571429,1392.542859,8.853808275,7.961370202,7.961370202,4.768393867,10.4395589,8.131824785,2025-11-03 05:36:35.641484,116.73,0,1,0,0,0.4095714286,0.4095714286,21.3918774,1.250146845,0,0.2712844153,0,3400,0.4096,0.8432352941,6.0,1.0,2,1,0.409571429
75,1996-03-07,GA,507,608,4,2.0,26000,6786.0,0.261,12156.02,17.0,3.0,2.0,1.0,0,0,0,155.0,91.2,76.6,76.6,206.0,189.6,39057.79,2022-10-27 05:26:00,8.0,1055,0.007582938,3200,Female,29,0,0.261,1,0,2022-10-01,0,0.5,2500.0,0.4889038178,0.261,3.79875625,2.120625,8.125,1,1,0,1.0,0,430,206.0,76.6,12.20555938,1.7775,0.0,0,0.261,835.2,10.16589028,8.822764297,9.40566206,4.351567427,10.57282323,8.07121854,2025-11-03 05:38:35.641484,76.6,0,1,0,0,0.261,0.261,0.0,1.109465919,0,0.1915183959,0,3200,0.261,3.79875625,17.0,2.0,4,0,0.261
750,1989-09-16,NY,666,653,3,0.0,0,0.0,0.0,66857.06,12.0,3.0,1.0,2.0,0,0,0,123.0,66.3,97.41,97.41,248.0,117.05,29027.89,2023-11-03 17:42:00,0.0,1531,0.0,2900,Female,36,0,0.49068525,0,0,2023-11-01,0,0.0,0.0,0.0,0.49068525,23.05415862,0.0,0.0,1,1,0,0.0,0,57,248.0,97.41,10.00961724,1.210862069,0.0,0,0.477859,1590.507672,2.416580621,1.973596521,11.11032714,4.589142425,10.27604682,7.972810784,2025-11-03 05:37:35.641484,97.41,0,1,0,0,0.0,0.0,0.0,1.200785146,0,0.1934051339,1,2900,0.0,23.05415862,12.0,1.0,3,0,0.49068525
751,1965-12-06,TX,784,542,3,0.0,40000,17368.15,0.4342,23212.98,9.0,3.0,1.0,1.0,0,0,0,166.0,105.7,138.07,138.07,242.0,97.8,23668.07,2022-06-08 05:32:00,14.0,1488,0.009408602,3400,Female,59,0,0.43420375,1,0,2022-06-01,1,0.0,0.0,0.4889038178,0.43420375,6.827347059,5.108279412,11.76470588,1,1,0,0.0,0,571,242.0,138.07,6.961197059,0.8629411765,0.0,0,0.43420375,1476.29275,10.59665973,9.762450923,10.05250996,4.934977403,10.07192441,8.131824785,2025-11-03 05:39:35.641484,138.07,0,1,0,0,0.43420375,0.43420375,0.0,1.21782723,0,0.1056428451,0,3400,0.4342,6.827347059,9.0,1.0,3,0,0.43420375
752,1996-07-21,NC,697,622,2,0.0,1000,587.05,0.0,247322.31,7.0,3.0,1.0,1.0,0,0,0,146.0,130.0,180.22,180.22,231.0,129.97,30023.58,2023-05-28 00:54:00,0.0,975,0.0,3900,Female,29,0,0.58705,0,1,2023-05-01,1,0.0,0.0,0.00237362331,0.58705,63.41597692,0.150525641,0.2564102564,1,1,0,0.0,0,217,231.0,180.22,7.698353846,0.9997692308,0.5846375,1,0.58705,2289.495,6.908754779,6.376811978,12.41845171,5.199711763,10.30977166,8.26898821,2025-11-03 05:38:35.641484,180.22,0,1,0,0,0.58705,0.58705,19.3918774,1.313374544,0,0.135309563,1,3900,0.0,63.41597692,7.0,1.0,2,1,0.58705
753,2001-02-17,NY,684,723,4,1.0,30000,1479.23,0.0493,320147.18,8.0,3.0,1.0,0.0,0,0,0,127.0,86.2,76.24,76.24,227.0,109.2,24787.54,2022-05-08 04:31:00,0.0,947,0.0,3800,Female,24,0,0.049307667,0,0,2022-05-01,1,0.25,2500.0,0.004620468623,0.049307667,84.24925789,0.3892710526,7.894736842,1,1,0,1.0,0,602,227.0,76.24,6.523036842,0.8621052632,0.0,0,0.049307667,187.3691346,10.30898599,7.29995276,12.67653923,4.346917458,10.11813673,8.243019469,2025-11-03 05:37:35.641484,76.24,0,1,0,0,0.04930766667,0.04930766667,0.0,1.232539496,0,0.205549896,0,3800,0.0493,84.24925789,8.0,1.0,4,0,0.049307667
754,1979-04-28,MO,728,555,2,0.0,1000,429.32,0.0,319202.71,6.0,3.0,0.0,0.0,0,0,0,150.0,108.0,1120.67,1120.67,247.0,142.62,35227.7,2022-05-28 15:42:00,11.0,582,0.018900344,3700,Male,46,0,0.42932,1,1,2022-05-01,1,0.0,0.0,0.00134497605,0.42932,86.2710027,0.1160324324,0.2702702703,1,1,0,0.0,0,581,247.0,1120.67,9.521,1.156378378,0.42932,0,0.42932,1588.484,6.908754779,6.064529118,12.67358477,7.950861905,10.46961637,8.216358332,2025-11-03 05:37:35.641484,1120.67,0,1,0,0,0.42932,0.42932,20.3918774,1.347828718,0,0.2150365994,1,3700,0.0,86.2710027,6.0,0.0,2,1,0.42932
755,1995-05-02,TX,535,608,2,1.0,2000,596.45,0.2982,245373.74,6.0,3.0,0.0,0.0,0,0,0,51.0,47.0,374.8,374.8,254.0,131.18,33318.78,2022-06-05 03:29:00,8.0,532,0.015037594,3100,Female,30,0,0.298225,1,1,2022-06-01,0,0.5,2000.0,0.002430781713,0.298225,79.15281935,0.1924032258,0.6451612903,1,1,0,0.0,0,574,254.0,374.8,10.74799355,1.269483871,0.298225,0,0.298225,924.4975,7.601402335,6.392670598,12.41054187,5.929057087,10.41390649,8.039479919,2025-11-03 05:38:35.641484,374.8,0,1,0,0,0.298225,0.298225,19.3918774,1.335750092,0,0.2349967878,1,3100,0.2982,79.15281935,6.0,0.0,2,1,0.298225
756,1982-09-19,NY,734,548,2,1.0,1000,564.08,0.0,28226.6,6.0,2.0,1.0,0.0,1,2146,0,97.0,48.5,227.72,227.72,248.0,124.14,30787.84,2022-03-06 13:53:00,6.0,1565,0.003833866,2600,Male,43,0,0.56408,1,1,2022-03-01,1,0.5,1000.0,0.01998398674,0.56408,10.85638462,0.2169538462,0.3846153846,1,1,0,1.0,0,664,248.0,227.72,11.84147692,1.432384615,0.56408,1,0.56408,1466.608,6.908754779,6.336967314,10.2480555,5.432498548,10.33490757,7.863651265,2025-11-03 05:39:35.641484,227.72,0,1,0,0,0.56408,0.56408,18.3918774,1.297537932,0,0.2549067754,1,2600,0.0,10.85638462,6.0,1.0,2,1,0.56408
757,1976-06-01,AZ,530,514,2,0.0,1000,938.94,0.0,433676.78,7.0,2.0,1.0,0.0,0,0,0,178.0,94.5,29.9,29.9,217.0,128.98,27988.22,2023-09-19 08:11:00,12.0,1072,0.01119403,2700,Female,49,0,0.93894,1,1,2023-09-01,0,0.0,0.0,0.002165068649,0.93894,160.6210296,0.3477555556,0.3703703704,1,1,0,0.0,0,103,217.0,29.9,10.36600741,1.433111111,0.5846375,1,0.93894,2535.138,6.908754779,6.845816043,12.98005709,3.430756184,10.23957472,7.901377354,2025-11-03 05:39:35.641484,29.9,0,1,0,0,0.93894,0.93894,18.3918774,1.163317529,0,0.1611153449,1,2700,0.0,160.6210296,7.0,1.0,2,1,0.93894
758,2002-03-25,PA,493,675,3,0.0,10000,8692.54,0.8693,211578.52,5.0,2.0,0.0,0.0,0,0,0,123.0,101.0,1120.67,1120.67,247.0,132.64,32761.86,2023-11-11 13:54:00,11.0,982,0.011201629,2600,Female,23,0,0.869254,1,0,2023-11-01,0,0.0,0.0,0.04108422726,0.869254,81.37635385,3.343284615,3.846153846,1,1,0,0.0,0,49,247.0,1120.67,12.60071538,1.530461538,0.0,0,0.869254,2260.0604,9.210440367,9.0703355,12.26235619,7.86413942,10.39705084,7.863651265,2025-11-03 05:39:35.641484,1120.67,0,1,0,0,0.869254,0.869254,0.0,1.33324631,0,0.2286513969,0,2600,0.8693,81.37635385,5.0,0.0,3,0,0.869254
759,1969-05-06,MO,558,798,3,0.0,5000,3494.12,0.6988,368085.93,9.0,3.0,0.0,2.0,0,0,0,182.0,104.0,32.77,32.77,220.0,202.29,44504.28,2022-05-16 00:44:00,0.0,1000,0.0,2600,Male,56,0,0.698824,0,0,2022-05-01,0,0.0,0.0,0.009492674713,0.698824,141.5715115,1.343892308,1.923076923,1,1,0,0.0,0,594,220.0,32.77,17.11703077,2.334115385,0.0,0,0.698824,1816.9424,8.517393171,8.159122989,12.81607441,3.519572834,10.70336311,7.863651265,2025-11-03 05:36:35.641484,32.77,0,1,0,0,0.698824,0.698824,0.0,1.098186109,0,0.1368027407,1,2600,0.6988,141.5715115,9.0,0.0,3,0,0.698824
76,1978-01-19,IN,774,612,3,0.0,30000,12690.96,0.423,109152.48,12.0,2.0,0.0,1.0,0,0,0,78.0,52.3,21.85,21.85,257.0,127.71,32822.18,2022-04-08 01:11:00,0.0,1658,0.0,4600,Female,47,0,0.423032,0,0,2022-04-01,1,0.0,0.0,0.1162681782,0.423032,23.7288,2.758904348,6.52173913,1,1,0,0.0,0,632,257.0,21.85,7.135256522,0.8328913043,0.0,0,0.423032,1945.9472,10.30898599,9.448724001,11.60051024,3.128951117,10.39889025,8.43402895,2025-11-03 05:38:35.641484,21.85,0,1,0,0,0.423032,0.423032,0.0,1.091402358,0,0.2315630228,1,4600,0.423,23.7288,12.0,0.0,3,0,0.423032
760,1980-10-27,PA,519,718,3,0.0,25000,20848.4875,0.8495,25865.24,8.0,3.0,2.5,0.0,0,0,0,166.0,90.0,440.49,440.49,237.0,155.91,36950.2,2023-09-23 20:20:00,14.0,834,0.016786571,2600,Female,44,0,0.84947,1,0,2023-09-01,0,0.0,0.0,0.4889038178,0.84947,9.948169231,6.45558796,9.615384615,1,1,1,0.0,0,98,237.0,440.49,14.21161538,1.798961538,0.0,0,0.84947,2208.622,10.1266711,9.963535538,10.16069392,6.09015537,10.5173534,7.863651265,2025-11-03 05:38:35.641484,440.49,0,1,0,0,0.84947,0.84947,0.0,1.373109909,0,0.2410339449,1,2600,0.8495,9.948169231,8.0,2.5,3,0,0.84947
761,1999-06-13,IL,630,731,2,0.0,2000,540.76,0.2704,5410.68,8.0,3.0,0.0,2.5,0,0,0,92.0,59.0,51.83,51.83,246.0,114.91,28267.48,2022-05-30 12:33:00,0.0,608,0.0,2600,Male,26,0,0.27038,0,1,2022-05-01,0,0.0,0.0,0.09994307555,0.27038,2.081030769,0.2079846154,0.7692307692,1,1,0,0.0,0,579,246.0,51.83,10.87210769,1.325884615,0.27038,0,0.27038,702.988,7.601402335,6.294823099,8.59631486,3.967079211,10.24950268,7.863651265,2025-11-03 05:38:35.641484,51.83,0,1,0,0,0.27038,0.27038,19.3918774,1.147026064,0,0.1764600332,1,2600,0.2704,2.081030769,8.0,0.0,2,1,0.27038
762,1970-09-24,VA,757,756,2,1.0,2000,1030.63,0.5153,12263.22,8.0,3.0,0.0,0.0,0,0,0,107.0,58.5,424.64,424.64,209.0,156.6,32728.76,2022-10-04 05:57:00,0.0,380,0.0,4500,Male,55,0,0.515315,0,1,2022-10-01,1,0.5,2000.0,0.08404236408,0.515315,2.72516,0.2290288889,0.4444444444,1,1,0,0.0,0,453,209.0,424.64,7.273057778,1.044,0.515315,0,0.515315,2318.9175,7.601402335,6.938895355,9.414441359,6.053593919,10.39604003,8.412054873,2025-11-03 05:36:35.641484,424.64,0,1,0,0,0.515315,0.515315,21.3918774,1.340860237,0,0.2003942339,0,4500,0.5153,2.72516,8.0,0.0,2,1,0.515315
763,1968-02-14,OH,496,540,3,0.0,30000,12623.47,0.4208,262079.67,10.0,3.0,0.0,1.0,0,0,0,98.0,79.3,43.67,43.67,256.0,174.01,44545.33,2022-10-31 22:26:00,0.0,1165,0.0,2900,Male,57,0,0.420782333,0,0,2022-10-01,0,0.0,0.0,0.04816653653,0.420782333,90.3723,4.35292069,10.34482759,1,1,0,0.0,0,425,256.0,43.67,15.36045862,1.800103448,0.0,0,0.420782333,1220.268766,10.30898599,9.443392273,12.47640764,3.799302135,10.70428505,7.972810784,2025-11-03 05:37:35.641484,43.67,0,1,0,0,0.4207823333,0.4207823333,0.0,1.154415163,0,0.2200802322,1,2900,0.4208,90.3723,10.0,0.0,3,0,0.420782333
764,1969-06-20,WI,710,672,2,0.0,1000,356.95,0.0,16048.02,3.0,2.0,0.0,1.0,0,0,0,159.0,149.5,265.17,265.17,245.0,158.88,38925.43,2023-07-05 02:32:00,0.0,854,0.0,3700,Female,56,0,0.35695,0,1,2023-07-01,1,0.0,0.0,0.02224261934,0.35695,4.337302703,0.09647297297,0.2702702703,1,1,0,0.0,0,179,245.0,265.17,10.52038649,1.288216216,0.35695,0,0.35695,1320.715,6.908754779,5.880393312,9.683403068,5.584135202,10.56942873,8.216358332,2025-11-03 05:39:35.641484,265.17,0,1,0,0,0.35695,0.35695,18.3918774,1.321285784,0,0.209076511,1,3700,0.0,4.337302703,3.0,0.0,2,1,0.35695
765,1990-06-01,NJ,715,496,2,1.0,5000,4148.59,0.8297,123659.73,2.0,1.0,0.0,1.0,0,0,0,141.0,84.5,300.67,300.67,231.0,151.36,34964.95,2023-05-04 19:33:00,7.0,894,0.007829978,3000,Male,35,0,0.829718,1,1,2023-05-01,1,0.5,2500.0,0.03354843165,0.829718,41.21991,1.382863333,1.666666667,1,1,0,0.0,0,240,231.0,300.67,11.65498333,1.5136,0.5846375,0,0.829718,2489.154,8.517393171,8.330764813,11.72529705,5.709333705,10.46213001,8.006700845,2025-11-03 05:37:35.641484,300.67,0,1,0,0,0.829718,0.829718,20.3918774,1.350298537,0,0.2345320028,0,3000,0.8297,41.21991,2.0,0.0,2,1,0.829718
766,1993-08-08,VA,765,564,2,0.0,30000,3050.49,0.1017,50356.62,5.0,3.0,0.0,1.0,0,0,0,100.0,98.0,355.34,355.34,232.0,87.04,20192.54,2023-09-26 04:34:00,11.0,801,0.013732834,4300,Female,32,0,0.101683,1,1,2023-09-01,1,0.0,0.0,0.06057773536,0.101683,11.71084186,0.7094162791,6.976744186,1,1,0,0.0,0,96,232.0,355.34,4.695939535,0.607255814,0.101683,0,0.101683,437.2369,10.30898599,8.023385275,10.82690523,5.875885331,9.91311803,8.366602833,2025-11-03 05:36:35.641484,355.34,0,1,0,0,0.101683,0.101683,21.3918774,1.298969898,0,0.2543615879,1,4300,0.1017,11.71084186,5.0,0.0,2,1,0.101683
767,2000-07-14,WA,700,639,4,1.0,1000,336.97,0.0,111768.76,11.0,3.0,1.0,0.0,0,0,1,173.0,82.5,819.4,819.4,238.0,130.37,31028.14,2023-02-28 08:51:00,22.5,946,0.01942862,2900,Male,25,0,0.33697,1,0,2023-02-01,1,0.25,1000.0,0.003014885376,0.33697,38.54095172,0.1161965517,0.3448275862,1,1,0,1.0,0,306,238.0,819.4,10.69935862,1.348655172,0.0,0,0.33697,977.213,6.908754779,5.822957134,11.62419632,6.709792026,10.34268204,7.972810784,2025-11-03 05:37:35.641484,819.4,0,1,0,0,0.33697,0.33697,0.0,1.363138758,0,0.1596002965,0,2900,0.0,38.54095172,11.0,1.0,4,0,0.33697
768,2002-11-13,TX,729,771,3,0.0,15000,6810.41,0.454,24249.01,9.0,3.0,2.0,1.0,0,0,0,70.0,52.0,115.46,115.46,250.0,126.18,31543.9,2022-09-06 17:05:00,0.0,559,0.0,3800,Female,22,0,0.454027333,0,0,2022-09-01,1,0.0,0.0,0.2808531152,0.454027333,6.381318421,1.792213158,3.947368421,1,1,0,0.0,0,480,250.0,115.46,8.301026316,0.9961578947,0.0,0,0.454027333,1725.303865,9.615872145,8.826354426,10.09617231,4.757547866,10.35916721,8.243019469,2025-11-03 05:39:35.641484,115.46,0,1,0,0,0.4540273333,0.4540273333,0.0,1.222919983,0,0.3026509841,0,3800,0.454,6.381318421,9.0,2.0,3,0,0.454027333
769,1983-04-23,TX,763,723,2,0.0,10000,7484.91,0.7485,11057.46,6.0,3.0,0.0,1.0,0,0,0,66.0,38.5,231.14,231.14,221.0,122.84,27147.61,2023-02-19 11:56:00,10.0,628,0.015923567,4600,Male,42,0,0.748491,1,1,2023-02-01,1,0.0,0.0,0.4889038178,0.748491,2.403795652,1.627154348,2.173913043,1,1,0,0.0,0,314,221.0,231.14,5.901654348,0.8011304348,0.5846375,0,0.748491,3443.0586,9.210440367,8.920777866,9.310951025,5.447340638,10.20908113,8.43402895,2025-11-03 05:39:35.641484,231.14,0,1,0,0,0.748491,0.748491,18.3918774,1.356222198,0,0.1898920801,1,4600,0.7485,2.403795652,6.0,0.0,2,1,0.748491
77,1968-12-11,NY,678,687,3,0.0,10000,348.92,0.0349,521690.3,5.0,2.0,1.0,2.0,0,0,0,160.0,130.3,154.36,154.36,251.0,84.82,21289.78,2023-02-13 20:06:00,0.0,1638,0.0,2700,Male,56,0,0.034892,0,0,2023-02-01,1,0.0,0.0,0.0006688259299,0.034892,183.5765946,0.1292296296,3.703703704,1,1,0,0.0,0,320,251.0,154.36,7.885103704,0.9424444444,0.0,0,0.034892,94.2084,9.210440367,5.857704557,13.16483131,5.045745005,9.966029394,7.901377354,2025-11-03 05:39:35.641484,154.36,0,1,0,0,0.034892,0.034892,0.0,1.131467334,0,0.1709712148,1,2700,0.0349,183.5765946,5.0,1.0,3,0,0.034892
770,1970-05-05,PA,739,680,3,1.0,1000,349.4,0.0,334970.81,10.0,2.0,0.0,0.0,0,0,0,166.0,100.3,1120.67,1120.67,230.0,121.53,27952.98,2022-01-11 01:46:00,0.0,557,0.0,3800,Female,55,0,0.3494,0,0,2022-01-01,1,0.3333333333,1000.0,0.001043075962,0.3494,88.15021316,0.09194736842,0.2631578947,1,1,0,0.0,0,719,230.0,1120.67,7.356047368,0.9594473684,0.0,0,0.3494,1327.72,6.908754779,5.859075359,12.72180166,7.701724693,10.23831487,8.243019469,2025-11-03 05:36:35.641484,1120.67,0,1,0,0,0.3494,0.3494,0.0,1.294113634,0,0.2074430755,0,3800,0.0,88.15021316,10.0,0.0,3,0,0.3494
771,1974-12-13,NC,733,795,4,1.0,1000,960.48,0.9605,89886.89,11.0,3.0,0.0,1.0,0,0,0,124.0,65.0,1120.67,1120.67,227.0,130.28,29573.41,2023-07-12 11:08:00,0.0,380,0.0,3800,Male,50,0,0.96048,0,0,2023-07-01,1,0.25,1000.0,0.01068542921,0.96048,23.65444474,0.2527578947,0.2631578947,1,1,0,0.0,0,172,227.0,1120.67,7.782476316,1.028526316,0.0,0,0.96048,3649.824,6.908754779,6.868473764,11.40631851,7.497939068,10.29466474,8.243019469,2025-11-03 05:38:35.641484,1120.67,0,1,0,0,0.96048,0.96048,0.0,1.306300365,0,0.1961352706,1,3800,0.9605,23.65444474,11.0,0.0,4,0,0.96048
772,1988-02-03,CA,625,511,3,0.0,0,0.0,0.0,440654.1,8.0,3.0,1.0,1.0,0,0,0,152.0,98.3,172.11,172.11,252.0,118.26,29802.2,2023-01-21 23:33:00,0.0,364,0.0,3600,Female,37,0,0.49068525,0,0,2023-01-01,0,0.0,0.0,0.0,0.49068525,122.4039167,0.0,0.0,1,1,0,0.0,0,343,252.0,172.11,8.278388889,0.9855,0.0,0,0.477859,1590.507672,2.416580621,1.973596521,12.99601776,5.153927231,10.30237105,8.188966864,2025-11-03 05:39:35.641484,172.11,0,1,0,0,0.0,0.0,0.0,1.250427361,0,0.2002331762,0,3600,0.0,122.4039167,8.0,1.0,3,0,0.49068525
773,1984-08-12,NJ,782,545,2,2.0,1000,163.05,0.0,74685.53,4.0,3.0,2.0,0.0,0,0,0,101.0,53.0,168.83,168.83,234.0,86.52,20245.38,2023-01-22 02:11:00,0.0,766,0.0,4700,Male,41,0,0.16305,0,1,2023-01-01,1,0.8333333333,500.0,0.002183153818,0.16305,15.8905383,0.03469148936,0.2127659574,1,1,0,1.0,0,343,234.0,168.83,4.30752766,0.5522553191,0.16305,2,0.16305,766.335,6.908754779,5.100171259,11.22105503,5.134797937,9.915731291,8.455530531,2025-11-03 05:38:35.641484,168.83,0,1,0,0,0.16305,0.16305,19.3918774,1.234116309,0,0.141705189,1,4700,0.0,15.8905383,4.0,2.0,2,1,0.16305
774,1971-03-03,WA,658,800,2,0.0,1000,449.3,0.0,40882.11,3.0,3.0,0.0,2.5,0,0,0,182.0,167.0,1120.67,1120.67,245.0,132.19,32386.72,2022-04-28 15:20:00,0.0,918,0.0,3500,Female,54,0,0.4493,0,1,2022-04-01,0,0.0,0.0,0.01099013725,0.4493,11.68060286,0.1283714286,0.2857142857,1,1,0,0.0,0,611,245.0,1120.67,9.253348571,1.133057143,0.4493,0,0.4493,1572.55,6.908754779,6.109914027,10.6184723,7.3803493,10.38553462,8.160803921,2025-11-03 05:37:35.641484,1120.67,0,1,0,0,0.4493,0.4493,20.3918774,1.331589901,0,0.1984895772,1,3500,0.0,11.68060286,3.0,0.0,2,1,0.4493
775,1992-08-18,IN,674,699,3,1.0,30000,9604.9,0.3202,198170.79,7.0,3.0,0.0,0.0,0,0,0,157.0,113.0,189.24,189.24,232.0,145.28,33705.3,2022-01-28 23:25:00,12.0,1147,0.010462075,3400,Female,33,0,0.320163333,1,0,2022-01-01,1,0.3333333333,2500.0,0.04846778882,0.320163333,58.28552647,2.824970588,8.823529412,1,1,0,0.0,0,701,232.0,189.24,9.913323529,1.281882353,0.0,0,0.320163333,1088.555332,10.30898599,9.170132772,12.19688956,5.248286433,10.42544004,8.131824785,2025-11-03 05:38:35.641484,189.24,0,1,0,0,0.3201633333,0.3201633333,0.0,1.30874543,0,0.245006275,1,3400,0.3202,58.28552647,7.0,0.0,3,0,0.320163333
776,1997-07-04,CA,662,659,4,1.0,10000,3521.65,0.3522,54875.27,11.0,3.0,0.0,1.0,0,0,0,184.0,141.0,286.91,286.91,243.0,129.68,31512.95,2023-05-30 00:20:00,12.0,613,0.01942862,3600,Female,28,0,0.352165,1,0,2023-05-01,0,0.25,2500.0,0.06417553845,0.352165,15.24313056,0.9782361111,2.777777778,1,1,0,0.0,0,215,243.0,286.91,8.753597222,1.080666667,0.0,0,0.352165,1267.794,9.210440367,8.166968826,10.91283629,5.662647931,10.35818558,8.188966864,2025-11-03 05:39:35.641484,286.91,0,1,0,0,0.352165,0.352165,0.0,1.334917517,0,0.1749231345,1,3600,0.3522,15.24313056,11.0,0.0,4,0,0.352165
777,1970-06-18,TX,605,600,3,0.0,21000,2646.85,0.126,168961.57,11.0,3.0,2.0,1.0,0,0,0,135.0,88.7,449.39,449.39,225.0,99.17,22312.88,2022-08-03 19:33:00,0.0,613,0.0,2700,Female,55,0,0.126040476,0,0,2022-08-01,0,0.0,0.0,0.01566539658,0.126040476,62.57835926,0.9803148148,7.777777778,1,1,0,0.0,0,514,225.0,449.39,8.26402963,1.101888889,0.0,0,0.126040476,340.3092852,9.952325335,7.881503269,12.03743249,6.110113874,10.01296419,7.901377354,2025-11-03 05:37:35.641484,449.39,0,1,0,0,0.1260404762,0.1260404762,0.0,1.355822799,0,0.2190665426,1,2700,0.126,62.57835926,11.0,2.0,3,0,0.126040476
778,1985-07-01,GA,783,513,3,0.0,20000,4470.59,0.2235,4470.59,9.0,3.0,0.0,0.0,0,0,0,143.0,70.0,33.9,33.9,225.0,101.89,22926.32,2022-02-09 18:46:00,10.0,725,0.013793103,4900,Female,40,0,0.2235295,1,0,2022-02-01,1,0.0,0.0,0.4889038178,0.2235295,0.9123653061,0.9123653061,4.081632653,1,1,0,0.0,0,689,225.0,33.9,4.678840816,0.6238163265,0.0,0,0.2235295,1095.29455,9.903537551,8.405499329,8.405499329,3.552486829,10.04008449,8.497194545,2025-11-03 05:38:35.641484,33.9,0,1,0,0,0.2235295,0.2235295,0.0,1.157660931,0,0.247185859,0,4900,0.2235,0.9123653061,9.0,0.0,3,0,0.2235295
779,1991-07-25,TX,538,566,4,0.0,2000,449.49,0.2247,33367.6,10.0,3.0,0.0,0.0,0,0,0,122.0,99.5,178.82,178.82,244.0,151.26,36908.48,2022-08-18 10:56:00,7.0,1141,0.006134969,2400,Female,34,0,0.224745,1,0,2022-08-01,0,0.0,0.0,0.01347085196,0.224745,13.90316667,0.1872875,0.8333333333,1,1,0,0.0,0,500,244.0,178.82,15.37853333,1.89075,0.0,0,0.224745,539.388,7.601402335,6.110335879,10.41537062,5.191956351,10.51622371,7.783640596,2025-11-03 05:39:35.641484,178.82,0,1,0,0,0.224745,0.224745,0.0,1.28487077,0,0.2669506537,1,2400,0.2247,13.90316667,10.0,0.0,4,0,0.224745
78,1968-10-16,TN,641,679,4,0.0,35000,9815.4,0.2804,31141.65,12.0,3.0,1.0,0.0,0,0,0,151.0,70.5,40.39,40.39,247.0,119.4,29491.27,2023-04-10 12:16:00,12.0,1045,0.011483254,3600,Female,57,0,0.28044,1,0,2023-04-01,0,0.0,0.0,0.3151856116,0.28044,8.650458333,2.7265,9.722222222,1,1,0,0.0,0,264,247.0,40.39,8.192019444,0.995,0.0,0,0.28044,1009.584,10.46313191,9.191809735,10.34633354,3.723039306,10.29188347,8.188966864,2025-11-03 05:36:35.641484,40.39,0,1,0,0,0.28044,0.28044,0.0,1.133779617,0,0.1859844972,1,3600,0.2804,8.650458333,12.0,1.0,4,0,0.28044
780,2000-04-19,TN,755,499,3,0.0,20000,1925.54,0.0963,324897.26,5.0,3.0,1.0,0.0,0,0,0,129.0,76.3,567.89,567.89,215.0,78.26,16826.39,2022-07-23 15:21:00,10.0,966,0.010351967,3100,Male,25,0,0.096277,1,0,2022-07-01,1,0.0,0.0,0.005926612,0.096277,104.8055677,0.6211419355,6.451612903,1,1,0,0.0,0,525,215.0,567.89,5.427867742,0.7573548387,0.0,0,0.096277,298.4587,9.903537551,7.563480927,12.69126737,6.343687094,9.748329953,8.039479919,2025-11-03 05:38:35.641484,567.89,0,1,0,0,0.096277,0.096277,0.0,1.225434044,0,0.1531610325,1,3100,0.0963,104.8055677,5.0,1.0,3,0,0.096277
781,1975-11-13,WA,696,616,3,0.0,31000,19459.12,0.6277,92528.57,9.0,3.0,1.0,1.0,0,0,0,91.0,35.3,296.96,296.96,218.0,105.59,23018.26,2022-02-17 04:43:00,0.0,593,0.0,3600,Female,49,0,0.627713548,0,0,2022-02-01,1,0.0,0.0,0.2103039094,0.627713548,25.70238056,5.405311111,8.611111111,1,1,0,0.0,0,682,218.0,296.96,6.393961111,0.8799166667,0.0,0,0.0,2259.768773,10.34177474,9.876122522,11.43528355,5.696959249,10.04408654,8.188966864,2025-11-03 05:38:35.641484,296.96,0,1,0,0,0.6277135484,0.6277135484,0.0,1.378700558,0,0.1418714569,0,3600,0.6277,25.70238056,9.0,1.0,3,0,0.627713548
782,1973-05-10,NJ,720,642,4,1.0,7000,5648.12,0.8069,408915.65,11.0,3.0,0.0,1.0,1,509,0,181.0,98.0,350.77,350.77,243.0,186.48,45314.81,2023-10-11 14:26:00,0.0,978,0.0,2700,Male,52,0,0.806874286,0,0,2023-10-01,1,0.25,2500.0,0.01381243296,0.806874286,151.4502407,2.091896296,2.592592593,1,1,0,0.0,0,80,243.0,350.77,16.78326296,2.072,0.0,0,0.806874286,2178.560572,8.853808275,8.63925506,12.92126662,5.862977553,10.72141126,7.901377354,2025-11-03 05:39:35.641484,350.77,0,1,0,0,0.8068742857,0.8068742857,0.0,1.334096145,0,0.132984525,0,2700,0.8069,151.4502407,11.0,0.0,4,0,0.806874286
783,1996-03-03,WA,772,645,4,0.0,1000,326.78,0.0,509430.01,10.0,3.0,0.0,0.0,0,0,0,135.0,79.8,30.95,30.95,229.0,137.19,31415.6,2023-10-03 00:19:00,8.0,1032,0.007751938,4700,Female,29,0,0.32678,1,0,2023-10-01,1,0.0,0.0,0.0006414620136,0.32678,108.3893638,0.06952765957,0.2127659574,1,1,0,0.0,0,89,229.0,30.95,6.684170213,0.8756808511,0.0,0,0.32678,1535.866,6.908754779,5.792342652,13.14104972,3.464172181,10.35509169,8.455530531,2025-11-03 05:37:35.641484,30.95,0,1,0,0,0.32678,0.32678,0.0,1.159063092,0,0.1355812317,1,4700,0.0,108.3893638,10.0,0.0,4,0,0.32678
784,1992-05-14,GA,730,585,4,1.0,2000,790.39,0.3952,17170.64,16.0,3.0,0.0,1.0,0,0,0,76.0,49.8,76.02,76.02,250.0,128.29,32073.25,2022-03-29 15:33:00,0.0,382,0.0,3300,Male,33,0,0.395195,0,0,2022-03-01,1,0.25,2000.0,0.04603148165,0.395195,5.203224242,0.2395121212,0.6060606061,1,1,0,0.0,0,641,250.0,76.02,9.719166667,1.166272727,0.0,0,0.395195,1304.1435,7.601402335,6.673790893,9.751014465,4.344065128,10.37580881,8.101980732,2025-11-03 05:36:35.641484,76.02,0,1,0,0,0.395195,0.395195,0.0,1.185896993,0,0.1911951805,1,3300,0.3952,5.203224242,16.0,0.0,4,0,0.395195
785,1995-02-12,NJ,734,565,4,0.0,10000,6398.04,0.6398,271419.72,9.0,2.0,0.0,0.0,0,0,0,125.0,93.8,125.2,125.2,220.0,149.63,32918.9,2023-06-02 02:39:00,0.0,602,0.0,2500,Male,30,0,0.639804,0,0,2023-06-01,1,0.0,0.0,0.02357249503,0.639804,108.567888,2.559216,4.0,1,1,0,0.0,0,212,220.0,125.2,13.16756,1.79556,0.0,0,0.639804,1599.51,9.210440367,8.763903258,12.51142537,4.83786795,10.40183262,7.824445931,2025-11-03 05:37:35.641484,125.2,0,1,0,0,0.639804,0.639804,0.0,1.265063605,0,0.1528808117,0,2500,0.6398,108.567888,9.0,0.0,4,0,0.639804
786,1980-12-21,CO,666,583,3,1.0,6000,2789.41,0.4649,7510.44,11.0,3.0,0.0,1.0,0,0,0,185.0,104.7,616.9,616.9,224.0,137.54,30809.11,2022-12-24 14:38:00,12.0,1123,0.010685663,2900,Female,44,0,0.464901667,1,0,2022-12-01,0,0.3333333333,2500.0,0.3714043385,0.464901667,2.589806897,0.9618655172,2.068965517,1,1,0,0.0,0,371,224.0,616.9,10.62383103,1.422827586,0.0,0,0.464901667,1348.214834,8.699681401,7.933943817,8.924182471,6.426326632,10.33559816,7.972810784,2025-11-03 05:37:35.641484,616.9,0,1,0,0,0.4649016667,0.4649016667,0.0,1.38156091,0,0.1450427324,1,2900,0.4649,2.589806897,11.0,0.0,3,0,0.464901667
787,1977-08-04,IL,518,627,2,0.0,1000,865.88,0.0,403252.51,5.0,3.0,0.0,1.0,0,0,0,181.0,122.0,1120.67,1120.67,230.0,142.16,32696.71,2022-01-06 08:19:00,7.0,219,0.01942862,3200,Male,48,0,0.86588,1,1,2022-01-01,0,0.0,0.0,0.002147240199,0.86588,126.0164094,0.2705875,0.3125,1,1,0,0.0,0,724,230.0,1120.67,10.21772188,1.33275,0.5846375,0,0.86588,2770.816,6.908754779,6.764900559,12.9073207,7.818756044,10.39506032,8.07121854,2025-11-03 05:38:35.641484,1120.67,0,1,0,0,0.86588,0.86588,19.3918774,1.330126403,0,0.1640963032,1,3200,0.0,126.0164094,5.0,0.0,2,1,0.86588
788,1984-01-13,NC,504,773,4,1.0,7000,5496.34,0.7852,27882.23,14.0,3.0,1.0,2.0,0,0,0,182.0,131.0,95.52,95.52,250.0,173.82,43455.41,2023-10-28 00:07:00,0.0,734,0.0,2900,Male,41,0,0.785191429,0,0,2023-10-01,0,0.25,2500.0,0.1971269873,0.785191429,9.614562069,1.895289655,2.413793103,1,1,0,1.0,0,64,250.0,95.52,14.98462414,1.798137931,0.0,0,0.785191429,2277.055144,8.853808275,8.612019618,10.23578071,4.569750241,10.67951365,7.972810784,2025-11-03 05:38:35.641484,95.52,0,1,0,0,0.7851914286,0.7851914286,0.0,1.21157571,0,0.2981708316,0,2900,0.7852,9.614562069,14.0,1.0,4,0,0.785191429
789,1989-06-15,NC,595,776,3,1.0,1000,534.72,0.0,580270.12,10.0,3.0,0.0,2.0,0,0,0,161.0,105.3,127.61,127.61,240.0,94.86,22766.63,2022-12-23 22:02:00,8.0,615,0.01300813,3500,Male,36,0,0.53472,1,0,2022-12-01,0,0.3333333333,1000.0,0.0009215018688,0.53472,165.7914629,0.1527771429,0.2857142857,1,1,0,0.0,0,372,240.0,127.61,6.504751429,0.8130857143,0.0,0,0.53472,1871.52,6.908754779,6.283611637,13.27125072,4.856784569,10.03309507,8.160803921,2025-11-03 05:36:35.641484,127.61,0,1,0,0,0.53472,0.53472,0.0,1.207791135,0,0.1797646385,0,3500,0.0,165.7914629,10.0,0.0,3,0,0.53472
79,1998-03-02,TN,753,796,2,0.0,1000,801.43,0.8014,9570.5,5.0,3.0,1.0,1.0,0,0,0,68.0,48.5,50.69,50.69,244.0,192.91,47068.85,2023-03-26 20:27:00,10.0,1351,0.007401925,4400,Male,27,0,0.80143,1,1,2023-03-01,1,0.0,0.0,0.08373961653,0.80143,2.175113636,0.1821431818,0.2272727273,1,1,0,0.0,0,279,244.0,50.69,10.69746591,1.315295455,0.5846375,1,0.80143,3526.292,6.908754779,6.687644624,9.166545212,3.945264339,10.75938795,8.389587067,2025-11-03 05:36:35.641484,50.69,0,1,0,0,0.80143,0.80143,21.3918774,1.160890893,0,0.2028373353,1,4400,0.8014,2.175113636,5.0,1.0,2,1,0.80143
790,1992-11-20,IL,783,619,4,0.0,31000,20848.4875,0.9156,360473.73,15.0,2.0,1.0,0.0,0,0,0,160.0,106.8,127.21,127.21,220.0,156.06,34334.19,2022-05-04 14:37:00,5.0,621,0.00805153,4200,Male,32,0,0.915596774,1,0,2022-05-01,1,0.0,0.0,0.07873944101,0.915596774,85.82707857,6.45558796,7.380952381,1,1,0,0.0,0,605,220.0,127.21,8.174807143,1.114714286,0.0,0,0.915596774,3845.506451,10.34177474,10.2535985,12.79517714,4.853669545,10.44392605,8.343077871,2025-11-03 05:39:35.641484,127.21,0,1,0,0,0.9155967742,0.9155967742,0.0,1.25803992,0,0.1598135016,1,4200,0.9156,85.82707857,15.0,1.0,4,0,0.915596774
791,1984-06-20,AZ,770,698,3,0.0,1000,221.4,0.0,401921.89,11.0,3.0,1.0,0.0,0,0,0,181.0,84.3,999.18,999.18,245.0,132.64,32496.81,2023-05-15 20:34:00,0.0,944,0.0,3300,Male,41,0,0.2214,0,0,2023-05-01,1,0.0,0.0,0.0005508533014,0.2214,121.7945121,0.06709090909,0.303030303,1,1,0,0.0,0,229,245.0,999.18,9.847518182,1.205818182,0.0,0,0.2214,730.62,6.908754779,5.404477562,12.90401553,6.907935263,10.38892798,8.101980732,2025-11-03 05:36:35.641484,999.18,0,1,0,0,0.2214,0.2214,0.0,1.34721032,0,0.224370434,1,3300,0.0,121.7945121,11.0,1.0,3,0,0.2214
792,1995-06-06,PA,657,634,3,0.0,1000,384.71,0.3847,220352.68,6.0,2.0,0.0,1.0,0,0,0,174.0,120.0,63.43,63.43,236.0,127.42,30070.05,2023-04-25 20:52:00,0.0,1281,0.0,3300,Female,30,0,0.38471,0,0,2023-04-01,0,0.0,0.0,0.001745883009,0.38471,66.77353939,0.1165787879,0.303030303,1,1,0,0.0,0,249,236.0,63.43,9.112136364,1.158363636,0.0,0,0.38471,1269.543,6.908754779,5.955085792,12.30298917,4.165579363,10.31131819,8.101980732,2025-11-03 05:36:35.641484,63.43,0,1,0,0,0.38471,0.38471,0.0,1.200827764,0,0.2746404415,1,3300,0.3847,66.77353939,6.0,0.0,3,0,0.38471
793,1985-05-24,CO,701,582,2,1.0,1000,529.8,0.0,218589.77,7.0,3.0,0.0,0.0,0,0,1,188.0,96.0,77.12,77.12,236.0,163.04,38477.52,2023-03-14 19:13:00,10.0,988,0.010121457,3900,Male,40,0,0.5298,1,1,2023-03-01,1,0.5,1000.0,0.002423718182,0.5298,56.04865897,0.1358461538,0.2564102564,1,1,0,0.0,0,291,236.0,77.12,9.866030769,1.254153846,0.5298,0,0.5298,2066.22,6.908754779,6.274385302,12.29495663,4.358246106,10.55785544,8.26898821,2025-11-03 05:37:35.641484,77.12,0,1,0,0,0.5298,0.5298,20.3918774,1.207507608,0,0.1650124465,1,3900,0.0,56.04865897,7.0,0.0,2,1,0.5298
794,2001-04-11,PA,685,799,3,1.0,15000,6921.65,0.4614,27919.37,12.0,3.0,0.0,0.0,0,0,0,100.0,78.0,69.35,69.35,225.0,121.66,27373.99,2023-11-04 11:16:00,0.0,1029,0.0,3000,Male,24,0,0.461443333,0,0,2023-11-01,1,0.3333333333,2500.0,0.2479156944,0.461443333,9.306456667,2.307216667,5.0,1,1,0,0.0,0,57,225.0,69.35,9.124663333,1.2166,0.0,0,0.461443333,1384.329999,9.615872145,8.842553923,10.23711181,4.253482784,10.2173851,8.006700845,2025-11-03 05:36:35.641484,69.35,0,1,0,0,0.4614433333,0.4614433333,0.0,1.229945593,0,0.1726042606,0,3000,0.4614,9.306456667,12.0,0.0,3,0,0.461443333
795,1982-07-12,FL,760,489,2,1.0,1000,212.84,0.0,113294.37,6.0,2.0,1.0,0.0,0,0,0,144.0,127.5,122.99,122.99,235.0,163.1,38327.34,2023-03-07 08:34:00,4.0,348,0.011494253,4400,Female,43,0,0.21284,1,1,2023-03-01,1,0.5,1000.0,0.001878645867,0.21284,25.74872045,0.04837272727,0.2272727273,1,1,0,1.0,0,299,235.0,122.99,8.710759091,1.112045455,0.21284,1,0.21284,936.496,6.908754779,5.365228072,11.63775358,4.820200917,10.55394485,8.389587067,2025-11-03 05:38:35.641484,122.99,0,1,0,0,0.21284,0.21284,19.3918774,1.249497059,0,0.1642573551,0,4400,0.0,25.74872045,6.0,1.0,2,1,0.21284
796,2001-04-19,IN,775,589,3,0.0,3000,1877.0,0.6257,5939.54,13.0,3.0,2.5,0.0,0,0,0,111.0,72.0,54.83,54.83,253.0,101.47,25670.68,2022-05-28 12:14:00,0.0,836,0.0,3400,Male,24,0,0.625666667,0,0,2022-05-01,1,0.0,0.0,0.3160177387,0.625666667,1.746923529,0.5520588235,0.8823529412,1,1,1,0.0,0,581,253.0,54.83,7.5502,0.8953235294,0.0,0,0.625666667,2127.266668,8.006700845,7.53796266,8.689555317,4.022311359,10.15314372,8.131824785,2025-11-03 05:38:35.641484,54.83,0,1,0,0,0.6256666667,0.6256666667,0.0,1.093363608,0,0.1642383855,1,3400,0.6257,1.746923529,13.0,2.5,3,0,0.625666667
797,1976-11-25,IN,617,769,2,0.0,1000,583.54,0.0,157389.97,2.0,3.0,1.0,1.0,0,0,0,147.0,112.5,208.91,208.91,226.0,179.36,40535.32,2023-09-18 18:32:00,9.0,856,0.010514019,3500,Male,48,0,0.58354,1,1,2023-09-01,0,0.0,0.0,0.003707606018,0.58354,44.96856286,0.1667257143,0.2857142857,1,1,0,0.0,0,103,226.0,208.91,11.58152,1.537371429,0.58354,1,0.58354,2042.39,6.908754779,6.370825213,11.96648824,5.346678867,10.60995364,8.160803921,2025-11-03 05:37:35.641484,208.91,0,1,0,0,0.58354,0.58354,20.3918774,1.285783655,0,0.2042172677,1,3500,0.0,44.96856286,2.0,1.0,2,1,0.58354
798,1966-12-15,AZ,747,666,3,2.0,10000,2888.19,0.2888,27773.06,3.0,2.0,0.0,1.0,0,0,0,168.0,103.3,1120.67,1120.67,235.0,108.58,25515.51,2023-02-06 22:58:00,0.0,389,0.0,3000,Male,58,0,0.288819,0,0,2023-02-01,1,0.6666666667,2500.0,0.1039925021,0.288819,9.257686667,0.96273,3.333333333,1,1,0,0.0,0,327,235.0,1120.67,8.50517,1.0858,0.0,0,0.288819,866.457,9.210440367,7.968731465,10.23185777,7.264800154,10.14708097,8.006700845,2025-11-03 05:38:35.641484,1120.67,0,1,0,0,0.288819,0.288819,0.0,1.265489328,0,0.2515028879,0,3000,0.2888,9.257686667,3.0,0.0,3,0,0.288819
799,1993-05-27,TX,555,557,2,0.0,1000,738.81,0.0,66351.68,4.0,3.0,0.0,0.0,0,0,0,180.0,90.0,67.07,67.07,215.0,160.91,34595.45,2022-02-27 01:55:00,0.0,1134,0.0,2900,Male,32,0,0.73881,0,1,2022-02-01,0,0.0,0.0,0.01113475951,0.73881,22.87988966,0.254762069,0.3448275862,1,1,0,0.0,0,672,215.0,67.07,11.92946552,1.664586207,0.5846375,0,0.73881,2142.549,6.908754779,6.606393396,11.10273943,4.220536587,10.45150635,7.972810784,2025-11-03 05:39:35.641484,67.07,0,1,0,0,0.73881,0.73881,18.3918774,1.181209186,0,0.2679716049,1,2900,0.0,22.87988966,4.0,0.0,2,1,0.73881
8,1982-01-25,WA,738,733,3,0.0,35000,14265.9,0.4076,18750.21,11.0,3.0,1.0,2.0,0,0,0,179.0,140.0,161.39,161.39,205.0,84.11,17242.06,2023-07-06 20:23:00,0.0,1464,0.0,5050,Female,43,2,0.407597143,0,0,2023-07-01,1,0.0,0.0,0.4889038178,0.407597143,3.178001695,2.417949153,5.93220339,1,1,0,0.0,0,177,205.0,161.39,2.922383051,0.4276779661,0.0,0,0.407597143,2404.823144,10.46313191,9.565697448,9.839013563,5.090000849,9.755165023,8.634298168,2025-11-03 05:39:35.641484,161.39,0,1,0,0,0.4075971429,0.4075971429,0.0,1.36963056,0,0.2342659727,1,5050,0.4076,3.178001695,11.0,1.0,3,0,0.407597143
80,1970-03-03,WI,779,517,2,0.0,1000,99.0,0.0,15050.8,4.0,2.0,1.0,2.0,0,0,0,117.0,106.0,311.04,311.04,224.0,99.83,22362.11,2022-08-30 13:01:00,5.0,966,0.005175983,4400,Male,55,0,0.099,1,1,2022-08-01,1,0.0,0.0,0.006577723443,0.099,3.420636364,0.0225,0.2272727273,1,1,0,0.0,0,487,224.0,311.04,5.082297727,0.6806590909,0.099,1,0.099,435.6,6.908754779,4.605170186,9.619252864,5.743131385,10.01516801,8.389587067,2025-11-03 05:38:35.641484,311.04,0,1,0,0,0.099,0.099,19.3918774,1.360973526,0,0.146564629,0,4400,0.0,3.420636364,4.0,1.0,2,1,0.099
800,1991-11-16,IL,702,643,2,0.0,1000,481.14,0.0,170974.26,5.0,2.0,0.0,0.0,0,0,0,96.0,80.0,139.66,139.66,214.0,122.41,26195.75,2022-11-14 05:13:00,11.0,579,0.018998273,3400,Male,33,0,0.48114,1,1,2022-11-01,1,0.0,0.0,0.002814107808,0.48114,50.28654706,0.1415117647,0.2941176471,1,1,0,0.0,0,412,214.0,139.66,7.704632353,1.080088235,0.48114,0,0.48114,1635.876,6.908754779,6.178234528,12.04927415,4.946345631,10.17339064,8.131824785,2025-11-03 05:37:35.641484,139.66,0,1,0,0,0.48114,0.48114,20.3918774,1.313335507,0,0.1643820819,1,3400,0.0,50.28654706,5.0,0.0,2,1,0.48114
801,1984-04-09,IL,584,616,2,1.0,1000,739.06,0.0,146085.06,6.0,2.0,0.0,0.0,0,0,0,150.0,105.5,182.62,182.62,256.0,122.88,31456.25,2023-07-04 20:07:00,0.0,868,0.0,3000,Male,41,0,0.73906,0,1,2023-07-01,0,0.5,1000.0,0.005059107345,0.73906,48.69502,0.2463533333,0.3333333333,1,1,0,0.0,0,179,256.0,182.62,10.48541667,1.2288,0.5846375,0,0.73906,2217.18,6.908754779,6.606731264,11.89195118,5.212868405,10.35638476,8.006700845,2025-11-03 05:39:35.641484,182.62,0,1,0,0,0.73906,0.73906,18.3918774,1.251671942,0,0.1889531825,1,3000,0.0,48.69502,6.0,0.0,2,1,0.73906
802,1992-07-03,MA,562,787,2,0.0,10000,3527.72,0.3528,15092.16,5.0,2.0,1.0,2.0,0,0,0,98.0,88.5,245.58,245.58,204.0,169.7,34619.67,2022-07-30 02:18:00,0.0,953,0.0,2800,Female,33,0,0.352772,0,1,2022-07-01,0,0.0,0.0,0.2337452028,0.352772,5.390057143,1.2599,3.571428571,1,1,0,0.0,0,519,204.0,245.58,12.36416786,1.818214286,0.352772,1,0.352772,987.7616,9.210440367,8.168690478,9.62199694,5.507686484,10.45220618,7.937731775,2025-11-03 05:39:35.641484,245.58,0,1,0,0,0.352772,0.352772,18.3918774,1.25445873,0,0.2136691179,1,2800,0.3528,5.390057143,5.0,1.0,2,1,0.352772
803,1995-10-13,IN,687,538,3,0.0,10000,2611.38,0.2611,522533.59,13.0,3.0,0.0,1.0,0,0,0,165.0,96.3,88.8,88.8,210.0,179.97,37792.83,2022-06-30 13:58:00,0.0,938,0.0,3800,Female,30,0,0.261138,0,0,2022-06-01,1,0.0,0.0,0.004997535182,0.261138,137.5088395,0.6872052632,2.631578947,1,1,0,0.0,0,548,210.0,88.8,9.945481579,1.420815789,0.0,0,0.261138,992.3244,9.210440367,7.868016962,13.16644646,4.497584975,10.53990114,8.243019469,2025-11-03 05:38:35.641484,88.8,0,1,0,0,0.261138,0.261138,0.0,1.159800308,0,0.1492893264,0,3800,0.2611,137.5088395,13.0,0.0,3,0,0.261138
804,1997-12-14,IN,578,605,2,0.0,1000,658.98,0.659,61756.25,3.0,3.0,1.0,2.0,0,0,0,54.0,28.0,52.71,52.71,228.0,116.89,26650.94,2022-02-20 16:24:00,22.0,576,0.01942862,3700,Male,27,0,0.65898,1,1,2022-02-01,0,0.0,0.0,0.01067066086,0.65898,16.69087838,0.1781027027,0.2702702703,1,1,0,0.0,0,678,228.0,52.71,7.202956757,0.9477567568,0.5846375,1,0.0,2438.226,6.908754779,6.492209532,11.03096666,3.983599204,10.19061722,8.216358332,2025-11-03 05:36:35.641484,52.71,0,1,0,0,0.65898,0.65898,21.3918774,1.199017139,0,0.2274469554,1,3700,0.659,16.69087838,3.0,1.0,2,1,0.65898
805,1967-06-23,IN,717,766,2,1.0,7000,2930.63,0.4187,2930.63,10.0,3.0,2.0,1.0,0,0,0,77.0,51.0,1120.67,1120.67,216.0,158.03,34134.09,2022-06-08 23:13:00,19.0,1027,0.018500487,3600,Female,58,0,0.418661429,1,1,2022-06-01,1,0.5,2500.0,0.4889038178,0.418661429,0.8140638889,0.8140638889,1.944444444,1,1,0,2.0,0,570,216.0,1120.67,9.481691667,1.316916667,0.418661429,2,0.418661429,1507.181144,8.853808275,7.983313861,7.983313861,7.956522347,10.43808117,8.188966864,2025-11-03 05:38:35.641484,1120.67,0,1,0,0,0.4186614286,0.4186614286,19.3918774,1.308476891,0,0.2249988812,1,3600,0.4187,0.8140638889,10.0,2.0,2,1,0.418661429
806,1970-02-25,OH,696,583,3,0.0,1000,493.44,0.0,222421.72,11.0,3.0,0.0,2.5,0,0,0,139.0,99.0,460.64,460.64,220.0,163.39,35946.59,2023-06-26 05:22:00,0.0,643,0.0,2700,Male,55,0,0.49344,0,0,2023-06-01,1,0.0,0.0,0.002218488374,0.49344,82.37841481,0.1827555556,0.3703703704,1,1,0,0.0,0,188,220.0,460.64,13.31355185,1.815444444,0.0,0,0.49344,1332.288,6.908754779,6.203425809,12.31233499,6.134785367,10.48981732,7.901377354,2025-11-03 05:38:35.641484,460.64,0,1,0,0,0.49344,0.49344,0.0,1.365012854,0,0.1846507104,1,2700,0.0,82.37841481,11.0,0.0,3,0,0.49344
807,1987-03-21,WI,619,494,2,0.0,1000,593.58,0.0,265097.26,11.0,3.0,0.0,0.0,0,0,0,173.0,130.5,780.24,780.24,204.0,206.07,42038.72,2022-02-22 15:56:00,0.0,585,0.0,3600,Female,38,0,0.59358,0,1,2022-02-01,0,0.0,0.0,0.002239102735,0.59358,73.63812778,0.1648833333,0.2777777778,1,1,0,0.0,0,676,204.0,780.24,11.67742222,1.71725,0.5846375,0,0.59358,2136.888,6.908754779,6.387855274,12.48785583,6.660882401,10.64637016,8.188966864,2025-11-03 05:39:35.641484,780.24,0,1,0,0,0.59358,0.59358,18.3918774,1.280607019,0,0.1728123244,0,3600,0.0,73.63812778,11.0,0.0,2,1,0.59358
808,1967-10-21,PA,622,501,3,0.0,48500,20848.4875,0.889,51642.11,11.0,3.0,0.0,0.0,0,0,0,139.0,123.7,1120.67,1120.67,230.0,215.64,49597.83,2023-06-19 13:50:00,0.0,756,0.0,2500,Female,58,0,0.8890056,0,0,2023-06-01,0,0.0,0.0,0.4889038178,0.8890056,20.656844,6.45558796,15.64516129,1,1,0,0.0,0,194,230.0,1120.67,18.8428536,2.50213838,0.0,0,0.8890056,2222.514,10.81979828,10.70214904,10.85211207,7.463919402,10.81172252,7.824445931,2025-11-03 05:37:35.641484,1120.67,0,1,0,0,0.8890056,0.8890056,0.0,1.355614841,0,0.1421363379,0,2500,0.889,20.656844,11.0,0.0,3,0,0.8890056
809,1986-07-04,CA,490,522,4,0.0,13000,10722.58,0.8248,120154.47,8.0,3.0,1.0,0.0,0,0,0,119.0,67.8,484.39,484.39,232.0,134.02,31093.25,2023-03-03 09:18:00,0.0,836,0.0,2100,Female,39,0,0.824813846,0,0,2023-03-01,0,0.0,0.0,0.0892399592,0.824813846,57.21641429,5.105990476,6.19047619,1,1,0,0.0,0,303,232.0,484.39,14.80630952,1.914571429,0.0,0,0.824813846,1732.109077,9.472781557,9.280200334,11.69654177,6.184952692,10.34477819,7.650168701,2025-11-03 05:37:35.641484,484.39,0,1,0,0,0.8248138462,0.8248138462,0.0,1.383740047,0,0.2172707423,1,2100,0.8248,57.21641429,8.0,1.0,4,0,0.824813846
81,1969-11-28,OH,737,628,2,0.0,1000,330.16,0.0,70983.16,8.0,3.0,1.0,0.0,0,0,0,148.0,82.5,1120.67,1120.67,249.0,134.73,33548.75,2023-02-28 21:42:00,14.0,1214,0.011532125,3300,Male,55,0,0.33016,1,1,2023-02-01,1,0.0,0.0,0.004651244042,0.33016,21.51004848,0.1000484848,0.303030303,1,1,0,0.0,0,305,249.0,1120.67,10.16628788,1.224818182,0.33016,1,0.33016,1089.528,6.908754779,5.802601642,11.17021203,7.388445354,10.42078469,8.101980732,2025-11-03 05:38:35.641484,1120.67,0,1,0,0,0.33016,0.33016,19.3918774,1.337341817,0,0.2191280765,0,3300,0.0,21.51004848,8.0,1.0,2,1,0.33016
810,1971-05-08,TN,788,512,4,1.0,1000,116.45,0.0,369990.33,6.0,2.0,0.0,2.5,0,0,1,157.0,70.8,482.62,482.62,258.0,103.75,26767.81,2023-07-09 19:44:00,0.0,794,0.0,4100,Male,54,0,0.11645,0,0,2023-07-01,1,0.25,1000.0,0.0003147379554,0.11645,90.2415439,0.02840243902,0.243902439,1,1,0,0.0,0,174,258.0,482.62,6.528734146,0.7591463415,0.0,0,0.11645,477.445,6.908754779,4.766012711,12.82123485,6.181299474,10.19499268,8.318986125,2025-11-03 05:39:35.641484,482.62,0,1,0,0,0.11645,0.11645,0.0,1.296065343,0,0.1784837706,1,4100,0.0,90.2415439,6.0,0.0,4,0,0.11645
811,1998-09-19,MO,666,683,4,1.0,30000,20848.4875,0.9509,100355.59,15.0,2.0,1.0,0.0,0,0,0,145.0,84.8,121.67,121.67,227.0,195.24,44320.25,2022-02-07 13:08:00,0.0,557,0.0,3500,Male,27,0,0.950942333,0,0,2022-02-01,0,0.25,2500.0,0.2842718577,0.950942333,28.67302571,6.45558796,8.571428571,1,1,0,1.0,0,691,227.0,121.67,12.66292857,1.673485714,0.0,0,0.950942333,3328.298166,10.30898599,10.25868586,11.51648502,4.809497823,10.69921952,8.160803921,2025-11-03 05:36:35.641484,121.67,0,1,0,0,0.9509423333,0.9509423333,0.0,1.214089263,0,0.188078578,0,3500,0.9509,28.67302571,15.0,1.0,4,0,0.950942333
812,1979-08-12,PA,600,772,2,0.0,1000,603.7,0.0,385981.05,10.0,2.0,2.0,1.0,0,0,0,122.0,119.0,286.31,286.31,237.0,131.51,31168.89,2023-08-27 22:56:00,0.0,999,0.0,3200,Male,46,0,0.6037,0,1,2023-08-01,0,0.0,0.0,0.001564066422,0.6037,120.6190781,0.18865625,0.3125,1,1,0,0.0,0,125,237.0,286.31,9.740278125,1.23290625,0.5846375,2,0.6037,1931.84,6.908754779,6.404732467,12.86354614,5.660561772,10.34720784,8.07121854,2025-11-03 05:37:35.641484,286.31,0,1,0,0,0.6037,0.6037,20.3918774,1.34684451,0,0.1669194101,1,3200,0.0,120.6190781,10.0,2.0,2,1,0.6037
813,1994-11-19,TN,747,734,2,1.0,2000,1842.9,0.9214,130770.53,4.0,2.0,0.0,0.0,1,1461,0,158.0,131.0,29.34,29.34,223.0,131.33,29286.03,2022-06-28 18:46:00,7.0,632,0.011075949,3800,Female,30,0,0.92145,1,1,2022-06-01,1,0.5,2000.0,0.01409262469,0.92145,34.41329737,0.4849736842,0.5263157895,1,1,0,0.0,0,550,223.0,29.34,7.70685,1.036815789,0.5846375,0,0.92145,3501.51,7.601402335,7.519638173,11.78120703,3.412466974,10.28490003,8.243019469,2025-11-03 05:38:35.641484,29.34,0,1,0,0,0.92145,0.92145,19.3918774,1.160963669,0,0.1946188049,1,3800,0.9214,34.41329737,4.0,0.0,2,1,0.92145
814,1974-06-01,CO,601,640,3,0.0,1000,830.02,0.83,48822.24,12.0,3.0,0.0,0.0,0,0,0,181.0,116.7,80.12,80.12,234.0,145.55,34059.84,2022-01-20 13:55:00,0.0,962,0.0,3100,Female,51,0,0.83002,0,0,2022-01-01,0,0.0,0.0,0.01700085863,0.83002,15.74910968,0.2677483871,0.3225806452,1,1,0,0.0,0,709,234.0,80.12,10.98704516,1.408548387,0.0,0,0.83002,2573.062,6.908754779,6.722653862,10.79596171,4.39592954,10.43590362,8.039479919,2025-11-03 05:37:35.641484,80.12,0,1,0,0,0.83002,0.83002,0.0,1.221648675,0,0.1482507167,1,3100,0.83,15.74910968,12.0,0.0,3,0,0.83002
815,1971-05-14,TX,779,600,2,0.0,1000,231.43,0.2314,4587.66,3.0,3.0,0.0,0.0,0,0,0,124.0,86.0,94.8,94.8,243.0,90.76,22053.73,2023-12-06 20:35:00,8.0,661,0.012102874,3600,Male,54,0,0.23143,1,1,2023-12-01,1,0.0,0.0,0.05044619697,0.23143,1.27435,0.06428611111,0.2777777778,1,1,0,0.0,0,24,243.0,94.8,6.126036111,0.7563333333,0.23143,0,0.23143,833.148,6.908754779,5.448589104,8.431343321,4.562262685,10.00128237,8.188966864,2025-11-03 05:36:35.641484,94.8,0,1,0,0,0.23143,0.23143,21.3918774,1.143160083,0,0.2312174932,1,3600,0.2314,1.27435,3.0,0.0,2,1,0.23143
816,1972-12-05,VA,591,534,2,1.0,32000,20848.4875,0.7209,23068.91,6.0,2.0,1.0,0.0,0,0,0,115.0,68.5,262.82,262.82,225.0,153.43,34521.02,2023-03-08 16:29:00,19.0,573,0.01942862,3700,Female,52,0,0.720903438,1,1,2023-03-01,0,0.5,2500.0,0.4889038178,0.720903438,6.234840541,6.234840541,8.648648649,1,1,0,1.0,0,297,225.0,262.82,9.330005405,1.244027027,0.5846375,1,0.720903438,2667.342721,10.37352243,10.04628445,10.04628445,5.575267052,10.44935266,8.216358332,2025-11-03 05:39:35.641484,262.82,0,1,0,0,0.7209034375,0.7209034375,18.3918774,1.33786523,0,0.1062445371,1,3700,0.7209,6.234840541,6.0,1.0,2,1,0.720903438
817,1984-06-15,AZ,589,705,3,0.0,40000,20848.4875,0.5457,28379.4,8.0,2.0,1.0,0.0,0,0,0,71.0,51.0,43.97,43.97,213.0,161.03,34298.58,2023-11-09 00:55:00,0.0,788,0.0,3500,Female,41,0,0.5457335,0,0,2023-11-01,0,0.0,0.0,0.4889038178,0.5457335,8.1084,6.236954286,11.42857143,1,1,0,0.0,0,52,213.0,43.97,9.799594286,1.380257143,0.0,0,0.5457335,1910.06725,10.59665973,9.991056024,10.25345405,3.805995601,10.44288839,8.160803921,2025-11-03 05:36:35.641484,43.97,0,1,0,0,0.5457335,0.5457335,0.0,1.14160638,0,0.2282861926,0,3500,0.5457,8.1084,8.0,1.0,3,0,0.5457335
818,1998-08-12,CO,610,731,4,1.0,36000,7047.5,0.1958,107265.6,14.0,3.0,0.0,2.0,1,922,0,122.0,98.2,59.82,59.82,246.0,127.26,31306.83,2022-10-20 13:10:00,9.0,769,0.011703511,2800,Male,27,0,0.195763889,1,0,2022-10-01,0,0.25,2500.0,0.06570139914,0.195763889,38.30914286,2.516964286,12.85714286,1,1,0,0.0,0,436,246.0,59.82,11.18101071,1.3635,0.0,0,0.195763889,548.1388892,10.49130199,8.860570107,11.5830726,4.107918682,10.3516235,7.937731775,2025-11-03 05:36:35.641484,59.82,0,1,0,0,0.1957638889,0.1957638889,0.0,1.174378361,0,0.1561075442,1,2800,0.1958,38.30914286,14.0,0.0,4,0,0.195763889
819,1971-08-24,MA,537,759,4,0.0,2000,621.47,0.3107,210988.73,12.0,3.0,0.0,1.0,0,0,0,188.0,77.2,385.48,385.48,238.0,151.1,35961.52,2023-07-21 02:40:00,0.0,950,0.0,2400,Female,54,0,0.310735,0,0,2023-07-01,0,0.0,0.0,0.002945512777,0.310735,87.91197083,0.2589458333,0.8333333333,1,1,0,0.0,0,163,238.0,385.48,14.98396667,1.88875,0.0,0,0.310735,745.764,7.601402335,6.433695434,12.25956474,5.95708012,10.49023256,7.783640596,2025-11-03 05:39:35.641484,385.48,0,1,0,0,0.310735,0.310735,0.0,1.365286632,0,0.1823344924,1,2400,0.3107,87.91197083,12.0,0.0,4,0,0.310735
82,1990-02-19,OH,790,624,4,0.0,1000,209.47,0.0,580391.195,11.0,3.0,1.0,1.0,0,0,0,167.0,136.2,839.12,839.12,227.0,165.1,37477.87,2023-11-01 18:52:00,9.0,1932,0.004658385,3500,Female,35,0,0.20947,1,0,2023-11-01,1,0.0,0.0,0.000248605034,0.20947,183.5765946,0.05984857143,0.2857142857,1,1,0,0.0,0,59,227.0,839.12,10.70796286,1.415142857,0.0,0,0.20947,733.145,6.908754779,5.349343125,13.64422685,6.733544739,10.53153259,8.160803921,2025-11-03 05:39:35.641484,839.12,0,1,0,0,0.20947,0.20947,0.0,1.371891121,0,0.2350393611,0,3500,0.0,183.5765946,11.0,1.0,4,0,0.20947
820,1985-02-10,NY,723,622,2,1.0,10000,574.5,0.0575,13008.05,5.0,2.0,2.5,0.0,0,0,0,176.0,121.5,157.02,157.02,222.0,83.01,18427.16,2023-05-27 13:29:00,0.0,419,0.0,3500,Female,40,0,0.05745,0,1,2023-05-01,1,0.5,2500.0,0.04416495939,0.05745,3.716585714,0.1641428571,2.857142857,1,1,1,3.0,0,217,222.0,157.02,5.264902857,0.7115142857,0.05745,3,0.05745,201.075,9.210440367,6.355239228,9.473400548,5.062721607,9.821635208,8.160803921,2025-11-03 05:37:35.641484,157.02,0,1,0,0,0.05745,0.05745,20.3918774,1.276699265,0,0.2395196346,0,3500,0.0575,3.716585714,5.0,2.5,2,1,0.05745
821,1972-01-28,NC,665,668,2,0.0,48500,11406.84,0.1901,11406.84,6.0,3.0,1.0,0.0,0,0,0,122.0,62.0,1120.67,1120.67,207.0,193.96,40150.13,2022-05-09 03:58:00,10.0,542,0.018450185,2900,Male,53,0,0.190114,1,1,2022-05-01,0,0.0,0.0,0.4889038178,0.190114,3.933393103,3.933393103,15.64516129,1,1,0,0.0,0,601,207.0,1120.67,13.84487241,2.006482759,0.190114,1,0.190114,551.3306,11.00211651,9.342056117,9.342056117,7.793368223,10.60040586,7.972810784,2025-11-03 05:36:35.641484,1120.67,0,1,0,0,0.190114,0.190114,21.3918774,1.280348068,0,0.173180913,0,2900,0.1901,3.933393103,6.0,1.0,2,1,0.190114
822,1971-11-26,WA,490,507,4,0.0,35000,20848.4875,0.6181,57600.43,9.0,3.0,1.0,1.0,0,0,0,131.0,104.8,350.44,350.44,255.0,133.1,33941.34,2022-04-04 07:01:00,0.0,587,0.0,3200,Female,53,0,0.618134286,0,0,2022-04-01,0,0.0,0.0,0.3755996266,0.618134286,18.00013438,6.45558796,10.9375,1,1,0,0.0,0,636,255.0,350.44,10.60666875,1.2478125,0.0,0,0.618134286,1978.029715,10.46313191,9.982100007,10.96130267,5.862039,10.43241848,8.07121854,2025-11-03 05:38:35.641484,350.44,0,1,0,0,0.6181342857,0.6181342857,0.0,1.329395565,0,0.2770102724,0,3200,0.6181,18.00013438,9.0,1.0,4,0,0.618134286
823,1980-09-06,IN,609,638,2,0.0,0,0.0,0.0,8628.21,8.0,3.0,1.0,0.0,0,0,0,183.0,103.0,870.51,870.51,253.0,154.27,39031.35,2022-10-09 13:21:00,0.0,405,0.0,3100,Female,45,0,0.49068525,0,1,2022-10-01,0,0.0,0.0,0.0,0.49068525,2.783293548,0.0,0.0,1,1,0,0.0,0,447,253.0,870.51,12.59075806,1.492935484,0.0,1,0.477859,1590.507672,2.416580621,1.973596521,9.062908239,6.770227339,10.57214607,8.039479919,2025-11-03 05:36:35.641484,870.51,0,1,0,0,0.0,0.0,21.3918774,1.377457286,0,0.2625891789,1,3100,0.0,2.783293548,8.0,1.0,2,1,0.49068525
824,1975-06-18,MI,542,706,2,0.0,10000,2233.09,0.2233,16403.48,6.0,2.0,0.0,0.0,0,0,0,51.0,50.5,236.57,236.57,236.0,134.26,31685.39,2023-12-09 23:54:00,0.0,762,0.0,3400,Female,50,0,0.223309,0,1,2023-12-01,0,0.0,0.0,0.1361351372,0.223309,4.824552941,0.6567911765,2.941176471,1,1,0,0.0,0,21,236.0,236.57,9.319232353,1.184647059,0.223309,0,0.223309,759.2506,9.210440367,7.711589265,9.705309747,5.470462317,10.36364253,8.131824785,2025-11-03 05:36:35.641484,236.57,0,1,0,0,0.223309,0.223309,21.3918774,1.330700829,0,0.2128940801,0,3400,0.2233,4.824552941,6.0,0.0,2,1,0.223309
825,1994-04-26,PA,484,610,2,0.0,0,0.0,0.0,102483.42,3.0,2.0,0.0,0.0,1,781,0,164.0,121.5,159.71,159.71,228.0,144.47,32939.45,2023-05-16 16:47:00,0.0,332,0.0,3000,Female,31,0,0.49068525,0,1,2023-05-01,0,0.0,0.0,0.0,0.49068525,34.16114,0.0,0.0,1,1,0,0.0,0,228,228.0,159.71,10.97981667,1.4447,0.0,0,0.477859,1590.507672,2.416580621,1.973596521,11.53746607,5.079601499,10.40245666,8.006700845,2025-11-03 05:37:35.641484,159.71,0,1,0,0,0.0,0.0,20.3918774,1.29533327,0,0.1701819457,1,3000,0.0,34.16114,3.0,0.0,2,1,0.49068525
826,1976-03-21,MI,526,632,3,1.0,1000,989.24,0.0,310666.49,7.0,3.0,1.0,0.0,0,0,0,170.0,107.3,89.25,89.25,208.0,227.38,47296.02,2022-10-30 11:34:00,12.0,358,0.01942862,2800,Female,49,0,0.98924,1,0,2022-10-01,0,0.3333333333,1000.0,0.003184250738,0.98924,110.9523179,0.3533,0.3571428571,1,1,0,1.0,0,426,208.0,89.25,16.89143571,2.436214286,0.0,0,0.98924,2769.872,6.908754779,6.897947338,12.64647846,4.502583597,10.76420257,7.937731775,2025-11-03 05:37:35.641484,89.25,0,1,0,0,0.98924,0.98924,0.0,1.08565477,0,0.142505178,1,2800,0.0,110.9523179,7.0,1.0,3,0,0.98924
827,1990-01-24,WI,562,642,4,2.5,30000,14377.94,0.4793,252346.94,5.0,3.0,0.0,0.0,0,0,0,167.0,109.8,88.17,88.17,247.0,122.42,30238.02,2023-05-11 13:49:00,0.0,568,0.0,2900,Female,35,0,0.479264667,0,0,2023-05-01,0,0.75,2500.0,0.05697687477,0.479264667,87.01618621,4.957910345,10.34482759,1,1,0,0.0,0,233,247.0,88.17,10.42690345,1.266413793,0.0,0,0.479264667,1389.867534,10.30898599,9.573519915,12.43856413,4.49054466,10.31688842,7.972810784,2025-11-03 05:38:35.641484,88.17,0,1,0,0,0.4792646667,0.4792646667,0.0,1.200751178,0,0.2159520497,1,2900,0.4793,87.01618621,5.0,0.0,4,0,0.479264667
828,1977-08-19,MI,497,521,4,1.0,15000,899.45,0.06,161432.7,8.0,3.0,1.0,1.0,0,0,0,187.0,140.2,210.07,210.07,252.0,112.48,28345.98,2023-08-21 20:04:00,16.0,1126,0.014209591,2400,Male,48,0,0.059963333,1,0,2023-08-01,0,0.25,2500.0,0.005571671663,0.059963333,67.263625,0.3747708333,6.25,1,1,0,1.0,0,131,252.0,210.07,11.810825,1.406,0.0,0,0.059963333,143.9119992,9.615872145,6.802894638,11.99184981,5.352189832,10.25227578,7.783640596,2025-11-03 05:39:35.641484,210.07,0,1,0,0,0.05996333333,0.05996333333,0.0,1.262931525,0,0.106632273,0,2400,0.06,67.263625,8.0,1.0,4,0,0.059963333
829,1989-01-23,AZ,721,650,4,0.0,1000,246.22,0.0,124883.22,10.0,3.0,1.0,1.0,0,0,0,120.0,49.2,1120.67,1120.67,232.0,131.36,30476.24,2023-12-16 19:36:00,0.0,905,0.0,2500,Female,36,0,0.24622,0,0,2023-12-01,1,0.0,0.0,0.001971601949,0.24622,49.953288,0.098488,0.4,1,1,0,0.0,0,14,232.0,1120.67,12.190496,1.57632,0.0,0,0.24622,615.55,6.908754779,5.510278628,11.73514235,7.923029436,10.32473545,7.824445931,2025-11-03 05:37:35.641484,1120.67,0,1,0,0,0.24622,0.24622,0.0,1.31738204,0,0.1645672656,1,2500,0.0,49.953288,10.0,1.0,4,0,0.24622
83,2002-10-02,WI,675,495,3,0.0,7000,2318.32,0.3312,175654.89,6.0,3.0,0.0,0.0,0,0,0,101.0,43.0,287.34,287.34,235.0,103.29,24272.31,2022-08-04 18:25:00,8.0,918,0.008714597,2700,Female,23,0,0.331188571,1,0,2022-08-01,1,0.0,0.0,0.01319815235,0.331188571,65.05736667,0.858637037,2.592592593,1,1,0,0.0,0,513,235.0,287.34,8.989744444,1.147666667,0.0,0,0.331188571,894.2091417,8.853808275,7.749029318,12.07628219,5.664140339,10.09713267,7.901377354,2025-11-03 05:39:35.641484,287.34,0,1,0,0,0.3311885714,0.3311885714,0.0,1.330348714,0,0.2308715502,1,2700,0.3312,65.05736667,6.0,0.0,3,0,0.331188571
830,1978-05-25,TX,531,613,3,1.0,1000,1000.0,0.0,170726.48,9.0,3.0,1.0,0.0,0,0,0,96.0,68.3,11.93,11.93,223.0,204.88,45688.5,2022-05-03 11:32:00,12.0,418,0.01942862,3000,Female,47,0,1.0,1,0,2022-05-01,0,0.3333333333,1000.0,0.005857322192,1.0,56.90882667,0.3333333333,0.3333333333,1,1,0,1.0,0,606,223.0,11.93,15.2295,2.0488,0.0,0,1.0,3000.0,6.908754779,6.908754779,12.04782388,2.559550193,10.72962379,8.006700845,2025-11-03 05:38:35.641484,11.93,0,1,0,0,1.0,1.0,0.0,1.067367117,0,0.1363884116,1,3000,0.0,56.90882667,9.0,1.0,3,0,1.0
831,2001-02-26,IN,660,788,2,0.0,10000,1785.87,0.1786,5799.0,4.0,2.0,0.0,0.0,0,0,0,187.0,157.5,489.19,489.19,210.0,169.77,35652.57,2022-02-21 08:08:00,0.0,626,0.0,3800,Male,24,0,0.178587,0,1,2022-02-01,0,0.0,0.0,0.3079617175,0.178587,1.526052632,0.4699657895,2.631578947,1,1,0,0.0,0,678,210.0,489.19,9.382255263,1.340289474,0.178587,0,0.178587,678.6306,9.210440367,7.488220765,8.665613197,6.194793071,10.48160456,8.243019469,2025-11-03 05:37:35.641484,489.19,0,1,0,0,0.178587,0.178587,20.3918774,1.335090742,0,0.1997194608,0,3800,0.1786,1.526052632,4.0,0.0,2,1,0.178587
832,1976-06-11,AZ,712,506,3,1.0,1000,282.89,0.0,263201.77,5.0,2.0,1.0,2.0,0,0,0,68.0,58.0,259.37,259.37,250.0,118.5,29625.21,2022-06-04 02:16:00,0.0,602,0.0,3200,Male,49,0,0.28289,0,0,2022-06-01,1,0.3333333333,1000.0,0.001074802802,0.28289,82.25055313,0.088403125,0.3125,1,1,0,1.0,0,575,250.0,259.37,9.257878125,1.1109375,0.0,0,0.28289,905.248,6.908754779,5.648586839,12.48068,5.562103696,10.29641472,8.07121854,2025-11-03 05:36:35.641484,259.37,0,1,0,0,0.28289,0.28289,0.0,1.299710578,0,0.2269656348,0,3200,0.0,82.25055313,5.0,1.0,3,0,0.28289
833,1994-02-09,CO,707,481,2,0.0,1000,435.47,0.0,207406.88,8.0,3.0,0.0,1.0,0,0,0,122.0,80.0,1120.67,1120.67,221.0,112.99,24969.69,2023-09-02 23:31:00,0.0,1228,0.0,4000,Male,31,0,0.43547,0,1,2023-09-01,1,0.0,0.0,0.002099592839,0.43547,51.85172,0.1088675,0.25,1,1,0,0.0,0,119,221.0,1120.67,6.2424225,0.847425,0.43547,0,0.43547,1741.88,6.908754779,6.078719644,12.24244257,7.096406759,10.12545802,8.294299609,2025-11-03 05:36:35.641484,1120.67,0,1,0,0,0.43547,0.43547,21.3918774,1.248834078,0,0.2351074726,1,4000,0.0,51.85172,8.0,0.0,2,1,0.43547
834,1998-11-11,WI,582,640,2,1.0,5000,788.81,0.1578,171838.95,7.0,2.0,1.0,1.0,0,0,0,92.0,80.0,1120.67,1120.67,226.0,97.9,22125.91,2022-02-01 07:44:00,0.0,827,0.0,2800,Female,26,0,0.157762,0,1,2022-02-01,0,0.5,2500.0,0.004590402816,0.157762,61.37105357,0.2817178571,1.785714286,1,1,0,1.0,0,698,226.0,1120.67,7.902110714,1.048928571,0.157762,1,0.157762,441.7336,8.517393171,6.67179241,12.0543188,7.569293106,10.00454979,7.937731775,2025-11-03 05:36:35.641484,1120.67,0,1,0,0,0.157762,0.157762,21.3918774,1.205090201,0,0.1660179561,1,2800,0.1578,61.37105357,7.0,1.0,2,1,0.157762
835,1989-10-13,MO,536,607,3,0.0,1000,1000.0,0.0,100298.35,6.0,3.0,0.0,1.0,0,0,0,130.0,89.7,230.12,230.12,240.0,128.82,30915.75,2023-01-23 14:39:00,11.0,969,0.011351909,3500,Female,36,0,1.0,1,0,2023-01-01,0,0.0,0.0,0.009970253748,1.0,28.65667143,0.2857142857,0.2857142857,1,1,0,0.0,0,341,240.0,230.12,8.833071429,1.104171429,0.0,0,1.0,3500.0,6.908754779,6.908754779,11.51591449,5.442937056,10.33905339,8.160803921,2025-11-03 05:39:35.641484,230.12,0,1,0,0,1.0,1.0,0.0,1.320075525,0,0.1602892872,1,3500,0.0,28.65667143,6.0,0.0,3,0,1.0
836,1972-06-12,MA,784,643,2,1.0,48500,20848.4875,0.4371,21857.03,7.0,3.0,1.0,1.0,0,0,0,102.0,62.5,157.78,157.78,254.0,101.38,25751.42,2022-11-12 21:11:00,8.0,606,0.01320132,4600,Male,53,0,0.4371406,1,1,2022-11-01,1,0.5,2500.0,0.4889038178,0.4371406,4.751528261,4.751528261,10.86956522,1,1,0,1.0,0,413,254.0,157.78,5.598134783,0.661173913,0.4371406,1,0.4371406,2010.84676,10.81979828,9.992323639,9.992323639,5.067519596,10.15628388,8.43402895,2025-11-03 05:37:35.641484,157.78,0,1,0,0,0.4371406,0.4371406,20.3918774,1.197311687,0,0.150056921,1,4600,0.4371,4.751528261,7.0,1.0,2,1,0.4371406
837,1976-11-23,GA,724,613,4,0.0,26000,8525.62,0.3279,15055.97,17.0,2.0,2.0,0.0,0,0,0,166.0,95.0,204.2,204.2,257.0,129.75,33345.94,2022-11-14 14:14:00,12.0,768,0.015625,3600,Female,48,0,0.327908462,1,0,2022-11-01,1,0.0,0.0,0.4889038178,0.327908462,4.182213889,2.368227778,7.222222222,1,1,0,0.0,0,411,257.0,204.2,9.262761111,1.08125,0.0,0,0.327908462,1180.470463,10.16589028,9.050948313,9.619596286,5.323985113,10.41472129,8.188966864,2025-11-03 05:36:35.641484,204.2,0,1,0,0,0.3279084615,0.3279084615,0.0,1.268266282,0,0.1686205148,1,3600,0.3279,4.182213889,17.0,2.0,4,0,0.327908462
838,2002-02-22,IL,783,624,3,1.0,10000,2603.83,0.2604,219593.06,8.0,2.0,2.5,0.0,0,0,0,148.0,100.0,511.23,511.23,254.0,133.24,33841.97,2023-04-09 18:25:00,12.0,790,0.015189873,3900,Male,23,0,0.260383,1,0,2023-04-01,1,0.3333333333,2500.0,0.01185752409,0.260383,56.30591282,0.6676487179,2.564102564,1,1,1,3.0,0,265,254.0,511.23,8.677428205,1.024923077,0.0,0,0.260383,1015.4937,9.210440367,7.865122693,12.29953594,6.238773743,10.42948658,8.26898821,2025-11-03 05:39:35.641484,511.23,0,1,0,0,0.260383,0.260383,0.0,1.357535035,0,0.1392208029,1,3900,0.2604,56.30591282,8.0,2.5,3,0,0.260383
839,1985-02-08,GA,523,668,3,1.0,30000,20848.4875,0.7857,204167.79,7.0,3.0,1.0,0.0,0,0,0,124.0,72.0,106.26,106.26,237.0,163.42,38729.88,2022-11-20 21:39:00,0.0,586,0.0,2400,Female,40,0,0.785702667,0,0,2022-11-01,0,0.3333333333,2500.0,0.1154495525,0.785702667,85.0699125,6.45558796,12.5,1,1,0,1.0,0,405,237.0,106.26,16.13745,2.04275,0.0,0,0.785702667,1885.686401,10.30898599,10.06781824,12.22670233,4.675255794,10.56439249,7.783640596,2025-11-03 05:39:35.641484,106.26,0,1,0,0,0.7857026667,0.7857026667,0.0,1.234552998,0,0.1968668403,1,2400,0.7857,85.0699125,7.0,1.0,3,0,0.785702667
84,1970-07-22,MO,560,549,3,0.0,0,0.0,0.0,213408.08,11.0,2.0,1.0,2.0,0,0,0,183.0,106.7,246.62,246.62,243.0,138.08,33553.09,2023-09-29 20:10:00,10.0,1862,0.005370569,2300,Male,55,0,0.49068525,1,0,2023-09-01,0,0.0,0.0,0.0,0.49068525,92.78612174,0.0,0.0,1,1,0,0.0,0,92,243.0,246.62,14.5883,1.801043478,0.0,0,0.477859,1590.507672,2.416580621,1.973596521,12.27096617,5.511895313,10.42091404,7.74109909,2025-11-03 05:37:35.641484,246.62,0,1,0,0,0.0,0.0,0.0,1.321802917,0,0.2760342519,1,2300,0.0,92.78612174,11.0,1.0,3,0,0.49068525
840,1972-03-12,IL,681,772,4,0.0,48500,15191.11,0.245,21257.55,10.0,3.0,0.0,0.0,1,2356,0,99.0,64.2,44.16,44.16,212.0,135.34,28691.79,2023-07-21 18:37:00,0.0,378,0.0,3400,Male,53,0,0.245017903,0,0,2023-07-01,1,0.0,0.0,0.4889038178,0.245017903,6.252220588,4.467973529,15.64516129,1,1,0,0.0,0,162,212.0,44.16,8.438761765,1.194176471,0.0,0,0.245017903,833.0608702,11.03490579,9.628531493,9.964514446,3.810211739,10.26440115,8.131824785,2025-11-03 05:38:35.641484,44.16,0,1,0,0,0.2450179032,0.2450179032,0.0,1.177318079,0,0.1868207646,1,3400,0.245,6.252220588,10.0,0.0,4,0,0.245017903
841,1997-07-14,WI,490,765,4,2.0,30000,14864.27,0.4955,293658.43,8.0,3.0,0.0,0.0,0,0,1,158.0,58.0,199.77,199.77,231.0,186.53,43087.93,2023-03-20 18:03:00,0.0,552,0.0,3200,Male,28,0,0.495475667,0,0,2023-03-01,0,0.5,2500.0,0.0506175491,0.495475667,91.76825938,4.645084375,9.375,1,1,0,0.0,0,285,231.0,199.77,13.46497813,1.74871875,0.0,0,0.495475667,1585.522134,10.30898599,9.606782899,12.59017597,5.302159974,10.6710214,8.07121854,2025-11-03 05:39:35.641484,199.77,0,1,0,0,0.4954756667,0.4954756667,0.0,1.276487634,0,0.1842771315,0,3200,0.4955,91.76825938,8.0,0.0,4,0,0.495475667
842,1973-10-13,MI,525,581,4,0.0,1000,930.84,0.9308,129196.29,13.0,3.0,1.0,0.0,0,0,0,160.0,111.0,69.51,69.51,246.0,190.79,46934.74,2023-11-23 06:27:00,19.0,792,0.01942862,2200,Male,52,0,0.93084,1,0,2023-11-01,0,0.0,0.0,0.007204850851,0.93084,58.72558636,0.4231090909,0.4545454545,1,1,0,0.0,0,38,246.0,69.51,18.8428536,2.50213838,0.0,0,0.93084,2047.848,6.908754779,6.837161126,11.76909589,4.255754544,10.75653471,7.696667082,2025-11-03 05:36:35.641484,69.51,0,1,0,0,0.93084,0.93084,0.0,1.181934308,0,0.1601929283,0,2200,0.9308,58.72558636,13.0,1.0,4,0,0.93084
843,1976-08-21,IN,566,685,4,1.0,1000,1000.0,0.0,189296.89,12.0,3.0,0.0,2.0,0,0,0,188.0,94.0,870.03,870.03,251.0,123.77,31067.01,2023-11-28 03:21:00,9.0,356,0.01942862,3100,Male,49,0,1.0,1,0,2023-11-01,0,0.25,1000.0,0.005282706969,1.0,61.0635129,0.3225806452,0.3225806452,1,1,0,0.0,0,33,251.0,870.03,10.02161613,1.197774194,0.0,0,1.0,3100.0,6.908754779,6.908754779,12.15107719,6.769676419,10.34393395,8.039479919,2025-11-03 05:39:35.641484,870.03,0,1,0,0,1.0,1.0,0.0,1.344663038,0,0.1538225799,0,3100,0.0,61.0635129,12.0,0.0,4,0,1.0
844,1976-09-06,CO,787,556,3,0.0,1000,787.29,0.7873,19576.03,6.0,2.0,2.0,1.0,0,0,0,139.0,74.7,14.64,14.64,226.0,153.92,34786.39,2023-04-12 12:02:00,0.0,848,0.0,3400,Male,49,0,0.78729,0,0,2023-04-01,1,0.0,0.0,0.04021704094,0.78729,5.757655882,0.2315558824,0.2941176471,1,1,0,0.0,0,262,226.0,14.64,10.23129118,1.358117647,0.0,0,0.78729,2676.786,6.908754779,6.669866042,9.882112219,2.749831735,10.45701024,8.131824785,2025-11-03 05:39:35.641484,14.64,0,1,0,0,0.78729,0.78729,0.0,1.116378477,0,0.2117962768,0,3400,0.7873,5.757655882,6.0,2.0,3,0,0.78729
845,1983-03-06,NC,668,770,2,1.0,30000,2532.69,0.0844,10620.7,7.0,3.0,0.0,0.0,0,0,0,100.0,80.5,1105.7,1105.7,225.0,135.04,30384.19,2022-11-22 11:01:00,0.0,398,0.0,2600,Female,42,0,0.084423,0,1,2022-11-01,0,0.5,2500.0,0.2384673327,0.084423,4.084884615,0.9741115385,11.53846154,1,1,0,0.0,0,404,225.0,1105.7,11.68622692,1.558153846,0.084423,0,0.084423,219.4998,10.30898599,7.837432017,9.270654357,7.009137893,10.3217106,7.863651265,2025-11-03 05:36:35.641484,1105.7,0,1,0,0,0.084423,0.084423,21.3918774,1.312537939,0,0.1421916875,1,2600,0.0844,4.084884615,7.0,0.0,2,1,0.084423
846,1993-10-02,VA,487,712,2,0.0,40000,20848.4875,0.5301,21205.55,2.0,3.0,1.0,0.0,0,0,0,158.0,116.0,1120.67,1120.67,211.0,122.19,25782.79,2023-10-24 01:26:00,0.0,894,0.0,2800,Female,32,0,0.53013875,0,1,2023-10-01,0,0.0,0.0,0.4889038178,0.53013875,7.573410714,6.45558796,14.28571429,1,1,0,0.0,0,68,211.0,1120.67,9.208139286,1.309178571,0.53013875,1,0.53013875,1484.3885,10.59665973,9.962065375,9.962065375,7.381894097,10.15750128,7.937731775,2025-11-03 05:37:35.641484,1120.67,0,1,0,0,0.53013875,0.53013875,20.3918774,1.232171383,0,0.2184965133,1,2800,0.5301,7.573410714,2.0,1.0,2,1,0.53013875
847,1965-08-05,AZ,540,584,4,0.0,5000,2033.48,0.4067,57743.25,16.0,3.0,0.0,1.0,0,0,0,143.0,63.0,125.43,125.43,241.0,202.44,48787.14,2023-04-23 08:00:00,0.0,405,0.0,3100,Male,60,0,0.406696,0,0,2023-04-01,0,0.0,0.0,0.03521589103,0.406696,18.62685484,0.6559612903,1.612903226,1,1,0,0.0,0,252,241.0,125.43,15.7377871,1.959096774,0.0,0,0.406696,1260.7576,8.517393171,7.617995537,10.96377906,4.839688795,10.79524253,8.039479919,2025-11-03 05:36:35.641484,125.43,0,1,0,0,0.406696,0.406696,0.0,1.220219619,0,0.1360185061,0,3100,0.4067,18.62685484,16.0,0.0,4,0,0.406696
848,1989-09-17,CO,616,733,4,1.0,1000,596.96,0.0,409847.8,8.0,2.0,1.0,2.0,0,0,0,160.0,86.8,206.24,206.24,255.0,106.26,27096.75,2022-08-08 22:37:00,0.0,392,0.0,3200,Female,36,0,0.59696,0,0,2022-08-01,0,0.25,1000.0,0.001456540696,0.59696,128.0774375,0.18655,0.3125,1,1,0,1.0,0,509,255.0,206.24,8.467734375,0.9961875,0.0,0,0.59696,1910.272,6.908754779,6.393523862,12.92354359,5.333877542,10.20720598,8.07121854,2025-11-03 05:39:35.641484,206.24,0,1,0,0,0.59696,0.59696,0.0,1.237864911,0,0.2333550467,1,3200,0.0,128.0774375,8.0,1.0,4,0,0.59696
849,1991-11-16,MI,546,585,4,0.0,22000,17098.74,0.7772,238285.88,12.0,3.0,1.0,1.0,0,0,0,170.0,116.8,132.11,132.11,228.0,206.84,47158.95,2022-04-06 21:24:00,0.0,390,0.0,2000,Male,33,0,0.777215455,0,0,2022-04-01,0,0.0,0.0,0.07175725226,0.777215455,119.14294,6.45558796,11.0,1,1,0,0.0,0,633,228.0,132.11,18.8428536,2.50213838,0.0,0,0.777215455,1554.43091,9.998843186,9.746818538,12.3812306,4.891175854,10.76130029,7.601402335,2025-11-03 05:38:35.641484,132.11,0,1,0,0,0.7772154545,0.7772154545,0.0,1.2107278,0,0.169033107,1,2000,0.7772,119.14294,12.0,1.0,4,0,0.777215455
85,2001-09-11,NJ,759,553,3,0.0,6000,1637.97,0.273,6631.76,8.0,2.0,1.0,1.0,0,0,0,145.0,93.7,168.28,168.28,244.0,126.34,30826.49,2023-04-08 10:35:00,22.0,693,0.01942862,3600,Male,24,0,0.272995,1,0,2023-04-01,1,0.0,0.0,0.246988733,0.272995,1.842155556,0.4549916667,1.666666667,1,1,0,0.0,0,267,244.0,168.28,8.562913889,1.052833333,0.0,0,0.272995,982.782,8.699681401,7.401823275,8.799776286,5.131554149,10.3361621,8.188966864,2025-11-03 05:36:35.641484,168.28,0,1,0,0,0.272995,0.272995,0.0,1.277318329,0,0.1925610311,0,3600,0.273,1.842155556,8.0,1.0,3,0,0.272995
850,1993-08-06,TX,624,694,4,1.0,20000,8234.34,0.4117,129572.62,10.0,3.0,1.0,2.0,0,0,0,108.0,59.8,275.73,275.73,232.0,116.35,26993.95,2022-08-18 16:11:00,11.0,562,0.01942862,3100,Female,32,0,0.411717,1,0,2022-08-01,0,0.25,2500.0,0.06354999999,0.411717,41.79761935,2.65623871,6.451612903,1,1,0,1.0,0,499,232.0,275.73,8.707725806,1.125967742,0.0,0,0.411717,1276.3227,9.903537551,9.016189929,11.77200449,5.623042302,10.20340509,8.039479919,2025-11-03 05:37:35.641484,275.73,0,1,0,0,0.411717,0.411717,0.0,1.350621979,0,0.1800793596,1,3100,0.4117,41.79761935,10.0,1.0,4,0,0.411717
851,2001-01-26,OH,689,494,4,1.0,5000,1406.19,0.2812,25889.16,12.0,2.0,1.0,1.0,0,0,0,188.0,121.0,176.23,176.23,242.0,128.05,30988.25,2022-04-06 07:18:00,0.0,395,0.0,3200,Male,24,0,0.281238,0,0,2022-04-01,1,0.25,2500.0,0.05431578313,0.281238,8.0903625,0.439434375,1.5625,1,1,0,1.0,0,634,242.0,176.23,9.683828125,1.20046875,0.0,0,0.281238,899.9616,8.517393171,7.249350087,10.16161825,5.177448324,10.34139565,8.07121854,2025-11-03 05:36:35.641484,176.23,0,1,0,0,0.281238,0.281238,0.0,1.287775842,0,0.1990647119,1,3200,0.2812,8.0903625,12.0,1.0,4,0,0.281238
852,1983-01-09,OH,614,796,4,0.0,1000,568.59,0.0,398215.73,10.0,2.0,0.0,0.0,0,0,0,174.0,109.8,994.91,994.91,246.0,107.5,26444.38,2023-12-28 09:00:00,8.0,787,0.010165184,3400,Female,42,0,0.56859,1,0,2023-12-01,0,0.0,0.0,0.001427844149,0.56859,117.1222735,0.1672323529,0.2941176471,1,1,0,0.0,0,3,246.0,994.91,7.777758824,0.9485294118,0.0,0,0.56859,1933.206,6.908754779,6.344916804,12.89475168,6.903656892,10.18283675,8.131824785,2025-11-03 05:36:35.641484,994.91,0,1,0,0,0.56859,0.56859,0.0,1.291408654,0,0.2104177685,0,3400,0.0,117.1222735,10.0,0.0,4,0,0.56859
853,1999-05-06,MA,607,778,4,1.0,48500,20848.4875,0.5338,280774.52,12.0,3.0,0.0,0.0,0,0,1,117.0,67.0,87.98,87.98,223.0,166.32,37089.22,2022-03-25 12:48:00,11.0,520,0.01942862,2900,Male,26,0,0.533832167,1,0,2022-03-01,0,0.25,2500.0,0.1140770537,0.533832167,96.8188,6.45558796,15.64516129,1,1,0,0.0,0,645,223.0,87.98,12.78938621,1.720551724,0.0,0,0.533832167,1548.113284,11.00211651,10.37445728,12.54531077,4.488411625,10.5211086,7.972810784,2025-11-03 05:36:35.641484,87.98,0,1,0,0,0.5338321667,0.5338321667,0.0,1.212225132,0,0.2216342565,0,2900,0.5338,96.8188,12.0,0.0,4,0,0.533832167
854,2001-12-25,CO,523,720,3,0.0,10000,5089.81,0.509,408857.05,8.0,3.0,0.0,2.0,0,0,0,187.0,87.7,91.44,91.44,222.0,191.88,42597.98,2022-03-03 07:13:00,5.0,833,0.006002401,3300,Male,23,0,0.508981,1,0,2022-03-01,0,0.0,0.0,0.01244887425,0.508981,123.8960758,1.542366667,3.03030303,1,1,0,0.0,0,668,222.0,91.44,12.90847879,1.744363636,0.0,0,0.508981,1679.6373,9.210440367,8.535192232,12.92112331,4.526559785,10.65958559,8.101980732,2025-11-03 05:38:35.641484,91.44,0,1,0,0,0.508981,0.508981,0.0,1.183857048,0,0.1280805351,1,3300,0.509,123.8960758,8.0,0.0,3,0,0.508981
855,2000-09-04,MO,645,588,3,1.0,7000,5090.98,0.7273,17512.65,6.0,3.0,0.0,2.0,0,0,0,162.0,62.3,290.41,290.41,250.0,95.87,23968.52,2023-06-03 15:44:00,15.0,587,0.01942862,3700,Male,25,0,0.727282857,1,0,2023-06-01,0,0.3333333333,2500.0,0.2907030061,0.727282857,4.733148649,1.375940541,1.891891892,1,1,0,0.0,0,210,250.0,290.41,6.477978378,0.7773243243,0.0,0,0.727282857,2690.946571,8.853808275,8.535422032,9.770735856,5.67473121,10.0845383,8.216358332,2025-11-03 05:36:35.641484,290.41,0,1,0,0,0.7272828571,0.7272828571,0.0,1.259054711,0,0.2132107665,1,3700,0.7273,4.733148649,6.0,0.0,3,0,0.727282857
856,1972-05-25,IN,696,517,2,0.0,1000,806.18,0.8062,241749.75,4.0,1.0,0.0,1.0,0,0,0,166.0,108.0,169.44,169.44,206.0,227.06,46773.64,2023-07-20 23:48:00,0.0,550,0.0,2600,Female,53,0,0.80618,0,1,2023-07-01,1,0.0,0.0,0.00333477077,0.80618,92.98067308,0.3100692308,0.3846153846,1,1,0,0.0,0,163,206.0,169.44,17.98986154,2.50213838,0.5846375,0,0.80618,2096.068,6.908754779,6.693546692,12.39566252,5.138383329,10.75309645,7.863651265,2025-11-03 05:36:35.641484,169.44,0,1,0,0,0.80618,0.80618,21.3918774,1.137595618,0,0.1477375489,1,2600,0.8062,92.98067308,4.0,0.0,2,1,0.80618
857,1988-09-27,NY,765,506,4,2.0,20000,4688.12,0.2344,237612.93,13.0,3.0,1.0,0.0,1,841,0,180.0,92.5,134.91,134.91,217.0,157.47,34170.69,2023-07-13 05:48:00,0.0,395,0.0,3600,Male,37,0,0.234406,0,0,2023-07-01,1,0.5,2500.0,0.01973007109,0.234406,66.00359167,1.302255556,5.555555556,1,1,0,0.5,0,171,217.0,134.91,9.491858333,1.31225,0.0,0,0.234406,843.8616,9.903537551,8.453000211,12.37840249,4.911992902,10.4391528,8.188966864,2025-11-03 05:36:35.641484,134.91,0,1,0,0,0.234406,0.234406,0.0,1.258329999,0,0.1901580272,1,3600,0.2344,66.00359167,13.0,1.0,4,0,0.234406
858,1993-09-07,MI,600,661,4,0.0,0,0.0,0.0,580391.195,17.0,3.0,1.0,2.0,0,0,0,33.5,8.5,34.32,34.32,236.0,132.95,31377.24,2023-09-14 16:07:00,10.0,596,0.016778523,2900,Male,32,0,0.49068525,1,0,2023-09-01,0,0.0,0.0,0.0,0.49068525,183.5765946,0.0,0.0,1,1,0,0.0,0,107,236.0,34.32,10.81973793,1.375344828,0.0,0,0.477859,1590.507672,2.416580621,1.973596521,13.50599645,3.564449376,10.35386994,7.972810784,2025-11-03 05:39:35.641484,34.32,0,1,0,0,0.0,0.0,0.0,1.157738291,0,0.1710281243,1,2900,0.0,183.5765946,17.0,1.0,4,0,0.49068525
859,1971-12-27,OH,482,738,2,0.0,0,0.0,0.0,85646.34,3.0,2.0,0.0,0.0,0,0,0,118.0,85.5,440.58,440.58,219.0,203.03,44463.77,2022-05-11 19:59:00,0.0,387,0.0,3300,Female,53,0,0.49068525,0,1,2022-05-01,0,0.0,0.0,0.0,0.49068525,25.95343636,0.0,0.0,1,1,0,0.0,0,598,219.0,440.58,13.4738697,1.845727273,0.0,0,0.477859,1590.507672,2.416580621,1.973596521,11.35799345,6.090359204,10.70245247,8.101980732,2025-11-03 05:39:35.641484,440.58,0,1,0,0,0.0,0.0,18.3918774,1.319618522,0,0.1162850563,1,3300,0.0,25.95343636,3.0,0.0,2,1,0.49068525
86,1978-11-23,NC,671,763,4,1.0,48500,20848.4875,0.5289,453064.73,12.0,3.0,0.0,0.0,0,0,0,140.0,91.8,96.41,96.41,230.0,146.35,33660.44,2023-01-17 06:39:00,0.0,1298,0.0,3900,Male,46,0,0.5288836,0,0,2023-01-01,1,0.25,2500.0,0.05836733307,0.5288836,116.1704436,6.45558796,12.82051282,1,1,0,0.0,0,348,230.0,96.41,8.630882051,1.125769231,0.0,0,0.5288836,2062.64604,10.81979828,10.18282919,13.02379249,4.578928875,10.42410825,8.26898821,2025-11-03 05:37:35.641484,96.41,0,1,0,0,0.5288836,0.5288836,0.0,1.241469939,0,0.2453625188,0,3900,0.5289,116.1704436,12.0,0.0,4,0,0.5288836
860,1984-01-15,NJ,634,669,2,0.0,20000,3292.72,0.1646,11308.26,9.0,3.0,2.0,1.0,0,0,0,185.0,142.5,122.91,122.91,218.0,169.77,37008.96,2023-06-01 06:20:00,14.0,610,0.01942862,3200,Male,41,0,0.164636,1,1,2023-06-01,0,0.0,0.0,0.2911783068,0.164636,3.53383125,1.028975,6.25,1,1,0,0.0,0,213,218.0,122.91,11.5653,1.59159375,0.164636,2,0.164636,526.8352,9.903537551,8.099772904,9.333377138,4.819555496,10.51894234,8.07121854,2025-11-03 05:39:35.641484,122.91,0,1,0,0,0.164636,0.164636,18.3918774,1.232457047,0,0.1418713032,1,3200,0.1646,3.53383125,9.0,2.0,2,1,0.164636
861,1987-02-15,FL,766,777,2,0.0,2000,78.95,0.0395,7107.9,3.0,2.0,2.0,0.0,0,0,0,167.0,112.0,449.31,449.31,261.0,94.69,24714.12,2022-10-21 16:41:00,13.0,573,0.01942862,4300,Female,38,0,0.039475,1,1,2022-10-01,1,0.0,0.0,0.01110735942,0.039475,1.653,0.01836046512,0.4651162791,1,1,0,0.0,0,435,261.0,449.31,5.747469767,0.660627907,0.039475,2,0.039475,169.7425,7.601402335,4.381401439,8.869102799,6.109936234,10.11517048,8.366602833,2025-11-03 05:38:35.641484,449.31,0,1,0,0,0.039475,0.039475,19.3918774,1.252692465,0,0.1413798558,1,4300,0.0395,1.653,3.0,2.0,2,1,0.039475
862,1980-04-26,MO,613,737,4,1.0,30000,20848.4875,0.9327,580391.195,15.0,3.0,0.0,1.0,0,0,0,95.0,79.2,208.01,208.01,233.0,209.18,48738.87,2023-10-11 21:40:00,0.0,400,0.0,3300,Male,45,0,0.932719667,0,0,2023-10-01,0,0.25,2500.0,0.04086462471,0.932719667,183.5765946,6.45558796,9.090909091,1,1,0,0.0,0,80,233.0,208.01,14.76935455,1.901636364,0.0,0,0.932719667,3077.974901,10.30898599,10.23933781,13.43679405,5.342382098,10.79425266,8.101980732,2025-11-03 05:38:35.641484,208.01,0,1,0,0,0.9327196667,0.9327196667,0.0,1.258855976,0,0.1592953731,1,3300,0.9327,183.5765946,15.0,0.0,4,0,0.932719667
863,1987-12-20,MI,653,547,2,0.0,1000,521.4,0.0,94366.58,9.0,3.0,0.0,0.0,0,0,0,139.0,136.0,189.57,189.57,208.0,139.18,28948.47,2023-09-09 23:36:00,16.0,407,0.01942862,2500,Female,37,0,0.5214,1,1,2023-09-01,0,0.0,0.0,0.005525261168,0.5214,37.746632,0.20856,0.4,1,1,0,0.0,0,112,208.0,189.57,11.579388,1.67016,0.5214,0,0.5214,1303.5,6.908754779,6.258433578,11.45495286,5.250019581,10.27330718,7.824445931,2025-11-03 05:38:35.641484,189.57,0,1,0,0,0.5214,0.5214,19.3918774,1.305233736,0,0.2584409253,0,2500,0.0,37.746632,9.0,0.0,2,1,0.5214
864,1975-10-05,AZ,642,552,4,0.0,30000,11536.36,0.3845,121033.24,15.0,3.0,2.0,0.0,0,0,0,175.0,110.5,241.27,241.27,220.0,170.09,37420.42,2022-06-17 08:16:00,11.0,405,0.01942862,3000,Female,50,0,0.384545333,1,0,2022-06-01,0,0.0,0.0,0.09531563395,0.384545333,40.34441333,3.845453333,10.0,1,1,0,0.0,0,562,220.0,241.27,12.47347333,1.7009,0.0,0,0.384545333,1153.635999,10.30898599,9.353345744,11.70382876,5.490052807,10.52999855,8.006700845,2025-11-03 05:37:35.641484,241.27,0,1,0,0,0.3845453333,0.3845453333,0.0,1.305836799,0,0.1893850059,0,3000,0.3845,40.34441333,15.0,2.0,4,0,0.384545333
865,1978-01-19,VA,539,502,4,0.0,1000,1000.0,0.0,123028.27,13.0,3.0,0.0,1.0,0,0,0,179.0,72.5,1120.67,1120.67,206.0,232.92,47981.11,2022-01-24 20:50:00,0.0,568,0.0,2700,Male,47,0,1.0,0,0,2022-01-01,0,0.0,0.0,0.008128213133,1.0,45.56602593,0.3703703704,0.3703703704,1,1,0,0.0,0,705,206.0,1120.67,17.77078148,2.50213838,0.0,0,1.0,2700.0,6.908754779,6.908754779,11.72017757,7.301788626,10.77858351,7.901377354,2025-11-03 05:37:35.641484,1120.67,0,1,0,0,1.0,1.0,0.0,1.270794811,0,0.2080382025,1,2700,0.0,45.56602593,13.0,0.0,4,0,1.0
866,1999-05-20,IN,735,664,3,0.0,1000,173.45,0.0,102081.59,8.0,2.0,0.0,0.0,0,0,0,172.0,139.0,139.88,139.88,246.0,96.33,23697.32,2022-05-27 06:54:00,0.0,725,0.0,3000,Female,26,0,0.17345,0,0,2022-05-01,1,0.0,0.0,0.001699131058,0.17345,34.02719667,0.05781666667,0.3333333333,1,1,0,0.0,0,583,246.0,139.88,7.899106667,0.9633,0.0,0,0.17345,520.35,6.908754779,5.161638168,11.53353747,4.947908464,10.07315944,8.006700845,2025-11-03 05:36:35.641484,139.88,0,1,0,0,0.17345,0.17345,0.0,1.197633961,0,0.178765289,1,3000,0.0,34.02719667,8.0,0.0,3,0,0.17345
867,1975-06-23,GA,624,793,2,0.0,20000,8289.03,0.4145,16221.99,6.0,3.0,2.0,0.0,0,0,0,97.0,71.5,552.78,552.78,224.0,129.22,28944.52,2022-09-09 06:12:00,22.5,725,0.01942862,2500,Female,50,0,0.4144515,1,1,2022-09-01,0,0.0,0.0,0.4889038178,0.4144515,6.488796,3.315612,8.0,1,1,0,0.0,0,478,224.0,552.78,11.577808,1.55064,0.4144515,2,0.4144515,1036.12875,9.903537551,9.022808867,9.694184651,6.316767496,10.27317072,7.824445931,2025-11-03 05:37:35.641484,552.78,0,1,0,0,0.4144515,0.4144515,20.3918774,1.383597091,0,0.1520103848,0,2500,0.4145,6.488796,6.0,2.0,2,1,0.4144515
868,1983-10-09,TN,744,703,2,0.0,25000,7583.01,0.3033,7583.01,6.0,3.0,0.0,1.0,0,0,0,148.0,140.0,917.81,917.81,217.0,132.85,28827.74,2022-12-11 13:18:00,9.0,392,0.01942862,3100,Male,42,0,0.3033204,1,1,2022-12-01,1,0.0,0.0,0.4889038178,0.3033204,2.446132258,2.446132258,8.064516129,1,1,0,0.0,0,384,217.0,917.81,9.299270968,1.285645161,0.3033204,0,0.3033204,940.29324,10.1266711,8.933797362,8.933797362,6.823079355,10.26912809,8.039479919,2025-11-03 05:39:35.641484,917.81,0,1,0,0,0.3033204,0.3033204,18.3918774,1.322692658,0,0.1324573508,0,3100,0.3033,2.446132258,6.0,0.0,2,1,0.3033204
869,1971-03-25,MI,641,557,2,0.0,0,0.0,0.0,428917.6,5.0,2.0,0.0,0.0,0,0,0,186.0,95.5,749.89,749.89,224.0,111.53,24982.47,2023-02-11 12:45:00,11.0,393,0.01942862,2700,Male,54,0,0.49068525,1,1,2023-02-01,0,0.0,0.0,0.0,0.49068525,158.8583704,0.0,0.0,1,1,0,0.0,0,322,224.0,749.89,9.252766667,1.239222222,0.0,0,0.477859,1590.507672,2.416580621,1.973596521,12.96902244,6.62125917,10.12596969,7.901377354,2025-11-03 05:37:35.641484,749.89,0,1,0,0,0.0,0.0,20.3918774,1.335540481,0,0.2286593507,1,2700,0.0,158.8583704,5.0,0.0,2,1,0.49068525
87,1980-05-13,IL,543,482,3,0.0,5000,3413.91,0.6828,185346.43,4.0,3.0,1.0,0.0,0,0,0,172.0,125.3,344.34,344.34,206.0,125.24,25799.57,2023-06-03 21:33:00,0.0,1921,0.0,2500,Female,45,0,0.682782,0,0,2023-06-01,0,0.0,0.0,0.01841907611,0.682782,74.138572,1.365564,2.0,1,1,0,0.0,0,210,206.0,344.34,10.319828,1.50288,0.0,0,0.682782,1706.955,8.517393171,8.135906417,12.12998734,5.844529439,10.15815186,7.824445931,2025-11-03 05:36:35.641484,344.34,0,1,0,0,0.682782,0.682782,0.0,1.360730009,0,0.1748880242,1,2500,0.6828,74.138572,4.0,1.0,3,0,0.682782
870,1968-05-28,IL,507,556,3,1.0,10000,1496.96,0.1497,46298.87,11.0,3.0,0.0,0.0,0,0,0,133.0,100.7,88.71,88.71,235.0,163.61,38447.79,2022-02-13 00:39:00,12.0,398,0.01942862,3000,Female,57,0,0.149696,1,0,2022-02-01,0,0.3333333333,2500.0,0.03233253857,0.149696,15.43295667,0.4989866667,3.333333333,1,1,0,0.0,0,686,235.0,88.71,12.81593,1.6361,0.0,0,0.149696,449.088,9.210440367,7.311859461,10.74289443,4.496582246,10.5570825,8.006700845,2025-11-03 05:39:35.641484,88.71,0,1,0,0,0.149696,0.149696,0.0,1.219191206,0,0.1865826029,0,3000,0.1497,15.43295667,11.0,0.0,3,0,0.149696
871,1973-04-05,NC,597,498,2,0.0,10000,4710.85,0.4711,13038.48,3.0,3.0,0.0,0.0,0,0,0,174.0,154.5,51.29,51.29,218.0,112.82,24593.93,2023-05-12 18:11:00,0.0,396,0.0,3700,Male,52,0,0.471085,0,1,2023-05-01,0,0.0,0.0,0.3613036182,0.471085,3.523913514,1.273202703,2.702702703,1,1,0,0.0,0,232,218.0,51.29,6.647008108,0.9147567568,0.471085,0,0.471085,1743.0145,9.210440367,8.457835891,9.475736957,3.956805148,10.1102956,8.216358332,2025-11-03 05:36:35.641484,51.29,0,1,0,0,0.471085,0.471085,21.3918774,1.217358955,0,0.2151863447,1,3700,0.4711,3.523913514,3.0,0.0,2,1,0.471085
872,1980-11-13,CO,613,719,4,1.0,20000,7440.54,0.372,22989.63,11.0,3.0,2.0,1.0,0,0,1,162.0,81.0,30.32,30.32,220.0,155.08,34118.25,2023-02-08 07:52:00,10.0,371,0.01942862,2800,Female,44,0,0.372027,1,0,2023-02-01,0,0.25,2500.0,0.323647662,0.372027,8.210582143,2.657335714,7.142857143,1,1,0,2.0,0,326,220.0,30.32,12.18508929,1.661571429,0.0,0,0.372027,1041.6756,9.903537551,8.914833096,10.04284202,3.444256871,10.43761702,7.937731775,2025-11-03 05:36:35.641484,30.32,0,1,0,0,0.372027,0.372027,0.0,1.142049193,0,0.2528433259,1,2800,0.372,8.210582143,11.0,2.0,4,0,0.372027
873,1974-10-21,NJ,539,500,4,2.0,35000,19072.08,0.5449,328070.95,13.0,3.0,0.0,0.0,0,0,0,168.0,113.8,770.45,770.45,216.0,136.86,29562.71,2023-01-13 11:47:00,0.0,544,0.0,2200,Female,51,0,0.544916571,0,0,2023-01-01,0,0.5,2500.0,0.05813401034,0.544916571,149.1231591,6.45558796,15.64516129,1,1,0,0.0,0,351,216.0,770.45,13.43759545,1.866272727,0.0,0,0.544916571,1198.816456,10.46313191,9.856033196,12.70098822,6.648271861,10.29430287,7.696667082,2025-11-03 05:38:35.641484,770.45,0,1,0,0,0.5449165714,0.5449165714,0.0,1.349349247,0,0.2529715414,1,2200,0.5449,149.1231591,13.0,0.0,4,0,0.544916571
874,1991-07-15,TX,662,714,4,0.0,20000,17280.37,0.864,514410.45,13.0,3.0,0.0,0.0,0,0,0,85.0,39.0,48.78,48.78,240.0,176.56,42374.4,2022-09-01 12:25:00,16.0,563,0.01942862,3500,Female,34,0,0.8640185,1,0,2022-09-01,0,0.0,0.0,0.03359257185,0.8640185,146.9744143,4.937248571,5.714285714,1,1,0,0.0,0,485,240.0,48.78,12.10697143,1.513371429,0.0,0,0.8640185,3024.06475,9.903537551,9.757384322,13.15077871,3.907613297,10.65432328,8.160803921,2025-11-03 05:37:35.641484,48.78,0,1,0,0,0.8640185,0.8640185,0.0,1.166776581,0,0.2942417884,0,3500,0.864,146.9744143,13.0,0.0,4,0,0.8640185
875,1970-07-17,NJ,537,543,4,1.0,40000,20848.4875,0.7894,52897.03,12.0,3.0,1.0,0.0,0,0,0,166.0,90.0,110.59,110.59,207.0,160.23,33167.07,2023-03-07 04:07:00,0.0,380,0.0,2900,Female,55,0,0.789436,0,0,2023-03-01,0,0.25,2500.0,0.4889038178,0.789436,18.24035517,6.45558796,13.79310345,1,1,0,1.0,0,299,207.0,110.59,11.43692069,1.657551724,0.0,0,0.789436,2289.3644,10.59665973,10.36022989,10.87612138,4.71483144,10.40934295,7.972810784,2025-11-03 05:36:35.641484,110.59,0,1,0,0,0.789436,0.789436,0.0,1.201417347,0,0.1357861611,1,2900,0.7894,18.24035517,12.0,1.0,4,0,0.789436
876,1988-08-16,NC,527,625,4,1.0,30000,8300.48,0.2767,393204.98,11.0,3.0,0.0,1.0,0,0,1,136.0,78.8,682.72,682.72,219.0,211.65,46352.39,2023-10-25 13:22:00,0.0,378,0.0,3200,Male,37,0,0.276682667,0,0,2023-10-01,0,0.25,2500.0,0.02110980385,0.276682667,122.8765563,2.5939,9.375,1,1,0,0.0,0,66,219.0,682.72,14.48512188,1.98421875,0.0,0,0.276682667,885.3845344,10.30898599,9.024189091,12.88208888,6.527548477,10.74404971,8.07121854,2025-11-03 05:38:35.641484,682.72,0,1,0,0,0.2766826667,0.2766826667,0.0,1.337341996,0,0.1757802253,1,3200,0.2767,122.8765563,11.0,0.0,4,0,0.276682667
877,2002-01-28,TX,566,768,2,0.0,0,0.0,0.0,26634.15,3.0,3.0,2.0,1.0,0,0,0,173.0,109.0,138.29,138.29,231.0,129.97,30022.13,2023-03-30 12:46:00,0.0,402,0.0,3000,Female,23,0,0.49068525,0,1,2023-03-01,0,0.0,0.0,0.0,0.49068525,8.87805,0.0,0.0,1,1,0,0.0,0,275,231.0,138.29,10.00737667,1.2997,0.0,2,0.477859,1590.507672,2.416580621,1.973596521,10.18998705,4.936558091,10.30972336,8.006700845,2025-11-03 05:38:35.641484,138.29,0,1,0,0,0.0,0.0,19.3918774,1.285720458,0,0.2006049137,1,3000,0.0,8.87805,3.0,2.0,2,1,0.49068525
878,1994-11-22,VA,778,749,2,1.0,30000,9070.35,0.3023,62387.46,6.0,3.0,0.0,0.0,0,0,0,134.0,126.0,656.91,656.91,250.0,95.82,23954.13,2023-12-23 16:46:00,19.0,572,0.01942862,4700,Male,30,0,0.302345,1,1,2023-12-01,1,0.5,2500.0,0.1453873904,0.302345,13.27392766,1.929861702,6.382978723,1,1,0,0.0,0,7,250.0,656.91,5.096623404,0.6116170213,0.302345,0,0.302345,1421.0215,10.30898599,9.112876374,11.0411356,6.489068144,10.08393778,8.455530531,2025-11-03 05:37:35.641484,656.91,0,1,0,0,0.302345,0.302345,20.3918774,1.286578908,0,0.2342699529,1,4700,0.3023,13.27392766,6.0,0.0,2,1,0.302345
879,1969-09-13,AZ,693,606,3,0.0,2000,1457.43,0.7287,75687.84,5.0,2.0,1.0,2.0,0,0,0,160.0,107.3,1120.67,1120.67,218.0,121.66,26521.06,2022-11-20 17:17:00,22.5,406,0.01942862,3700,Male,56,0,0.728715,1,0,2022-11-01,1,0.0,0.0,0.0192558012,0.728715,20.45617297,0.3939,0.5405405405,1,1,0,0.0,0,405,218.0,1120.67,7.167854054,0.9864324324,0.0,0,0.728715,2696.2455,7.601402335,7.285115794,11.234386,7.574404468,10.18573212,8.216358332,2025-11-03 05:38:35.641484,1120.67,0,1,0,0,0.728715,0.728715,0.0,1.262453683,0,0.2449463388,1,3700,0.7287,20.45617297,5.0,1.0,3,0,0.728715
88,1984-08-11,TX,755,636,2,0.0,10000,4953.77,0.4954,14342.23,7.0,2.0,2.0,1.0,0,0,0,151.0,89.0,231.65,231.65,222.0,160.69,35672.55,2023-03-23 14:23:00,0.0,1074,0.0,4200,Male,41,0,0.495377,0,1,2023-03-01,1,0.0,0.0,0.3453974731,0.495377,3.414816667,1.179469048,2.380952381,1,1,0,0.0,0,282,222.0,231.65,8.493464286,1.147785714,0.495377,2,0.495377,2080.5834,9.210440367,8.508106028,9.571033333,5.449535178,10.4821648,8.343077871,2025-11-03 05:38:35.641484,231.65,0,1,0,0,0.495377,0.495377,19.3918774,1.316016297,0,0.1661592061,1,4200,0.4954,3.414816667,7.0,2.0,2,1,0.495377
880,1992-04-16,NJ,528,493,2,0.0,1000,743.84,0.0,109470.74,4.0,3.0,2.5,0.0,0,0,0,123.0,75.0,157.76,157.76,216.0,130.98,28290.65,2023-04-02 03:29:00,10.0,626,0.015974441,2800,Female,33,0,0.74384,1,1,2023-04-01,0,0.0,0.0,0.006794875051,0.74384,39.09669286,0.2656571429,0.3571428571,1,1,1,0.0,0,273,216.0,157.76,10.10380357,1.403357143,0.5846375,3,0.74384,2082.752,6.908754779,6.61316943,11.60342171,5.067393628,10.25032199,7.937731775,2025-11-03 05:38:35.641484,157.76,0,1,0,0,0.74384,0.74384,19.3918774,1.313677949,0,0.1968558663,1,2800,0.0,39.09669286,4.0,2.5,2,1,0.74384
881,1985-05-11,IN,542,671,2,1.0,20000,1014.83,0.0507,232826.25,8.0,3.0,1.0,2.0,0,0,0,184.0,104.0,41.27,41.27,259.0,118.66,30732.95,2023-05-01 03:17:00,0.0,398,0.0,2400,Female,40,0,0.0507415,0,1,2023-05-01,0,0.5,2500.0,0.004358743913,0.0507415,97.0109375,0.4228458333,8.333333333,1,1,0,1.0,0,244,259.0,41.27,12.80539583,1.48325,0.0507415,1,0.0507415,121.7796,9.903537551,6.923461291,12.35805204,3.744077615,10.33312319,7.783640596,2025-11-03 05:37:35.641484,41.27,0,1,0,0,0.0507415,0.0507415,20.3918774,1.103452251,0,0.184564191,1,2400,0.0507,97.0109375,8.0,1.0,2,1,0.0507415
882,2001-03-19,CO,645,494,3,0.0,10000,1258.05,0.1258,311059.23,11.0,2.0,0.0,0.0,0,0,0,163.0,84.7,518.72,518.72,239.0,162.55,38848.83,2022-04-05 18:46:00,0.0,607,0.0,3300,Male,24,0,0.125805,0,0,2022-04-01,0,0.0,0.0,0.004044406591,0.125805,94.26037273,0.3812272727,3.03030303,1,1,0,0.0,0,634,239.0,518.72,11.77237273,1.477727273,0.0,0,0.125805,415.1565,9.210440367,7.138112747,12.64774184,6.253290205,10.56745898,8.101980732,2025-11-03 05:39:35.641484,518.72,0,1,0,0,0.125805,0.125805,0.0,1.378645768,0,0.1678195974,0,3300,0.1258,94.26037273,11.0,0.0,3,0,0.125805
883,1986-11-25,NY,715,712,2,0.0,10000,8623.95,0.8624,12720.0,7.0,2.0,0.0,2.0,0,0,0,42.0,26.0,138.41,138.41,267.0,129.55,34590.18,2022-01-28 07:19:00,0.0,376,0.0,3700,Female,38,0,0.862395,0,1,2022-01-01,1,0.0,0.0,0.4889038178,0.862395,3.437837838,2.330797297,2.702702703,1,1,0,0.0,0,702,267.0,138.41,9.348697297,1.050405405,0.5846375,0,0.0,3190.8615,9.210440367,9.062414445,9.45100945,4.937419232,10.45135402,8.216358332,2025-11-03 05:38:35.641484,138.41,0,1,0,0,0.862395,0.862395,19.3918774,1.203015567,0,0.2091866463,0,3700,0.8624,3.437837838,7.0,0.0,2,1,0.862395
884,1967-02-21,MA,784,648,3,1.0,1000,199.39,0.0,13217.72,8.0,3.0,2.0,1.0,0,0,0,139.0,121.7,1120.67,1120.67,220.0,93.28,20522.18,2022-08-17 00:11:00,10.0,429,0.01942862,3900,Female,58,0,0.19939,1,0,2022-08-01,1,0.3333333333,1000.0,0.01508505249,0.19939,3.389158974,0.05112564103,0.2564102564,1,1,0,2.0,0,501,220.0,1120.67,5.262097436,0.7175384615,0.0,0,0.19939,777.621,6.908754779,5.300265468,9.489389286,7.953757617,9.929310258,8.26898821,2025-11-03 05:38:35.641484,1120.67,0,1,0,0,0.19939,0.19939,0.0,1.161306067,0,0.2381523221,1,3900,0.0,3.389158974,8.0,2.0,3,0,0.19939
885,1966-02-28,WA,798,646,2,0.0,20000,11940.94,0.597,18929.57,5.0,2.0,1.0,1.0,0,0,0,151.0,85.5,239.64,239.64,194.0,184.26,35746.3,2023-05-26 18:14:00,18.0,739,0.01942862,4100,Female,59,0,0.597047,1,1,2023-05-01,1,0.0,0.0,0.4889038178,0.597047,4.616968293,2.91242439,4.87804878,1,1,0,0.0,0,218,194.0,239.64,8.718609756,1.348243902,0.5846375,1,0.597047,2447.8927,9.903537551,9.387811853,9.848533355,5.483302041,10.48423002,8.318986125,2025-11-03 05:36:35.641484,239.64,0,1,0,0,0.597047,0.597047,21.3918774,1.126867014,0,0.1911766882,1,4100,0.597,4.616968293,5.0,1.0,2,1,0.597047
886,1993-08-01,MI,588,624,4,0.0,22000,4677.5,0.2126,84832.72,6.0,3.0,0.0,1.0,0,0,0,184.0,102.0,1120.67,1120.67,258.0,96.67,24941.8,2022-03-09 06:01:00,0.0,409,0.0,2600,Male,32,0,0.212613636,0,0,2022-03-01,0,0.0,0.0,0.0551379232,0.212613636,32.62796923,1.799038462,8.461538462,1,1,0,0.0,0,662,258.0,1120.67,9.593,1.115423077,0.0,0,0.212613636,552.7954536,9.998843186,8.450732825,11.34844838,7.650730181,10.12434048,7.863651265,2025-11-03 05:39:35.641484,1120.67,0,1,0,0,0.2126136364,0.2126136364,0.0,1.231641357,0,0.1513261247,1,2600,0.2126,32.62796923,6.0,0.0,4,0,0.212613636
887,1977-12-05,GA,508,760,4,1.0,2000,786.48,0.3932,274934.66,11.0,3.0,1.0,1.0,0,0,0,150.0,91.0,27.55,27.55,228.0,132.28,30160.52,2023-08-31 08:09:00,11.0,557,0.01942862,2200,Male,47,0,0.39324,1,0,2023-08-01,0,0.25,2000.0,0.002860606953,0.39324,124.9703,0.3574909091,0.9090909091,1,1,0,1.0,0,122,228.0,27.55,13.70932727,1.803818182,0.0,0,0.39324,865.128,7.601402335,6.668837974,12.52429239,3.351656936,10.31432222,7.696667082,2025-11-03 05:37:35.641484,27.55,0,1,0,0,0.39324,0.39324,0.0,1.153960897,0,0.1925472028,1,2200,0.3932,124.9703,11.0,1.0,4,0,0.39324
888,1975-05-03,VA,527,610,3,1.0,1000,977.61,0.0,188977.81,8.0,2.0,1.0,2.0,0,0,0,137.0,82.0,267.74,267.74,230.0,154.12,35448.7,2023-03-02 18:10:00,0.0,585,0.0,2500,Male,50,0,0.97761,0,0,2023-03-01,0,0.3333333333,1000.0,0.005173147048,0.97761,75.591124,0.391044,0.4,1,1,0,1.0,0,303,230.0,267.74,14.17948,1.84944,0.0,0,0.97761,2444.025,6.908754779,6.886133197,12.14939017,5.593744369,10.47587007,7.824445931,2025-11-03 05:38:35.641484,267.74,0,1,0,0,0.97761,0.97761,0.0,1.337998966,0,0.283642219,0,2500,0.0,75.591124,8.0,1.0,3,0,0.97761
889,1981-02-12,WA,602,525,2,0.0,1000,524.49,0.0,271512.44,4.0,3.0,1.0,1.0,0,0,0,144.0,112.5,958.04,958.04,225.0,147.72,33237.68,2023-03-13 09:13:00,0.0,747,0.0,2800,Female,44,0,0.52449,0,1,2023-03-01,0,0.0,0.0,0.001931734693,0.52449,96.96872857,0.1873178571,0.3571428571,1,1,0,0.0,0,293,225.0,958.04,11.8706,1.582714286,0.52449,1,0.52449,1468.572,6.908754779,6.264331161,12.51176692,6.865932784,10.41146954,7.937731775,2025-11-03 05:38:35.641484,958.04,0,1,0,0,0.52449,0.52449,19.3918774,1.35009653,0,0.2430144293,1,2800,0.0,96.96872857,4.0,1.0,2,1,0.52449
89,1965-08-20,MO,656,691,3,0.0,1000,763.95,0.0,280245.61,10.0,3.0,0.0,0.0,0,0,0,145.0,124.7,211.58,211.58,213.0,117.03,24928.4,2023-09-22 21:04:00,0.0,1160,0.0,2600,Male,60,0,0.76395,0,0,2023-09-01,0,0.0,0.0,0.002726001667,0.76395,107.7867731,0.2938269231,0.3846153846,1,1,0,0.0,0,99,213.0,211.58,9.587846154,1.350346154,0.0,0,0.76395,1986.27,6.908754779,6.639810472,12.54342524,5.359318388,10.12380311,7.863651265,2025-11-03 05:37:35.641484,211.58,0,1,0,0,0.76395,0.76395,0.0,1.359864755,0,0.2390670943,1,2600,0.0,107.7867731,10.0,0.0,3,0,0.76395
890,1968-07-21,GA,586,678,2,0.0,0,0.0,0.0,19270.88,6.0,3.0,0.0,0.0,0,0,0,108.0,61.5,133.02,133.02,214.0,184.33,39447.12,2023-12-18 18:53:00,0.0,623,0.0,4000,Male,57,0,0.49068525,0,1,2023-12-01,0,0.0,0.0,0.0,0.49068525,4.81772,0.0,0.0,1,1,0,0.0,0,12,214.0,133.02,9.86178,1.382475,0.0,0,0.477859,1590.507672,2.416580621,1.973596521,9.866402318,4.897989043,10.58274167,8.294299609,2025-11-03 05:36:35.641484,133.02,0,1,0,0,0.0,0.0,21.3918774,1.208983762,0,0.1642787356,1,4000,0.0,4.81772,6.0,0.0,2,1,0.49068525
891,1979-07-21,TX,625,541,4,0.0,1000,698.49,0.0,149110.05,13.0,3.0,0.0,0.0,0,0,0,188.0,79.8,1041.81,1041.81,202.0,198.75,40146.62,2023-10-09 06:27:00,5.0,382,0.013089005,3000,Female,46,0,0.69849,1,0,2023-10-01,0,0.0,0.0,0.004684392501,0.69849,49.70335,0.23283,0.3333333333,1,1,0,0.0,0,83,202.0,1041.81,13.38220667,1.9875,0.0,0,0.69849,2095.47,6.908754779,6.550351498,11.91244661,6.949674272,10.60031844,8.006700845,2025-11-03 05:37:35.641484,1041.81,0,1,0,0,0.69849,0.69849,0.0,1.256212104,0,0.1782491391,0,3000,0.0,49.70335,13.0,0.0,4,0,0.69849
892,1971-01-07,CO,731,638,4,1.0,32000,20848.4875,0.8649,80290.28,11.0,3.0,0.0,1.0,0,0,0,141.0,104.2,165.47,165.47,255.0,132.09,33682.98,2023-02-03 19:05:00,6.0,377,0.015915119,2800,Male,54,0,0.864941875,1,0,2023-02-01,1,0.25,2500.0,0.344725912,0.864941875,28.6751,6.45558796,11.42857143,1,1,0,0.0,0,330,255.0,165.47,12.02963571,1.41525,0.0,0,0.864941875,2421.83725,10.37352243,10.22843434,11.2934163,5.114815113,10.42477763,7.937731775,2025-11-03 05:37:35.641484,165.47,0,1,0,0,0.864941875,0.864941875,0.0,1.252579387,0,0.2307196625,0,2800,0.8649,28.6751,11.0,0.0,4,0,0.864941875
893,1969-03-19,OH,663,668,4,0.0,20000,4821.62,0.2411,202474.16,13.0,3.0,1.0,2.0,0,0,0,175.0,113.2,1120.67,1120.67,231.0,170.08,39289.46,2023-11-27 20:01:00,0.0,363,0.0,3700,Male,56,0,0.241081,0,0,2023-11-01,0,0.0,0.0,0.02381350786,0.241081,54.72274595,1.303140541,5.405405405,1,1,0,0.0,0,33,231.0,1120.67,10.61877297,1.379027027,0.0,0,0.241081,891.9997,9.903537551,8.481072628,12.21837249,7.909394005,10.57873702,8.216358332,2025-11-03 05:39:35.641484,1120.67,0,1,0,0,0.241081,0.241081,0.0,1.354017347,0,0.1560179871,1,3700,0.2411,54.72274595,13.0,1.0,4,0,0.241081
894,1998-11-15,CA,730,678,2,0.0,22000,8520.39,0.3873,8520.39,8.0,3.0,0.0,0.0,0,0,0,164.0,97.0,1119.85,1119.85,241.0,107.92,26009.0,2023-02-06 02:15:00,0.0,590,0.0,3500,Female,26,0,0.387290455,0,1,2023-02-01,1,0.0,0.0,0.4889038178,0.387290455,2.434397143,2.434397143,6.285714286,1,1,0,0.0,0,328,241.0,1119.85,7.431142857,0.9250285714,0.387290455,0,0.387290455,1355.516593,9.998843186,9.050334752,9.050334752,7.021842605,10.16623636,8.160803921,2025-11-03 05:37:35.641484,1119.85,0,1,0,0,0.3872904545,0.3872904545,20.3918774,1.269942791,0,0.1107227011,1,3500,0.3873,2.434397143,8.0,0.0,2,1,0.387290455
895,1965-12-11,FL,617,526,2,0.0,0,0.0,0.0,325665.36,4.0,3.0,0.0,2.0,0,0,0,33.5,7.2375,372.51,372.51,226.0,169.11,38219.53,2023-12-30 07:01:00,0.0,369,0.0,3200,Male,59,0,0.49068525,0,1,2023-12-01,0,0.0,0.0,0.0,0.49068525,101.770425,0.0,0.0,1,1,0,0.0,0,1,226.0,372.51,11.94360313,1.58540625,0.0,0,0.477859,1590.507672,2.416580621,1.973596521,12.6936287,5.922944778,10.55112808,8.07121854,2025-11-03 05:36:35.641484,372.51,0,1,0,0,0.0,0.0,21.3918774,1.352545767,0,0.1425597189,1,3200,0.0,101.770425,4.0,0.0,2,1,0.49068525
896,1992-12-05,CO,668,702,2,0.0,1000,410.91,0.0,398734.48,4.0,3.0,2.0,1.0,0,0,0,189.0,96.5,258.93,258.93,253.0,121.74,30800.39,2022-02-17 08:11:00,13.0,387,0.01942862,3300,Female,32,0,0.41091,1,1,2022-02-01,0,0.0,0.0,0.001030535408,0.41091,120.8286303,0.1245181818,0.303030303,1,1,0,0.0,0,682,253.0,258.93,9.333451515,1.106727273,0.41091,2,0.41091,1356.003,6.908754779,6.020804879,12.89605352,5.560412364,10.3353151,8.101980732,2025-11-03 05:39:35.641484,258.93,0,1,0,0,0.41091,0.41091,18.3918774,1.29532342,0,0.2243018999,0,3300,0.0,120.8286303,4.0,2.0,2,1,0.41091
897,1969-04-13,TX,527,742,2,0.0,1000,824.09,0.0,410412.25,3.0,3.0,0.0,0.0,0,0,0,189.0,129.5,164.07,164.07,219.0,139.09,30461.0,2023-01-03 10:00:00,0.0,368,0.0,3000,Male,56,0,0.82409,0,1,2023-01-01,0,0.0,0.0,0.002007956634,0.82409,136.8040833,0.2746966667,0.3333333333,1,1,0,0.0,0,362,219.0,164.07,10.15366667,1.3909,0.5846375,0,0.82409,2472.27,6.908754779,6.715492471,12.92491986,5.106369626,10.32423528,8.006700845,2025-11-03 05:39:35.641484,164.07,0,1,0,0,0.82409,0.82409,18.3918774,1.307129668,0,0.2448481133,1,3000,0.0,136.8040833,3.0,0.0,2,1,0.82409
898,1971-02-11,VA,717,559,3,0.0,5000,3502.52,0.7005,253555.85,7.0,3.0,1.0,2.0,0,0,0,146.0,83.0,299.81,299.81,234.0,109.2,25552.03,2023-02-23 12:14:00,0.0,374,0.0,4000,Male,54,0,0.700504,0,0,2023-02-01,1,0.0,0.0,0.01381360359,0.700504,63.3889625,0.87563,1.25,1,1,0,0.0,0,310,234.0,299.81,6.3880075,0.819,0.0,0,0.700504,2802.016,8.517393171,8.161523456,12.44334334,5.706478836,10.14851118,8.294299609,2025-11-03 05:39:35.641484,299.81,0,1,0,0,0.700504,0.700504,0.0,1.345390913,0,0.1793502559,1,4000,0.7005,63.3889625,7.0,1.0,3,0,0.700504
899,1984-03-13,IL,749,628,2,2.0,1000,85.47,0.0,376032.86,7.0,3.0,1.0,2.0,0,0,0,121.0,80.0,27.17,27.17,215.0,124.04,26669.61,2023-12-26 04:20:00,11.0,401,0.01942862,4900,Female,41,0,0.08547,1,1,2023-12-01,1,0.8333333333,500.0,0.0002272939657,0.08547,76.7414,0.01744285714,0.2040816327,1,1,0,0.5,0,5,215.0,27.17,5.442777551,0.7594285714,0.08547,1,0.08547,418.803,6.908754779,4.459797533,12.83743447,3.338257582,10.19131749,8.497194545,2025-11-03 05:36:35.641484,27.17,0,1,0,0,0.08547,0.08547,21.3918774,1.160312238,0,0.1459470629,1,4900,0.0,76.7414,7.0,1.0,2,1,0.08547
9,1992-06-09,IL,518,644,3,1.0,40000,20848.4875,0.5355,103019.03,11.0,3.0,1.0,0.0,0,0,0,175.0,101.0,77.73,77.73,232.0,222.63,51649.21,2023-11-01 16:28:00,19.0,1161,0.016365202,5050,Female,33,10,0.535505,1,0,2023-11-01,0,0.3333333333,2500.0,0.2079246912,0.535505,20.1209043,4.183632813,7.8125,1,1,0,1.0,1,59,232.0,77.73,10.08773633,1.304472656,0.0,0,0.535505,2741.7856,10.59665973,9.972136365,11.54267871,4.366024277,10.85224954,8.541105011,2025-11-03 05:36:35.641484,77.73,0,1,0,0,0.535505,0.535505,0.0,1.157420669,0,0.1848148012,1,5050,0.5355,20.1209043,11.0,1.0,3,0,0.535505
90,1971-02-18,AZ,562,593,3,0.0,22000,11721.62,0.5328,424342.64,4.0,2.0,0.0,0.0,0,0,0,113.0,90.0,234.16,234.16,203.0,156.63,31795.37,2023-12-24 00:57:00,0.0,1496,0.0,2400,Female,54,0,0.532800909,0,0,2023-12-01,0,0.0,0.0,0.02762300767,0.532800909,176.8094333,4.884008333,9.166666667,1,1,0,0.0,0,7,203.0,234.16,13.24807083,1.957875,0.0,0,0.532800909,1278.722182,9.998843186,9.369275588,12.95829888,5.460266134,10.36710741,7.783640596,2025-11-03 05:36:35.641484,234.16,0,1,0,0,0.5328009091,0.5328009091,0.0,1.267290796,0,0.2708646046,1,2400,0.5328,176.8094333,4.0,0.0,3,0,0.532800909
900,1974-02-17,MO,703,724,3,0.0,1000,464.03,0.0,111787.91,8.0,3.0,1.0,0.0,0,0,0,151.0,62.7,870.94,870.94,226.0,180.1,40702.8,2023-07-30 16:30:00,0.0,379,0.0,2800,Male,51,0,0.46403,0,0,2023-07-01,1,0.0,0.0,0.004150985558,0.46403,39.92425357,0.165725,0.3571428571,1,1,0,0.0,0,153,226.0,870.94,14.53671429,1.929642857,0.0,0,0.46403,1299.284,6.908754779,6.14210192,11.62436764,6.770720614,10.61407673,7.937731775,2025-11-03 05:36:35.641484,870.94,0,1,0,0,0.46403,0.46403,0.0,1.367118356,0,0.1917344485,1,2800,0.0,39.92425357,8.0,1.0,3,0,0.46403
901,1965-10-21,WA,556,633,3,1.0,32000,13288.67,0.4153,28471.18,8.0,3.0,2.0,1.0,0,0,0,144.0,76.3,594.39,594.39,221.0,181.21,40047.62,2022-07-25 22:23:00,0.0,388,0.0,2900,Female,60,0,0.415270938,0,0,2022-07-01,0,0.3333333333,2500.0,0.4667411045,0.415270938,9.817648276,4.5823,11.03448276,1,1,0,2.0,0,523,221.0,594.39,13.80952414,1.874586207,0.0,0,0.415270938,1204.28572,10.37352243,9.494742321,10.25668275,6.389216653,10.59784949,7.972810784,2025-11-03 05:39:35.641484,594.39,0,1,0,0,0.4152709375,0.4152709375,0.0,1.361050261,0,0.2264638413,1,2900,0.4153,9.817648276,8.0,2.0,3,0,0.415270938
902,1993-06-24,AZ,747,631,4,2.0,20000,6484.53,0.3242,431282.75,10.0,3.0,2.0,0.0,0,0,0,159.0,83.0,229.2,229.2,227.0,110.63,25113.86,2022-03-25 05:27:00,0.0,592,0.0,2900,Female,32,0,0.3242265,0,0,2022-03-01,1,0.5,2500.0,0.01503544948,0.3242265,148.7181897,2.236044828,6.896551724,1,1,0,1.0,0,646,227.0,229.2,8.659951724,1.144448276,0.0,0,0.3242265,940.25685,9.903537551,8.77732882,12.97452151,5.438948496,10.13121498,7.972810784,2025-11-03 05:39:35.641484,229.2,0,1,0,0,0.3242265,0.3242265,0.0,1.345549695,0,0.2502490495,0,2900,0.3242,148.7181897,10.0,2.0,4,0,0.3242265
903,1974-07-20,MA,762,503,4,0.0,10000,4383.04,0.4383,195597.64,9.0,3.0,0.0,1.0,0,0,0,148.0,99.8,186.92,186.92,215.0,130.96,28156.16,2023-03-21 21:42:00,20.0,178,0.01942862,4100,Male,51,0,0.438304,1,0,2023-03-01,1,0.0,0.0,0.02240845033,0.438304,47.70674146,1.069034146,2.43902439,1,1,0,0.0,0,284,215.0,186.92,6.867356098,0.9582439024,0.0,0,0.438304,1797.0464,9.210440367,8.385725953,12.18382008,5.23601634,10.24555695,8.318986125,2025-11-03 05:39:35.641484,186.92,0,1,0,0,0.438304,0.438304,0.0,1.330507686,0,0.144218305,1,4100,0.4383,47.70674146,9.0,0.0,4,0,0.438304
904,1978-02-04,IL,741,691,2,0.0,1000,258.22,0.0,373688.27,7.0,3.0,0.0,1.0,0,0,0,139.0,138.5,195.31,195.31,236.0,111.35,26277.97,2023-11-18 03:34:00,11.0,390,0.01942862,4500,Female,47,0,0.25822,1,1,2023-11-01,1,0.0,0.0,0.000691003761,0.25822,83.04183778,0.05738222222,0.2222222222,1,1,0,0.0,0,43,236.0,195.31,5.839548889,0.7423333333,0.25822,0,0.25822,1161.99,6.908754779,5.557677122,12.8311799,5.279695042,10.17652428,8.412054873,2025-11-03 05:36:35.641484,195.31,0,1,0,0,0.25822,0.25822,21.3918774,1.304352419,0,0.2353561903,1,4500,0.0,83.04183778,7.0,0.0,2,1,0.25822
905,1972-10-24,PA,717,661,4,0.0,20000,9619.52,0.481,42468.7,13.0,3.0,1.0,1.0,0,0,0,61.0,30.0,670.51,670.51,257.0,113.47,29160.83,2023-02-13 22:08:00,0.0,375,0.0,3100,Male,53,0,0.480976,0,0,2023-02-01,1,0.0,0.0,0.2265084639,0.480976,13.69958065,3.103070968,6.451612903,1,1,0,0.0,0,320,257.0,670.51,9.406719355,1.098096774,0.0,0,0.0,1491.0256,9.903537551,9.171653596,10.65654616,6.509528908,10.28061594,8.039479919,2025-11-03 05:38:35.641484,670.51,0,1,0,0,0.480976,0.480976,0.0,1.328775449,0,0.1295278007,0,3100,0.481,13.69958065,13.0,1.0,4,0,0.480976
906,1987-07-11,IL,779,737,3,1.0,20000,2597.31,0.1299,195442.41,9.0,2.0,2.0,0.0,0,0,0,130.0,78.3,276.3,276.3,221.0,97.55,21558.05,2022-11-21 05:57:00,21.0,424,0.01942862,3500,Male,38,0,0.1298655,1,0,2022-11-01,1,0.3333333333,2500.0,0.01328938791,0.1298655,55.84068857,0.7420885714,5.714285714,1,1,0,2.0,0,405,221.0,276.3,6.159442857,0.8361428571,0.0,0,0.1298655,454.52925,9.903537551,7.862616513,12.18302615,5.625099953,9.978550961,8.160803921,2025-11-03 05:37:35.641484,276.3,0,1,0,0,0.1298655,0.1298655,0.0,1.361508952,0,0.1896746941,1,3500,0.1299,55.84068857,9.0,2.0,3,0,0.1298655
907,1980-05-21,TX,538,571,3,2.0,5000,2371.54,0.4743,209720.18,11.0,3.0,0.0,0.0,0,0,0,81.0,63.3,295.47,295.47,230.0,126.81,29165.69,2023-03-30 11:33:00,0.0,375,0.0,3200,Male,45,0,0.474308,0,0,2023-03-01,0,0.6666666667,2500.0,0.01130811541,0.474308,65.53755625,0.74110625,1.5625,1,1,0,0.0,0,275,230.0,295.47,9.114278125,1.18884375,0.0,0,0.474308,1517.7856,8.517393171,7.77171639,12.25353421,5.691946033,10.28078258,8.07121854,2025-11-03 05:37:35.641484,295.47,0,1,0,0,0.474308,0.474308,0.0,1.361596666,0,0.1380506245,1,3200,0.4743,65.53755625,11.0,0.0,3,0,0.474308
908,1980-09-20,WI,681,522,4,0.0,1000,233.66,0.0,325205.95,18.0,3.0,0.0,0.0,0,0,0,67.0,39.5,410.84,410.84,217.0,167.24,36290.82,2023-01-03 02:27:00,20.0,387,0.01942862,3800,Female,45,0,0.23366,1,0,2023-01-01,1,0.0,0.0,0.0007184985392,0.23366,85.58051316,0.06148947368,0.2631578947,1,1,0,0.0,0,362,217.0,410.84,9.550215789,1.320315789,0.0,0,0.23366,887.908,6.908754779,5.458137658,12.69221703,6.020634924,10.49934765,8.243019469,2025-11-03 05:39:35.641484,410.84,0,1,0,0,0.23366,0.23366,0.0,1.349960999,0,0.1947570842,1,3800,0.0,85.58051316,18.0,0.0,4,0,0.23366
909,1983-12-01,GA,632,780,3,0.0,30000,20848.4875,0.7678,196826.7,10.0,3.0,0.0,2.0,0,0,0,103.0,64.3,231.42,231.42,249.0,162.51,40465.68,2023-06-12 14:40:00,0.0,378,0.0,3400,Male,41,0,0.767813,0,0,2023-06-01,0,0.0,0.0,0.1170287873,0.767813,57.89020588,6.45558796,8.823529412,1,1,0,0.0,0,201,249.0,231.42,11.90167059,1.433911765,0.0,0,0.767813,2610.5642,10.30898599,10.04478701,12.19008401,5.44854608,10.6082342,8.131824785,2025-11-03 05:39:35.641484,231.42,0,1,0,0,0.767813,0.767813,0.0,1.301247156,0,0.2312353672,1,3400,0.7678,57.89020588,10.0,0.0,3,0,0.767813
91,1997-05-05,VA,579,572,2,1.0,1000,1000.0,0.0,23826.1,8.0,3.0,1.0,2.0,0,0,0,139.0,106.0,10.51,10.51,219.0,186.63,40871.15,2023-01-04 14:19:00,0.0,1766,0.0,3600,Male,28,0,1.0,0,1,2023-01-01,0,0.5,1000.0,0.04197077994,1.0,6.618361111,0.2777777778,0.2777777778,1,1,0,1.0,0,360,219.0,10.51,11.35309722,1.55525,0.5846375,1,1.0,3600.0,6.908754779,6.908754779,10.07857887,2.443216223,10.61820418,8.188966864,2025-11-03 05:38:35.641484,10.51,0,1,0,0,1.0,1.0,19.3918774,1.066733796,0,0.1718591145,1,3600,0.0,6.618361111,8.0,1.0,2,1,1.0
910,1978-09-20,TN,710,654,2,0.0,1000,348.05,0.0,248130.18,7.0,3.0,0.0,2.0,0,0,0,89.0,77.5,168.55,168.55,211.0,156.1,32938.0,2022-06-23 07:10:00,18.0,18,0.01942862,3200,Female,47,0,0.34805,1,1,2022-06-01,1,0.0,0.0,0.00140269112,0.34805,77.54068125,0.108765625,0.3125,1,1,0,0.0,0,556,211.0,168.55,10.293125,1.4634375,0.34805,0,0.34805,1113.76,6.908754779,5.855215178,12.42171284,5.133147869,10.40241265,8.07121854,2025-11-03 05:39:35.641484,168.55,0,1,0,0,0.34805,0.34805,18.3918774,1.270768888,0,0.1934261531,1,3200,0.0,77.54068125,7.0,0.0,2,1,0.34805
911,1977-12-13,GA,588,520,4,0.0,20000,9809.67,0.4905,312019.25,13.0,3.0,0.0,0.0,0,0,0,189.0,134.0,1120.67,1120.67,213.0,116.02,24711.51,2022-03-16 21:35:00,17.0,17,0.01942862,3600,Male,47,0,0.4904835,1,0,2022-03-01,0,0.0,0.0,0.03143931023,0.4904835,86.67201389,2.724908333,5.555555556,1,1,0,0.0,0,654,213.0,1120.67,6.864308333,0.9668333333,0.0,0,0.4904835,1765.7406,9.903537551,9.191225848,12.65082337,7.116036937,10.11506487,8.188966864,2025-11-03 05:37:35.641484,1120.67,0,1,0,0,0.4904835,0.4904835,0.0,1.225544673,0,0.2032252943,0,3600,0.4905,86.67201389,13.0,0.0,4,0,0.4904835
912,1968-04-16,PA,534,753,4,0.0,30000,16457.87,0.5486,383111.61,8.0,2.0,1.0,0.0,0,0,0,184.0,112.2,97.25,97.25,228.0,134.06,30566.36,2023-07-28 00:23:00,15.0,15,0.01942862,3000,Female,57,0,0.548595667,1,0,2023-07-01,0,0.0,0.0,0.04295842144,0.548595667,127.70387,5.485956667,10.0,1,1,0,0.0,0,156,228.0,97.25,10.18878667,1.3406,0.0,0,0.548595667,1645.787001,10.30898599,9.708619821,12.85608425,4.587515251,10.32768805,8.006700845,2025-11-03 05:36:35.641484,97.25,0,1,0,0,0.5485956667,0.5485956667,0.0,1.252406419,0,0.1726708531,1,3000,0.5486,127.70387,8.0,1.0,4,0,0.548595667
913,1972-04-16,WI,482,539,4,1.0,2000,1066.68,0.5333,12826.55,11.0,2.0,2.5,0.0,0,0,0,171.0,106.2,120.69,120.69,213.0,118.34,25206.41,2023-03-07 01:55:00,19.0,19,0.01942862,3300,Female,53,0,0.53334,1,0,2023-03-01,0,0.25,2000.0,0.08316187907,0.53334,3.886833333,0.3232363636,0.6060606061,1,1,1,3.0,0,299,213.0,120.69,7.638306061,1.075818182,0.0,0,0.53334,1760.022,7.601402335,6.973243349,9.459350481,4.801476827,10.13489328,8.101980732,2025-11-03 05:37:35.641484,120.69,0,1,0,0,0.53334,0.53334,0.0,1.30417252,0,0.1385328582,1,3300,0.5333,3.886833333,11.0,2.5,4,0,0.53334
914,1969-09-01,VA,567,715,3,0.0,11000,7998.0,0.7271,18591.41,9.0,3.0,1.0,1.0,0,0,0,117.0,83.3,1120.67,1120.67,244.0,143.21,34943.43,2023-11-28 04:06:00,22.0,22,0.01942862,2600,Male,56,0,0.727090909,1,0,2023-11-01,0,0.0,0.0,0.4301986778,0.727090909,7.150542308,3.076153846,4.230769231,1,1,0,0.0,0,33,244.0,1120.67,13.43978077,1.652423077,0.0,0,0.727090909,1890.436363,9.305741457,8.987071813,9.830508712,7.692724746,10.46151436,7.863651265,2025-11-03 05:38:35.641484,1120.67,0,1,0,0,0.7270909091,0.7270909091,0.0,1.347049845,0,0.285759541,0,2600,0.7271,7.150542308,9.0,1.0,3,0,0.727090909
915,1985-03-13,MO,788,635,3,0.0,1000,309.96,0.0,206318.17,12.0,3.0,1.0,1.0,0,0,0,185.0,134.3,213.63,213.63,236.0,99.75,23540.38,2022-05-04 04:55:00,22.5,23,0.01942862,4400,Female,40,0,0.30996,1,0,2022-05-01,1,0.0,0.0,0.001502339808,0.30996,46.89049318,0.07044545455,0.2272727273,1,1,0,0.0,0,606,236.0,213.63,5.350086364,0.6801136364,0.0,0,0.30996,1363.824,6.908754779,5.739664287,12.23717962,5.368915615,10.066515,8.389587067,2025-11-03 05:37:35.641484,213.63,0,1,0,0,0.30996,0.30996,0.0,1.294504317,0,0.2079601213,1,4400,0.0,46.89049318,12.0,1.0,3,0,0.30996
916,1991-06-18,WA,682,524,3,1.0,1000,284.36,0.0,22971.77,6.0,3.0,0.0,0.0,0,0,0,177.0,121.7,44.76,44.76,244.0,158.17,38593.03,2022-10-01 00:46:00,22.0,22,0.01942862,3400,Male,34,0,0.28436,1,0,2022-10-01,1,0.3333333333,1000.0,0.01237867173,0.28436,6.756402941,0.08363529412,0.2941176471,1,1,0,0.0,0,456,244.0,44.76,11.35089118,1.395617647,0.0,0,0.28436,966.824,6.908754779,5.653751541,10.04206488,3.823410347,10.56085288,8.131824785,2025-11-03 05:38:35.641484,44.76,0,1,0,0,0.28436,0.28436,0.0,1.166171242,0,0.2633584726,1,3400,0.0,6.756402941,6.0,0.0,3,0,0.28436
917,1995-02-01,MO,549,577,4,0.0,25000,8043.74,0.3217,252009.86,7.0,3.0,1.0,0.0,0,0,0,167.0,101.2,523.4,523.4,207.0,138.76,28722.94,2022-07-20 18:28:00,22.5,23,0.01942862,3100,Female,30,0,0.3217496,1,0,2022-07-01,0,0.0,0.0,0.03191835431,0.3217496,81.29350323,2.594754839,8.064516129,1,1,0,0.0,0,528,207.0,523.4,9.265464516,1.34283871,0.0,0,0.3217496,997.42376,10.1266711,8.992773741,12.43722746,6.262254752,10.2654862,8.039479919,2025-11-03 05:38:35.641484,523.4,0,1,0,0,0.3217496,0.3217496,0.0,1.348451613,0,0.177942448,0,3100,0.3217,81.29350323,7.0,1.0,4,0,0.3217496
918,1969-01-09,AZ,488,493,2,1.0,1000,881.01,0.0,73114.99,6.0,3.0,0.0,1.0,0,0,0,147.0,114.0,199.08,199.08,236.0,164.33,38782.15,2023-05-10 17:27:00,19.0,19,0.01942862,2400,Male,56,0,0.88101,1,1,2023-05-01,0,0.5,1000.0,0.01204964946,0.88101,30.46457917,0.3670875,0.4166666667,1,1,0,0.0,0,234,236.0,199.08,16.15922917,2.054125,0.5846375,0,0.88101,2114.424,6.908754779,6.782203394,11.19980236,5.298717287,10.56574115,7.783640596,2025-11-03 05:39:35.641484,199.08,0,1,0,0,0.88101,0.88101,18.3918774,1.296678696,0,0.2039065054,0,2400,0.0,30.46457917,6.0,0.0,2,1,0.88101
919,1967-01-26,PA,726,603,2,0.0,1000,348.78,0.0,29361.66,3.0,2.0,1.0,1.0,0,0,0,148.0,142.0,407.95,407.95,201.0,109.62,22033.98,2022-07-03 10:46:00,18.0,18,0.01942862,3900,Female,58,0,0.34878,1,1,2022-07-01,1,0.0,0.0,0.01187875617,0.34878,7.528630769,0.08943076923,0.2564102564,1,1,0,0.0,0,546,201.0,407.95,5.649738462,0.8432307692,0.34878,1,0.34878,1360.242,6.908754779,5.857304385,10.28747908,6.013592899,10.00038647,8.26898821,2025-11-03 05:36:35.641484,407.95,0,1,0,0,0.34878,0.34878,21.3918774,1.337971109,0,0.269063285,1,3900,0.0,7.528630769,3.0,1.0,2,1,0.34878
92,1969-04-12,GA,761,761,4,0.0,15000,7871.31,0.5248,413860.33,14.0,3.0,0.0,2.5,0,0,0,180.0,148.0,304.25,304.25,230.0,99.7,22930.29,2022-09-19 02:51:00,0.0,1320,0.0,4400,Female,56,0,0.524754,0,0,2022-09-01,1,0.0,0.0,0.01901924255,0.524754,94.05916591,1.788934091,3.409090909,1,1,0,0.0,0,468,230.0,304.25,5.211429545,0.6797727273,0.0,0,0.524754,2308.9176,9.615872145,8.971106818,12.93328625,5.721131113,10.04025763,8.389587067,2025-11-03 05:36:35.641484,304.25,0,1,0,0,0.524754,0.524754,0.0,1.3424679,0,0.2366794989,1,4400,0.5248,94.05916591,14.0,0.0,4,0,0.524754
920,1997-05-21,TN,800,524,3,0.0,10000,553.5,0.0554,13874.9,7.0,3.0,0.0,0.0,0,0,0,104.0,64.3,412.52,412.52,233.0,123.04,28667.88,2023-10-31 10:48:00,20.0,20,0.01942862,3200,Female,28,0,0.05535,1,0,2023-10-01,1,0.0,0.0,0.0398921794,0.05535,4.33590625,0.17296875,3.125,1,1,0,0.0,0,61,233.0,412.52,8.9587125,1.1535,0.0,0,0.05535,177.12,9.210440367,6.318066807,9.537908801,6.024705881,10.26356749,8.07121854,2025-11-03 05:36:35.641484,412.52,0,1,0,0,0.05535,0.05535,0.0,1.37507405,0,0.203738133,0,3200,0.0554,4.33590625,7.0,0.0,3,0,0.05535
921,1991-07-23,PA,717,722,3,0.0,5000,2955.7,0.5911,410995.17,6.0,2.0,1.0,1.0,0,0,0,150.0,102.3,1120.67,1120.67,231.0,110.55,25537.72,2022-12-17 05:04:00,22.5,25,0.01942862,4000,Female,34,0,0.59114,1,0,2022-12-01,1,0.0,0.0,0.007191568699,0.59114,102.7487925,0.738925,1.25,1,1,0,0.0,0,379,231.0,1120.67,6.38443,0.829125,0.0,0,0.59114,2364.56,8.517393171,7.991829061,12.92633917,7.350079339,10.14795101,8.294299609,2025-11-03 05:38:35.641484,1120.67,0,1,0,0,0.59114,0.59114,0.0,1.265700439,0,0.2712157714,1,4000,0.5911,102.7487925,6.0,1.0,3,0,0.59114
922,1970-11-18,IN,491,565,3,0.0,12000,7986.61,0.6656,18257.45,10.0,3.0,0.0,2.0,0,0,0,149.0,85.7,935.17,935.17,254.0,176.46,44822.08,2023-05-08 01:47:00,20.0,20,0.01942862,2600,Male,54,0,0.665550833,1,0,2023-05-01,0,0.0,0.0,0.4374438928,0.665550833,7.022096154,3.071773077,4.615384615,1,1,0,0.0,0,237,254.0,935.17,17.23926154,2.036076923,0.0,0,0.665550833,1730.432166,9.392745259,8.98564687,9.812383266,6.841797084,10.71047846,7.863651265,2025-11-03 05:39:35.641484,935.17,0,1,0,0,0.6655508333,0.6655508333,0.0,1.383476076,0,0.2027560665,0,2600,0.6656,7.022096154,10.0,0.0,3,0,0.665550833
923,1974-05-03,GA,707,721,3,0.0,10000,1403.59,0.1404,131965.55,11.0,2.0,0.0,1.0,0,0,0,113.0,58.7,1120.67,1120.67,227.0,161.08,36565.65,2023-01-20 23:11:00,22.5,25,0.01942862,3200,Female,51,0,0.140359,1,0,2023-01-01,1,0.0,0.0,0.01063603342,0.140359,41.23923438,0.438621875,3.125,1,1,0,0.0,0,344,227.0,1120.67,11.42676563,1.510125,0.0,0,0.140359,449.1488,9.210440367,7.247500724,11.79030376,7.148408635,10.5068919,8.07121854,2025-11-03 05:38:35.641484,1120.67,0,1,0,0,0.140359,0.140359,0.0,1.341808762,0,0.219772847,1,3200,0.1404,41.23923438,11.0,0.0,3,0,0.140359
924,1970-09-07,IL,710,583,3,0.0,40000,15007.86,0.3752,300559.24,6.0,2.0,0.0,1.0,0,0,0,144.0,82.0,182.32,182.32,241.0,144.28,34771.82,2023-08-06 00:30:00,19.0,19,0.01942862,2900,Female,55,0,0.3751965,1,0,2023-08-01,1,0.0,0.0,0.04993311801,0.3751965,103.6411172,5.175124138,13.79310345,1,1,0,0.0,0,147,241.0,182.32,11.99028276,1.492551724,0.0,0,0.3751965,1088.06985,10.59665973,9.616395972,12.61340348,5.21123326,10.45659133,7.972810784,2025-11-03 05:39:35.641484,182.32,0,1,0,0,0.3751965,0.3751965,0.0,1.293356128,0,0.175572786,0,2900,0.3752,103.6411172,6.0,0.0,3,0,0.3751965
925,1999-06-13,MO,771,506,2,0.0,1000,648.02,0.648,215478.89,8.0,3.0,0.0,2.5,1,1722,0,129.0,119.0,88.47,88.47,243.0,108.42,26345.15,2022-04-04 16:44:00,12.0,12,0.01942862,4500,Male,26,0,0.64802,1,1,2022-04-01,1,0.0,0.0,0.003007347959,0.64802,47.88419778,0.1440044444,0.2222222222,1,1,0,0.0,0,635,243.0,88.47,5.854477778,0.7228,0.5846375,0,0.64802,2916.09,6.908754779,6.475463533,12.28062287,4.493903374,10.17907743,8.412054873,2025-11-03 05:36:35.641484,88.47,0,1,0,0,0.64802,0.64802,21.3918774,1.192321196,0,0.2081295353,0,4500,0.648,47.88419778,8.0,0.0,2,1,0.64802
926,1969-05-23,MI,484,701,3,0.0,0,0.0,0.0,490399.93,10.0,3.0,0.0,0.0,0,0,0,160.0,99.7,122.3,122.3,223.0,194.2,43306.5,2022-10-18 04:29:00,7.0,7,0.01942862,2800,Male,56,0,0.49068525,1,0,2022-10-01,0,0.0,0.0,0.0,0.49068525,175.1428321,0.0,0.0,1,1,0,0.0,0,439,223.0,122.3,15.46660714,2.080714286,0.0,0,0.477859,1590.507672,2.416580621,1.973596521,13.10297856,4.81462041,10.67608111,7.937731775,2025-11-03 05:36:35.641484,122.3,0,1,0,0,0.0,0.0,0.0,1.209581435,0,0.2163546436,1,2800,0.0,175.1428321,10.0,0.0,3,0,0.49068525
927,1980-01-08,TX,733,498,3,0.0,1000,326.45,0.0,239674.75,7.0,2.0,0.0,1.0,1,1248,0,173.0,126.0,702.99,702.99,222.0,187.28,41575.69,2022-03-24 23:58:00,11.0,11,0.01942862,3400,Male,45,0,0.32645,1,0,2022-03-01,1,0.0,0.0,0.001362054201,0.32645,70.49257353,0.09601470588,0.2941176471,1,1,0,0.0,0,646,222.0,702.99,12.22814412,1.652470588,0.0,0,0.32645,1109.93,6.908754779,5.791335372,12.38704225,6.556764152,10.63529495,8.131824785,2025-11-03 05:37:35.641484,702.99,0,1,0,0,0.32645,0.32645,0.0,1.361423497,0,0.1584938353,0,3400,0.0,70.49257353,7.0,0.0,3,0,0.32645
928,1992-02-15,WI,684,742,4,0.0,26000,17628.0,0.678,17628.0,13.0,3.0,1.0,2.0,0,0,0,189.0,127.2,30.67,30.67,222.0,180.91,40162.9,2022-09-03 10:44:00,12.0,12,0.01942862,2700,Female,33,0,0.678,1,0,2022-09-01,1,0.0,0.0,0.4889038178,0.678,6.528888889,6.45558796,9.62962963,1,1,0,0.0,0,484,222.0,30.67,14.87514815,2.010111111,0.0,0,0.678,1830.6,10.16589028,9.777300552,9.777300552,3.455369861,10.60072386,7.901377354,2025-11-03 05:38:35.641484,30.67,0,1,0,0,0.678,0.678,0.0,1.120984659,0,0.1866626631,0,2700,0.678,6.528888889,13.0,1.0,4,0,0.678
929,1968-05-22,WA,598,750,3,1.0,20000,9107.47,0.4554,45974.59,6.0,2.0,0.0,1.0,0,0,0,132.0,96.0,57.45,57.45,220.0,131.46,28922.29,2023-01-04 13:53:00,15.0,15,0.01942862,3100,Female,57,0,0.4553735,1,0,2023-01-01,0,0.3333333333,2500.0,0.1980979058,0.4553735,14.8305129,2.937893548,6.451612903,1,1,0,0.0,0,360,220.0,57.45,9.329770968,1.272193548,0.0,0,0.4553735,1411.65785,9.903537551,9.116960029,10.73586588,4.068171688,10.27240243,8.039479919,2025-11-03 05:38:35.641484,57.45,0,1,0,0,0.4553735,0.4553735,0.0,1.211642733,0,0.1460532688,0,3100,0.4554,14.8305129,6.0,0.0,3,0,0.4553735
93,1975-08-27,IN,628,608,2,1.0,10000,8207.02,0.8207,229016.83,5.0,2.0,0.0,0.0,0,0,0,178.0,154.0,278.38,278.38,225.0,155.35,34952.66,2023-03-11 16:58:00,7.0,1575,0.004444444,3700,Female,50,0,0.820702,1,1,2023-03-01,0,0.5,2500.0,0.03583588158,0.820702,61.89644054,2.218113514,2.702702703,1,1,0,0.0,0,294,225.0,278.38,9.446664865,1.259594595,0.5846375,0,0.820702,3036.5974,9.210440367,9.012867004,12.34155514,5.632572862,10.46177846,8.216358332,2025-11-03 05:39:35.641484,278.38,0,1,0,0,0.820702,0.820702,18.3918774,1.341194776,0,0.1737091786,0,3700,0.8207,61.89644054,5.0,0.0,2,1,0.820702
930,1972-01-23,IL,696,763,3,1.0,1000,476.53,0.4765,452202.81,11.0,3.0,0.0,2.5,0,0,0,111.0,94.7,689.52,689.52,255.0,142.9,36439.33,2023-06-11 09:50:00,11.0,11,0.01942862,4000,Male,53,0,0.47653,1,0,2023-06-01,1,0.3333333333,1000.0,0.001053797078,0.47653,113.0507025,0.1191325,0.25,1,1,0,0.0,0,203,255.0,689.52,9.1098325,1.07175,0.0,0,0.47653,1906.12,6.908754779,6.168626985,13.02188826,6.537444937,10.50343141,8.294299609,2025-11-03 05:39:35.641484,689.52,0,1,0,0,0.47653,0.47653,0.0,1.37173992,0,0.1477232925,0,4000,0.4765,113.0507025,11.0,0.0,3,0,0.47653
931,1965-03-16,VA,617,722,2,0.0,5000,4858.61,0.9717,5905.89,3.0,3.0,0.0,0.0,0,0,0,148.0,83.5,115.82,115.82,225.0,197.35,44403.01,2023-03-18 05:58:00,10.0,10,0.01942862,2900,Male,60,0,0.971722,1,1,2023-03-01,0,0.0,0.0,0.4889038178,0.971722,2.036513793,1.675382759,1.724137931,1,1,0,0.0,0,288,225.0,115.82,15.31138276,2.041551724,0.5846375,0,0.971722,2817.9938,8.517393171,8.488713467,8.683874745,4.760634289,10.70108506,7.972810784,2025-11-03 05:38:35.641484,115.82,0,1,0,0,0.971722,0.971722,19.3918774,1.204243632,0,0.1631919114,0,2900,0.9717,2.036513793,3.0,0.0,2,1,0.971722
932,1998-09-26,NJ,733,709,2,0.0,3000,1978.12,0.6594,1978.12,3.0,3.0,2.0,1.0,0,0,0,135.0,123.5,1120.67,1120.67,216.0,168.86,36473.34,2022-04-29 14:52:00,12.0,12,0.01942862,3500,Male,27,0,0.659373333,1,1,2022-04-01,1,0.0,0.0,0.4889038178,0.659373333,0.5651771429,0.5651771429,0.8571428571,1,1,0,0.0,0,610,216.0,1120.67,10.42095429,1.447371429,0.5846375,2,0.659373333,2307.806666,8.006700845,7.59040758,7.59040758,7.049098579,10.50436428,8.160803921,2025-11-03 05:39:35.641484,1120.67,0,1,0,0,0.6593733333,0.6593733333,18.3918774,1.315012602,0,0.2646792206,1,3500,0.6594,0.5651771429,3.0,2.0,2,1,0.659373333
933,1975-06-05,NJ,490,627,3,0.0,5000,2082.73,0.4165,14884.45,9.0,2.0,0.0,1.0,0,0,0,154.0,103.7,164.71,164.71,233.0,145.31,33856.28,2023-03-30 09:36:00,9.0,9,0.01942862,2700,Female,50,0,0.416546,1,0,2023-03-01,0,0.0,0.0,0.1399265677,0.416546,5.512759259,0.7713814815,1.851851852,1,1,0,0.0,0,276,233.0,164.71,12.53936296,1.614555556,0.0,0,0.416546,1124.6742,8.517393171,7.641914836,9.608139505,5.110239273,10.42990932,7.901377354,2025-11-03 05:37:35.641484,164.71,0,1,0,0,0.416546,0.416546,0.0,1.29324248,0,0.2408799302,1,2700,0.4165,5.512759259,9.0,0.0,3,0,0.416546
934,1972-01-11,MI,720,704,4,1.0,1000,400.98,0.401,388664.86,9.0,3.0,2.0,0.0,0,0,0,126.0,81.5,34.79,34.79,208.0,150.96,31400.35,2023-10-26 04:41:00,10.0,10,0.01942862,2700,Female,53,0,0.40098,1,0,2023-10-01,1,0.25,1000.0,0.001031685756,0.40098,143.9499481,0.1485111111,0.3703703704,1,1,0,2.0,0,66,208.0,34.79,11.62975926,1.677333333,0.0,0,0.40098,1082.646,6.908754779,5.996402336,12.87047528,3.577668525,10.35460616,7.901377354,2025-11-03 05:39:35.641484,34.79,0,1,0,0,0.40098,0.40098,0.0,1.119450266,0,0.1457129634,0,2700,0.401,143.9499481,9.0,2.0,4,0,0.40098
935,1982-09-03,NJ,739,780,2,1.0,12000,1515.91,0.1263,1515.91,7.0,3.0,1.0,1.0,0,0,0,164.0,91.0,1120.67,1120.67,254.0,127.19,32306.07,2022-02-28 04:34:00,9.0,9,0.01942862,4000,Male,43,0,0.126325833,1,1,2022-02-01,1,0.5,2500.0,0.4889038178,0.126325833,0.3789775,0.3789775,3.0,1,1,0,1.0,0,671,254.0,1120.67,8.0765175,0.953925,0.126325833,1,0.126325833,505.303332,9.392745259,7.32443065,7.32443065,7.441619465,10.38304137,8.294299609,2025-11-03 05:36:35.641484,1120.67,0,1,0,0,0.1263258333,0.1263258333,21.3918774,1.324724633,0,0.2375289289,1,4000,0.1263,0.3789775,7.0,1.0,2,1,0.126325833
936,2001-11-03,CO,788,547,3,1.0,10000,477.7,0.0478,180101.98,7.0,2.0,0.0,2.5,0,0,0,158.0,70.7,189.93,189.93,226.0,121.63,27487.61,2023-03-23 05:03:00,10.0,10,0.01942862,3600,Male,23,0,0.04777,1,0,2023-03-01,1,0.3333333333,2500.0,0.002652386165,0.04777,50.02832778,0.1326944444,2.777777778,1,1,0,0.0,0,283,226.0,189.93,7.635447222,1.013583333,0.0,0,0.04777,171.972,9.210440367,6.171074096,12.10128408,5.251906869,10.22152702,8.188966864,2025-11-03 05:37:35.641484,189.93,0,1,0,0,0.04777,0.04777,0.0,1.330959161,0,0.12567008,1,3600,0.0478,50.02832778,7.0,0.0,3,0,0.04777
937,1994-09-12,NY,679,664,3,1.0,1000,263.34,0.2633,120001.39,6.0,2.0,1.0,0.0,0,0,0,166.0,96.0,84.79,84.79,214.0,138.84,29711.98,2022-08-18 08:48:00,5.0,5,0.01942862,2600,Female,31,0,0.26334,1,0,2022-08-01,1,0.3333333333,1000.0,0.002194474581,0.26334,46.15438077,0.1012846154,0.3846153846,1,1,0,1.0,0,500,214.0,84.79,11.42768462,1.602,0.0,0,0.26334,684.684,6.908754779,5.577236153,11.69526694,4.45190245,10.29933927,7.863651265,2025-11-03 05:39:35.641484,84.79,0,1,0,0,0.26334,0.26334,0.0,1.234948854,0,0.1996116913,0,2600,0.2633,46.15438077,6.0,1.0,3,0,0.26334
938,1996-10-06,VA,562,624,3,2.0,0,0.0,0.0,172013.76,5.0,2.0,0.0,0.0,0,0,0,138.0,99.7,67.38,67.38,232.0,122.76,28479.47,2022-08-29 12:58:00,0.0,0,0.0,2400,Male,29,0,0.49068525,0,0,2022-08-01,0,0.6666666667,0.0,0.0,0.49068525,71.6724,0.0,0.0,1,1,0,0.0,0,488,232.0,67.38,11.86644583,1.5345,0.0,0,0.477859,1590.507672,2.416580621,1.973596521,12.05533557,4.225080384,10.25697387,7.783640596,2025-11-03 05:39:35.641484,67.38,0,1,0,0,0.0,0.0,0.0,1.21324337,0,0.2251552248,1,2400,0.0,71.6724,5.0,0.0,3,0,0.49068525
939,1975-05-25,FL,727,568,2,0.0,30000,20019.77,0.6673,29353.29,9.0,2.0,0.0,0.0,0,0,0,142.0,123.0,192.44,192.44,234.0,120.82,28272.63,2023-05-15 19:16:00,0.0,0,0.0,3000,Female,50,0,0.667325667,0,1,2023-05-01,1,0.0,0.0,0.4889038178,0.667325667,9.78443,6.45558796,10.0,1,1,0,0.0,0,229,234.0,192.44,9.42421,1.2082,0.5846375,0,0.667325667,2001.977001,10.30898599,9.904525514,10.28719398,5.264967387,10.24968485,8.006700845,2025-11-03 05:36:35.641484,192.44,0,1,0,0,0.6673256667,0.6673256667,21.3918774,1.314300005,0,0.1345344609,0,3000,0.6673,9.78443,9.0,0.0,2,1,0.667325667
94,1984-10-26,TN,581,649,2,0.0,1000,560.66,0.0,195822.59,6.0,3.0,1.0,2.0,0,0,0,90.0,56.5,159.44,159.44,234.0,137.17,32097.91,2023-01-13 10:33:00,0.0,1993,0.0,2800,Male,41,0,0.56066,0,1,2023-01-01,0,0.0,0.0,0.002863101749,0.56066,69.93663929,0.2002357143,0.3571428571,1,1,0,0.0,0,352,234.0,159.44,11.46353929,1.469678571,0.56066,1,0.56066,1569.848,6.908754779,6.330896685,12.18496948,5.077920041,10.37657735,7.937731775,2025-11-03 05:38:35.641484,159.44,0,1,0,0,0.56066,0.56066,19.3918774,1.292820517,0,0.25402201,1,2800,0.0,69.93663929,6.0,1.0,2,1,0.56066
940,2001-11-24,FL,560,531,2,0.0,5000,611.09,0.1222,240959.49,8.0,3.0,0.0,1.0,0,0,0,145.0,73.0,107.74,107.74,241.0,122.7,29570.22,2022-12-13 15:21:00,0.0,0,0.0,3200,Female,23,0,0.122218,0,1,2022-12-01,0,0.0,0.0,0.002536069445,0.122218,75.29984063,0.190965625,1.5625,1,1,0,0.0,0,382,241.0,107.74,9.24069375,1.1503125,0.122218,0,0.122218,391.0976,8.517393171,6.416879331,12.39238826,4.688959712,10.29455687,8.07121854,2025-11-03 05:37:35.641484,107.74,0,1,0,0,0.122218,0.122218,20.3918774,1.236336489,0,0.1581195617,0,3200,0.1222,75.29984063,8.0,0.0,2,1,0.122218
941,1979-12-17,CA,732,600,3,1.0,2000,1554.59,0.7773,117953.85,12.0,3.0,0.0,0.0,0,0,0,102.0,83.3,148.0,148.0,237.0,158.17,37486.79,2023-07-04 04:36:00,0.0,0,0.0,2900,Female,45,0,0.777295,0,0,2023-07-01,1,0.3333333333,2000.0,0.01317964611,0.777295,40.67374138,0.5360655172,0.6896551724,1,1,0,0.0,0,180,237.0,148.0,12.92647931,1.636241379,0.0,0,0.777295,2254.1555,7.601402335,7.349610174,11.6780572,5.003946306,10.53177056,7.972810784,2025-11-03 05:36:35.641484,148.0,0,1,0,0,0.777295,0.777295,0.0,1.270054539,0,0.1788118906,0,2900,0.7773,40.67374138,12.0,0.0,3,0,0.777295
942,1967-01-08,NY,765,489,4,1.0,20000,7049.52,0.3525,184171.97,11.0,2.0,0.0,0.0,0,0,0,181.0,114.0,167.72,167.72,228.0,93.5,21317.16,2022-10-09 16:12:00,0.0,0,0.0,4300,Male,58,0,0.352476,0,0,2022-10-01,1,0.25,2500.0,0.03827683442,0.352476,42.8306907,1.639423256,4.651162791,1,1,0,0.0,0,447,228.0,167.72,4.95747907,0.6523255814,0.0,0,0.352476,1515.6468,9.903537551,8.860856652,12.12363065,5.128240536,9.967314571,8.366602833,2025-11-03 05:36:35.641484,167.72,0,1,0,0,0.352476,0.352476,0.0,1.28914549,0,0.1774838894,1,4300,0.3525,42.8306907,11.0,0.0,4,0,0.352476
943,1995-06-13,IL,613,561,2,0.0,2000,442.56,0.2213,296493.72,7.0,2.0,0.0,1.0,0,0,0,33.5,9.5,497.18,497.18,233.0,126.65,29509.12,2022-09-02 12:21:00,0.0,0,0.0,2800,Male,30,0,0.22128,0,1,2022-09-01,0,0.0,0.0,0.001492645443,0.22128,105.8906143,0.1580571429,0.7142857143,1,1,0,0.0,0,484,233.0,497.18,10.53897143,1.356964286,0.22128,0,0.0,619.584,7.601402335,6.09483308,12.59978469,6.210961458,10.29248853,7.937731775,2025-11-03 05:38:35.641484,497.18,0,1,0,0,0.22128,0.22128,19.3918774,1.38081123,0,0.2466704183,0,2800,0.2213,105.8906143,7.0,0.0,2,1,0.22128
944,1976-01-18,MI,737,512,4,1.0,48500,20848.4875,0.7569,50116.57,17.0,3.0,1.0,0.0,0,0,0,149.0,107.2,35.03,35.03,250.0,153.92,38478.84,2022-05-21 22:50:00,0.0,0,0.0,2800,Female,49,0,0.7569006,0,0,2022-05-01,1,0.25,2500.0,0.4889038178,0.7569006,17.898775,6.45558796,15.64516129,1,1,0,1.0,0,588,250.0,35.03,13.74244286,1.649142857,0.0,0,0.7569006,2119.32168,10.81979828,10.54128137,10.82212692,3.584351925,10.55788975,7.937731775,2025-11-03 05:39:35.641484,35.03,0,1,0,0,0.7569006,0.7569006,0.0,1.146560442,0,0.2049746933,0,2800,0.7569,17.898775,17.0,1.0,4,0,0.7569006
945,1979-06-08,MI,700,796,4,0.0,20000,6386.14,0.3193,40594.26,7.0,3.0,1.0,0.0,0,0,0,162.0,67.0,15.69,15.69,249.0,177.72,44252.1,2022-06-03 09:33:00,0.0,0,0.0,2600,Male,46,0,0.319307,0,0,2022-06-01,1,0.0,0.0,0.1573163299,0.319307,15.61317692,2.456207692,7.692307692,1,1,0,0.0,0,576,249.0,15.69,17.02003846,2.050615385,0.0,0,0.319307,830.1982,9.903537551,8.762041873,10.61140659,2.814809738,10.6976807,7.863651265,2025-11-03 05:39:35.641484,15.69,0,1,0,0,0.319307,0.319307,0.0,1.116305612,0,0.1664515697,1,2600,0.3193,15.61317692,7.0,1.0,4,0,0.319307
946,1985-05-27,TX,541,729,2,1.0,40000,20848.4875,0.5827,23307.52,4.0,3.0,1.0,1.0,0,0,0,49.0,27.5,67.91,67.91,208.0,181.28,37706.59,2023-08-13 18:57:00,0.0,0,0.0,3200,Male,40,0,0.582688,0,1,2023-08-01,0,0.5,2500.0,0.4889038178,0.582688,7.2836,6.45558796,12.5,1,1,0,1.0,0,139,208.0,67.91,11.78330938,1.6995,0.582688,1,0.0,1864.6016,10.59665973,10.05657424,10.05657424,4.232801305,10.53761668,8.07121854,2025-11-03 05:37:35.641484,67.91,0,1,0,0,0.582688,0.582688,20.3918774,1.123399233,0,0.2531660864,0,3200,0.5827,7.2836,4.0,1.0,2,1,0.582688
947,2001-06-04,TN,654,503,2,0.0,20000,459.78,0.023,112589.36,9.0,3.0,1.0,2.0,0,0,0,135.0,106.0,101.23,101.23,225.0,159.52,35893.08,2022-02-17 20:45:00,0.0,0,0.0,3200,Female,24,0,0.022989,0,1,2022-02-01,0,0.0,0.0,0.004083689613,0.022989,35.184175,0.14368125,6.25,1,1,0,0.0,0,681,225.0,101.23,11.2165875,1.4955,0.022989,1,0.022989,73.5648,9.903537551,6.132920706,11.63151138,4.627225177,10.48832766,8.07121854,2025-11-03 05:39:35.641484,101.23,0,1,0,0,0.022989,0.022989,18.3918774,1.234524457,0,0.2176017337,1,3200,0.023,35.184175,9.0,1.0,2,1,0.022989
948,1968-03-08,TN,557,505,4,2.0,31000,8134.01,0.2624,303944.6,16.0,3.0,1.0,1.0,0,0,0,152.0,110.0,245.06,245.06,197.0,223.74,44076.77,2023-12-31 11:20:00,0.0,0,0.0,3500,Female,57,0,0.262387419,0,0,2023-12-01,0,0.5,2500.0,0.02676148877,0.262387419,86.84131429,2.324002857,8.857142857,1,1,0,0.5,0,0,197.0,245.06,12.59336286,1.917771429,0.0,0,0.262387419,918.3559665,10.34177474,9.003932249,12.62460402,5.505575409,10.69371085,8.160803921,2025-11-03 05:39:35.641484,245.06,0,1,0,0,0.2623874194,0.2623874194,0.0,1.112342433,0,0.1607778282,1,3500,0.2624,86.84131429,16.0,1.0,4,0,0.262387419
949,1967-07-03,MA,714,534,4,1.0,30000,20848.4875,0.8746,347025.86,14.0,3.0,2.5,0.0,0,0,0,183.0,109.8,270.53,270.53,219.0,164.03,35923.01,2023-01-12 10:38:00,0.0,0,0.0,3400,Female,58,0,0.874560333,0,0,2023-01-01,1,0.25,2500.0,0.07560476905,0.874560333,102.0664294,6.45558796,8.823529412,1,1,1,3.0,0,353,219.0,270.53,10.56559118,1.447323529,0.0,0,0.874560333,2973.505132,10.30898599,10.17495678,12.75715746,5.604072631,10.48916115,8.131824785,2025-11-03 05:38:35.641484,270.53,0,1,0,0,0.8745603333,0.8745603333,0.0,1.323801117,0,0.2437283972,1,3400,0.8746,102.0664294,14.0,2.5,4,0,0.874560333
95,1965-11-27,IN,545,531,4,1.0,32000,3652.6,0.1141,22549.22,9.0,3.0,0.0,1.0,0,0,0,125.0,70.8,21.79,21.79,237.0,107.76,25539.46,2022-01-09 01:52:00,0.0,1445,0.0,3400,Female,59,0,0.11414375,0,0,2022-01-01,0,0.25,2500.0,0.16198343,0.11414375,6.632123529,1.074294118,9.411764706,1,1,0,0.0,0,721,237.0,21.79,7.511605882,0.9508235294,0.0,0,0.11414375,388.08875,10.37352243,8.203468262,10.0235001,3.126321843,10.14801914,8.131824785,2025-11-03 05:38:35.641484,21.79,0,1,0,0,0.11414375,0.11414375,0.0,1.101275129,0,0.1409538942,0,3400,0.1141,6.632123529,9.0,0.0,4,0,0.11414375
950,1983-05-11,TX,767,739,3,0.0,20000,11224.35,0.5612,11780.94,5.0,3.0,0.0,2.5,0,0,0,158.0,97.7,159.72,159.72,244.0,89.36,21803.96,2022-06-04 18:00:00,0.0,0,0.0,4300,Male,42,0,0.5612175,0,0,2022-06-01,1,0.0,0.0,0.4889038178,0.5612175,2.739753488,2.610313953,4.651162791,1,1,0,0.0,0,574,244.0,159.72,5.070688372,0.6234418605,0.0,0,0.5612175,2413.23525,9.903537551,9.325929893,9.37432313,5.079663721,9.989892746,8.366602833,2025-11-03 05:36:35.641484,159.72,0,1,0,0,0.5612175,0.5612175,0.0,1.192745816,0,0.2712611891,0,4300,0.5612,2.739753488,5.0,0.0,3,0,0.5612175
951,2000-08-01,VA,565,585,3,0.0,5000,1349.44,0.2699,204030.16,8.0,3.0,0.0,0.0,0,0,0,181.0,162.0,218.72,218.72,211.0,180.71,38130.22,2022-05-28 23:34:00,0.0,0,0.0,2200,Male,25,0,0.269888,0,0,2022-05-01,0,0.0,0.0,0.006613924137,0.269888,92.74098182,0.6133818182,2.272727273,1,1,0,0.0,0,581,211.0,218.72,17.33191818,2.464227273,0.0,0,0.269888,593.7536,8.517393171,7.208185744,12.22602801,5.392354008,10.54878865,7.696667082,2025-11-03 05:36:35.641484,218.72,0,1,0,0,0.269888,0.269888,0.0,1.257724922,0,0.1401971221,0,2200,0.2699,92.74098182,8.0,0.0,3,0,0.269888
952,1977-05-19,GA,560,706,4,0.0,20000,15511.63,0.7756,89411.29,5.0,2.0,0.0,0.0,0,0,0,185.0,128.5,1120.67,1120.67,237.0,162.98,38626.5,2022-01-13 14:33:00,0.0,0,0.0,2300,Female,48,0,0.7755815,0,0,2022-01-01,0,0.0,0.0,0.1734862566,0.7755815,38.87447391,6.45558796,8.695652174,1,1,0,0.0,0,716,237.0,1120.67,16.79413043,2.125826087,0.0,0,0.7755815,1783.83745,9.903537551,9.64940981,11.40101342,7.722008856,10.56171974,7.74109909,2025-11-03 05:38:35.641484,1120.67,0,1,0,0,0.7755815,0.7755815,0.0,1.358722855,0,0.2029930768,1,2300,0.7756,38.87447391,5.0,0.0,4,0,0.7755815
953,1980-08-12,MO,530,666,3,0.0,0,0.0,0.0,511797.19,13.0,3.0,0.0,0.0,0,0,0,162.0,113.7,257.53,257.53,218.0,214.22,46699.4,2023-09-11 03:50:00,0.0,0,0.0,3100,Female,45,0,0.49068525,0,0,2023-09-01,0,0.0,0.0,0.0,0.49068525,165.0958677,0.0,0.0,1,1,0,0.0,0,111,218.0,257.53,15.06432258,2.073096774,0.0,0,0.477859,1590.507672,2.416580621,1.973596521,13.14568567,5.555011741,10.75150801,8.039479919,2025-11-03 05:38:35.641484,257.53,0,1,0,0,0.0,0.0,0.0,1.250905002,0,0.2722106281,1,3100,0.0,165.0958677,13.0,0.0,3,0,0.49068525
954,1996-04-24,IN,550,583,2,0.0,1000,987.03,0.0,427352.47,6.0,2.0,0.0,0.0,0,0,0,42.0,31.0,26.39,26.39,251.0,159.16,39950.37,2023-10-29 16:34:00,0.0,0,0.0,2300,Female,29,0,0.98703,0,1,2023-10-01,0,0.0,0.0,0.00230963916,0.98703,183.5765946,0.4291434783,0.4347826087,1,1,0,0.0,0,62,251.0,26.39,17.36972609,2.076,0.5846375,0,0.0,2270.169,6.908754779,6.895713062,12.96536675,3.310177983,10.59541824,7.74109909,2025-11-03 05:37:35.641484,26.39,0,1,0,0,0.98703,0.98703,20.3918774,1.133256935,0,0.1657904953,1,2300,0.0,183.5765946,6.0,0.0,2,1,0.98703
955,1980-03-01,MI,692,605,3,1.0,1000,259.11,0.0,82266.03,7.0,3.0,1.0,1.0,1,975,0,162.0,92.0,24.05,24.05,235.0,108.57,25514.4,2023-09-28 17:39:00,0.0,0,0.0,3900,Male,45,0,0.25911,0,0,2023-09-01,1,0.3333333333,1000.0,0.003149659708,0.25911,21.09385385,0.06643846154,0.2564102564,1,1,0,1.0,0,93,235.0,24.05,6.542153846,0.8351538462,0.0,0,0.25911,1010.529,6.908754779,5.561104618,11.3177257,3.220873828,10.14703747,8.26898821,2025-11-03 05:37:35.641484,24.05,0,1,0,0,0.25911,0.25911,0.0,1.114522194,0,0.19688622,1,3900,0.0,21.09385385,7.0,1.0,3,0,0.25911
956,1966-04-18,VA,654,738,4,0.0,30000,20848.4875,0.8448,50967.47,11.0,3.0,0.0,2.5,0,0,0,131.0,56.2,434.45,434.45,218.0,142.02,30960.49,2022-06-22 23:57:00,0.0,0,0.0,3000,Male,59,0,0.844828,0,0,2022-06-01,0,0.0,0.0,0.4889038178,0.844828,16.98915667,6.45558796,10.0,1,1,0,0.0,0,556,218.0,434.45,10.32016333,1.4202,0.0,0,0.844828,2534.484,10.30898599,10.14036989,10.83896249,6.076379979,10.34049945,8.006700845,2025-11-03 05:37:35.641484,434.45,0,1,0,0,0.844828,0.844828,0.0,1.377564111,0,0.2557533317,1,3000,0.8448,16.98915667,11.0,0.0,4,0,0.844828
957,1965-06-01,PA,523,670,2,0.0,1000,881.19,0.0,361046.86,1.0,3.0,2.0,1.0,0,0,0,166.0,155.5,65.9,65.9,243.0,158.47,38507.47,2022-06-19 04:38:00,0.0,0,0.0,2600,Female,60,0,0.88119,0,1,2022-06-01,0,0.0,0.0,0.002440652717,0.88119,138.8641769,0.3389192308,0.3846153846,1,1,0,0.0,0,560,243.0,65.9,14.81056538,1.8285,0.5846375,2,0.88119,2291.094,6.908754779,6.782407452,12.7967658,4.203198967,10.5586335,7.863651265,2025-11-03 05:36:35.641484,65.9,0,1,0,0,0.88119,0.88119,21.3918774,1.19297612,0,0.2499755969,0,2600,0.0,138.8641769,1.0,2.0,2,1,0.88119
958,1984-02-07,TN,664,557,4,0.0,1000,740.82,0.0,371112.35,11.0,3.0,1.0,1.0,0,0,0,149.0,97.2,865.68,865.68,238.0,182.36,43401.55,2023-11-21 07:27:00,0.0,0,0.0,2700,Male,41,0,0.74082,0,0,2023-11-01,0,0.0,0.0,0.001996214893,0.74082,137.4490185,0.2743777778,0.3703703704,1,1,0,0.0,0,40,238.0,865.68,16.07464815,2.026222222,0.0,0,0.74082,2000.214,6.908754779,6.609106626,12.82426282,6.76466982,10.67827347,7.901377354,2025-11-03 05:38:35.641484,865.68,0,1,0,0,0.74082,0.74082,0.0,1.381103814,0,0.146421846,1,2700,0.0,137.4490185,11.0,1.0,4,0,0.74082
959,1980-07-16,NY,596,699,3,0.0,1000,700.24,0.7002,78800.85,8.0,2.0,0.0,2.5,0,0,0,117.0,78.7,166.87,166.87,231.0,193.09,44602.82,2023-04-05 16:36:00,0.0,0,0.0,4000,Male,45,0,0.70024,0,0,2023-04-01,0,0.0,0.0,0.008886198563,0.70024,19.7002125,0.17506,0.25,1,1,0,0.0,0,269,231.0,166.87,11.150705,1.448175,0.0,0,0.70024,2800.96,6.908754779,6.552850196,11.27469175,5.12318987,10.70557478,8.294299609,2025-11-03 05:36:35.641484,166.87,0,1,0,0,0.70024,0.70024,0.0,1.251202558,0,0.1536223509,1,4000,0.7002,19.7002125,8.0,0.0,3,0,0.70024
96,1984-11-04,IL,797,579,2,0.0,5000,3458.34,0.6917,4121.48,5.0,2.0,1.0,2.0,0,0,0,33.5,16.0,231.35,231.35,241.0,107.71,25958.99,2022-07-09 08:39:00,0.0,736,0.0,4700,Female,40,0,0.691668,0,1,2022-07-01,1,0.0,0.0,0.4889038178,0.691668,0.8769106383,0.7358170213,1.063829787,1,1,0,0.0,0,540,241.0,231.35,5.523189362,0.6875106383,0.5846375,1,0.0,3250.8396,8.517393171,8.148833098,8.324210203,5.448244856,10.16431179,8.455530531,2025-11-03 05:37:35.641484,231.35,0,1,0,0,0.691668,0.691668,20.3918774,1.300049231,0,0.1723458268,0,4700,0.6917,0.8769106383,5.0,1.0,2,1,0.691668
960,1974-12-09,TX,689,744,4,0.0,30000,20848.4875,0.8661,239714.0,11.0,2.0,0.0,1.0,0,0,0,91.0,51.2,109.9,109.9,210.0,190.8,40068.47,2022-04-04 21:18:00,0.0,0,0.0,3900,Male,50,0,0.866146333,0,0,2022-04-01,1,0.0,0.0,0.1083974653,0.866146333,61.46512821,6.45558796,7.692307692,1,1,0,0.0,0,635,210.0,109.9,10.27396667,1.467692308,0.0,0,0.866146333,3377.970699,10.30898599,10.16528974,12.387206,4.708628894,10.59836998,8.26898821,2025-11-03 05:36:35.641484,109.9,0,1,0,0,0.8661463333,0.8661463333,0.0,1.164128976,0,0.2666473391,0,3900,0.8661,61.46512821,11.0,0.0,4,0,0.866146333
961,1967-04-28,TN,495,554,3,0.0,40000,13349.89,0.3337,13349.89,3.0,1.0,1.0,0.0,0,0,0,138.0,133.3,668.66,668.66,226.0,185.02,41813.44,2022-11-27 20:33:00,0.0,0,0.0,2400,Male,58,0,0.33374725,0,0,2022-11-01,0,0.0,0.0,0.4889038178,0.33374725,5.562454167,5.562454167,15.64516129,1,1,0,0.0,0,398,226.0,668.66,17.42226667,2.31275,0.0,0,0.33374725,800.9934,10.59665973,9.499338328,9.499338328,6.506770121,10.64099701,7.783640596,2025-11-03 05:38:35.641484,668.66,0,1,0,0,0.33374725,0.33374725,0.0,1.369151691,0,0.1883080593,1,2400,0.3337,5.562454167,3.0,1.0,3,0,0.33374725
962,1991-12-12,MA,744,523,2,0.0,1000,233.87,0.0,26168.7,8.0,2.0,1.0,2.0,0,0,0,154.0,129.0,699.75,699.75,218.0,112.92,24616.42,2023-12-11 21:44:00,0.0,0,0.0,4400,Female,33,0,0.23387,0,1,2023-12-01,1,0.0,0.0,0.008937012538,0.23387,5.947431818,0.05315227273,0.2272727273,1,1,0,0.0,0,19,218.0,699.75,5.594640909,0.7699090909,0.23387,1,0.23387,1029.028,6.908754779,5.45903217,10.17235753,6.55215119,10.1112096,8.389587067,2025-11-03 05:37:35.641484,699.75,0,1,0,0,0.23387,0.23387,20.3918774,1.340015293,0,0.2110928258,1,4400,0.0,5.947431818,8.0,1.0,2,1,0.23387
963,1970-10-04,TN,641,564,4,0.0,20000,13372.76,0.6686,203679.13,12.0,3.0,2.5,0.0,0,0,0,141.0,118.8,226.69,226.69,234.0,154.83,36229.31,2023-11-15 11:53:00,0.0,0,0.0,3200,Male,55,0,0.668638,0,0,2023-11-01,0,0.0,0.0,0.06565601493,0.668638,63.64972813,4.1789875,6.25,1,1,1,0.0,0,45,234.0,226.69,11.32165938,1.45153125,0.0,0,0.668638,2139.6416,9.903537551,9.501049857,12.22430605,5.427985055,10.49765134,8.07121854,2025-11-03 05:36:35.641484,226.69,0,1,0,0,0.668638,0.668638,0.0,1.31861628,0,0.1569755076,1,3200,0.6686,63.64972813,12.0,2.5,4,0,0.668638
964,1973-11-27,PA,511,498,3,0.0,5000,4237.19,0.8474,346489.61,7.0,2.0,1.0,2.0,0,0,0,115.0,97.7,93.51,93.51,247.0,224.95,53705.59,2022-09-21 21:10:00,0.0,0,0.0,2900,Female,51,0,0.847438,0,0,2022-09-01,0,0.0,0.0,0.01222890926,0.847438,119.4791759,1.4611,1.724137931,1,1,0,0.0,0,465,247.0,93.51,18.8428536,2.327068966,0.0,0,0.847438,2457.5702,8.517393171,8.35189157,12.755611,4.548705649,10.92529601,7.972810784,2025-11-03 05:37:35.641484,93.51,0,1,0,0,0.847438,0.847438,0.0,1.185636499,0,0.1696053742,0,2900,0.8474,119.4791759,7.0,1.0,3,0,0.847438
965,1969-10-19,NY,774,746,4,0.0,30000,7756.62,0.2586,184674.3,9.0,3.0,1.0,1.0,0,0,0,165.0,150.0,38.2,38.2,211.0,132.06,27864.91,2023-11-07 04:16:00,0.0,0,0.0,3900,Female,56,0,0.258554,0,0,2023-11-01,1,0.0,0.0,0.04200162123,0.258554,47.35238462,1.988876923,7.692307692,1,1,0,0.0,0,54,211.0,38.2,7.144848718,1.015846154,0.0,0,0.258554,1008.3606,10.30898599,8.956430865,12.12635443,3.668676747,10.23515936,8.26898821,2025-11-03 05:38:35.641484,38.2,0,1,0,0,0.258554,0.258554,0.0,1.168515476,0,0.1933200397,0,3900,0.2586,47.35238462,9.0,1.0,4,0,0.258554
966,1992-11-05,OH,694,763,2,0.0,1000,157.44,0.0,146151.65,5.0,3.0,1.0,0.0,0,0,0,166.0,154.0,33.76,33.76,245.0,94.23,23087.01,2022-03-24 19:40:00,0.0,0,0.0,2500,Female,32,0,0.15744,0,1,2022-03-01,1,0.0,0.0,0.00107723724,0.15744,58.46066,0.062976,0.4,1,1,0,0.0,0,646,245.0,33.76,9.234804,1.13076,0.15744,1,0.15744,393.6,6.908754779,5.065375973,11.8924069,3.5484673,10.04706871,7.824445931,2025-11-03 05:37:35.641484,33.76,0,1,0,0,0.15744,0.15744,20.3918774,1.054324709,0,0.1623430632,0,2500,0.0,58.46066,5.0,1.0,2,1,0.15744
967,1983-05-28,NC,640,484,2,0.0,10000,2245.52,0.2246,106541.07,7.0,3.0,1.0,2.0,0,0,0,187.0,176.0,87.2,87.2,239.0,170.73,40804.63,2023-07-14 11:05:00,0.0,0,0.0,3000,Male,42,0,0.224552,0,1,2023-07-01,0,0.0,0.0,0.021076567,0.224552,35.51369,0.7485066667,3.333333333,1,1,0,0.0,0,170,239.0,87.2,13.60154333,1.7073,0.224552,1,0.224552,673.656,9.210440367,7.717137631,11.57629521,4.479606963,10.61657534,8.006700845,2025-11-03 05:38:35.641484,87.2,0,1,0,0,0.224552,0.224552,19.3918774,1.211808528,0,0.2770196546,1,3000,0.2246,35.51369,7.0,1.0,2,1,0.224552
968,1990-12-27,NC,750,686,3,0.0,1000,324.5,0.0,379286.45,9.0,3.0,0.0,1.0,0,0,0,189.0,143.3,398.5,398.5,239.0,122.32,29233.34,2022-08-17 18:18:00,0.0,0,0.0,4100,Male,34,0,0.3245,0,0,2022-08-01,1,0.0,0.0,0.000855553896,0.3245,92.50889024,0.07914634146,0.243902439,1,1,0,0.0,0,500,239.0,398.5,7.130082927,0.8950243902,0.0,0,0.3245,1330.45,6.908754779,5.785362462,12.84604964,5.990213765,10.28309932,8.318986125,2025-11-03 05:38:35.641484,398.5,0,1,0,0,0.3245,0.3245,0.0,1.363153527,0,0.2378591491,1,4100,0.0,92.50889024,9.0,0.0,3,0,0.3245
969,1985-08-09,OH,585,656,3,1.0,10000,5870.36,0.587,378928.46,10.0,3.0,0.0,0.0,0,0,0,175.0,109.0,114.15,114.15,229.0,138.61,31741.32,2022-05-26 15:43:00,0.0,0,0.0,3500,Male,40,0,0.587036,0,0,2022-05-01,0,0.3333333333,2500.0,0.01549200079,0.587036,108.2652743,1.677245714,2.857142857,1,1,0,0.0,0,583,229.0,114.15,9.068948571,1.188085714,0.0,0,0.587036,2054.626,9.210440367,8.677841573,12.84510535,4.746235626,10.36540609,8.160803921,2025-11-03 05:36:35.641484,114.15,0,1,0,0,0.587036,0.587036,0.0,1.264367143,0,0.1513663319,0,3500,0.587,108.2652743,10.0,0.0,3,0,0.587036
97,1981-02-04,IN,728,648,3,0.0,2000,849.1,0.4246,132875.76,10.0,3.0,2.5,0.0,0,0,0,172.0,134.7,1120.67,1120.67,232.0,128.57,29828.2,2022-09-17 00:24:00,0.0,1612,0.0,3000,Female,44,0,0.42455,0,0,2022-09-01,1,0.0,0.0,0.006390179819,0.42455,44.29192,0.2830333333,0.6666666667,1,1,1,0.0,0,470,232.0,1120.67,9.942733333,1.2857,0.0,0,0.42455,1273.65,7.601402335,6.74535399,11.79717736,7.767865002,10.30324306,8.006700845,2025-11-03 05:39:35.641484,1120.67,0,1,0,0,0.42455,0.42455,0.0,1.312309639,0,0.1172185127,1,3000,0.4246,44.29192,10.0,2.5,3,0,0.42455
970,1969-04-05,MO,581,523,3,0.0,1000,646.63,0.0,20841.91,9.0,3.0,0.0,0.0,0,0,0,188.0,151.0,39.45,39.45,231.0,139.28,32173.06,2022-04-12 19:31:00,0.0,0,0.0,4000,Female,56,0,0.64663,0,0,2022-04-01,0,0.0,0.0,0.03102546744,0.64663,5.2104775,0.1616575,0.25,1,1,0,0.0,0,627,231.0,39.45,8.043265,1.0446,0.0,0,0.64663,2586.52,6.908754779,6.473319546,9.944769121,3.700066644,10.37891582,8.294299609,2025-11-03 05:39:35.641484,39.45,0,1,0,0,0.64663,0.64663,0.0,1.172235565,0,0.1536412443,1,4000,0.0,5.2104775,9.0,0.0,3,0,0.64663
971,1971-03-04,WA,755,679,3,1.0,11000,9903.44,0.9003,12316.09,7.0,2.0,2.0,0.0,0,0,0,181.0,151.0,1120.67,1120.67,225.0,139.67,31425.8,2023-12-06 22:57:00,0.0,0,0.0,3300,Female,54,0,0.900312727,0,0,2023-12-01,1,0.3333333333,2500.0,0.4889038178,0.900312727,3.732148485,3.001042424,3.333333333,1,1,0,2.0,0,24,225.0,1120.67,9.522969697,1.269727273,0.0,0,0.900312727,2971.031999,9.305741457,9.20073842,9.418743008,7.652778334,10.35541631,8.101980732,2025-11-03 05:36:35.641484,1120.67,0,1,0,0,0.9003127273,0.9003127273,0.0,1.316664485,0,0.1961243501,1,3300,0.9003,3.732148485,7.0,2.0,3,0,0.900312727
972,1993-08-11,MI,746,589,3,0.0,15000,9242.1,0.6161,17220.01,8.0,2.0,1.0,0.0,0,0,0,172.0,129.7,73.32,73.32,217.0,127.19,27600.64,2022-06-04 05:10:00,0.0,0,0.0,4000,Female,32,0,0.61614,0,0,2022-06-01,1,0.0,0.0,0.4889038178,0.61614,4.3050025,2.310525,3.75,1,1,0,0.0,0,575,217.0,73.32,6.90016,0.953925,0.0,0,0.61614,2464.56,9.615872145,9.131632606,9.753885429,4.308380095,10.22563047,8.294299609,2025-11-03 05:36:35.641484,73.32,0,1,0,0,0.61614,0.61614,0.0,1.23931204,0,0.1641013901,0,4000,0.6161,4.3050025,8.0,1.0,3,0,0.61614
973,1972-09-12,AZ,741,746,3,1.0,2000,851.82,0.4259,4703.81,9.0,3.0,0.0,0.0,0,0,0,118.0,83.7,44.55,44.55,237.0,83.06,19685.3,2022-02-01 23:22:00,0.0,0,0.0,3400,Female,53,0,0.42591,0,0,2022-02-01,1,0.3333333333,2000.0,0.1810914982,0.42591,1.383473529,0.2505352941,0.5882352941,1,1,0,0.0,0,697,237.0,44.55,5.789794118,0.7328823529,0.0,0,0.42591,1448.094,7.601402335,6.748548505,8.456340669,3.818810624,9.887678241,8.131824785,2025-11-03 05:37:35.641484,44.55,0,1,0,0,0.42591,0.42591,0.0,1.047654652,0,0.1495487116,0,3400,0.4259,1.383473529,9.0,0.0,3,0,0.42591
974,1993-05-15,NJ,561,494,4,1.0,10000,8599.95,0.86,296196.58,17.0,3.0,0.0,2.5,0,0,0,188.0,133.8,87.14,87.14,240.0,212.88,51090.16,2023-08-15 10:56:00,0.0,0,0.0,3500,Female,32,0,0.859995,0,0,2023-08-01,0,0.25,2500.0,0.02903460263,0.859995,84.62759429,2.457128571,2.857142857,1,1,0,0.0,0,138,240.0,87.14,14.59718857,1.824685714,0.0,0,0.859995,3009.9825,9.210440367,9.059627941,12.59878201,4.478926459,10.84136677,8.160803921,2025-11-03 05:38:35.641484,87.14,0,1,0,0,0.859995,0.859995,0.0,1.182027228,0,0.2435852549,0,3500,0.86,84.62759429,17.0,0.0,4,0,0.859995
975,1972-02-06,GA,603,696,2,0.0,2000,1594.02,0.797,11314.38,7.0,3.0,0.0,0.0,0,0,0,54.0,38.0,446.74,446.74,227.0,132.43,30060.69,2022-11-19 17:16:00,0.0,0,0.0,3500,Female,53,0,0.79701,0,1,2022-11-01,0,0.0,0.0,0.140884432,0.79701,3.23268,0.4554342857,0.5714285714,1,1,0,0.0,0,406,227.0,446.74,8.588768571,1.135114286,0.5846375,0,0.79701,2789.535,7.601402335,7.374641554,9.333918141,6.104212707,10.31100688,8.160803921,2025-11-03 05:39:35.641484,446.74,0,1,0,0,0.79701,0.79701,18.3918774,1.384836597,0,0.2205491261,1,3500,0.797,3.23268,7.0,0.0,2,1,0.79701
976,1967-04-27,NC,510,612,2,1.0,1000,634.13,0.6341,18379.45,5.0,3.0,1.0,1.0,0,0,0,183.0,145.0,180.63,180.63,211.0,194.87,41117.61,2022-04-19 20:13:00,0.0,0,0.0,2900,Male,58,0,0.63413,0,1,2022-04-01,0,0.5,1000.0,0.03450212057,0.63413,6.337741379,0.2186655172,0.3448275862,1,1,0,1.0,0,620,211.0,180.63,14.17848621,2.015896552,0.5846375,1,0.63413,1838.977,6.908754779,6.453829702,9.819042879,5.201971651,10.6242161,7.972810784,2025-11-03 05:38:35.641484,180.63,0,1,0,0,0.63413,0.63413,19.3918774,1.215018097,0,0.2922129082,1,2900,0.6341,6.337741379,5.0,1.0,2,1,0.63413
977,1974-02-23,OH,543,543,2,0.0,2000,1387.0,0.6935,12526.59,5.0,3.0,1.0,2.0,0,0,0,105.0,57.0,166.95,166.95,243.0,176.52,42893.18,2023-03-27 17:27:00,0.0,0,0.0,3400,Male,51,0,0.6935,0,1,2023-03-01,0,0.0,0.0,0.1107244669,0.6935,3.684291176,0.4079411765,0.5882352941,1,1,0,0.0,0,278,243.0,166.95,12.61564118,1.557529412,0.5846375,1,0.6935,2357.9,7.601402335,7.235619141,9.435688691,5.123666316,10.66649143,8.131824785,2025-11-03 05:38:35.641484,166.95,0,1,0,0,0.6935,0.6935,19.3918774,1.26603238,0,0.2041952329,0,3400,0.6935,3.684291176,5.0,1.0,2,1,0.6935
978,1987-07-17,NY,632,712,4,1.0,35000,20848.4875,0.84,127398.11,13.0,3.0,2.0,0.0,0,0,0,121.0,82.2,397.96,397.96,218.0,138.44,30179.15,2022-06-19 14:46:00,0.0,0,0.0,2500,Female,38,0,0.839981714,0,0,2022-06-01,0,0.25,2500.0,0.2307676307,0.839981714,50.959244,6.45558796,14.0,1,1,0,2.0,0,559,218.0,397.96,12.07166,1.66128,0.0,0,0.839981714,2099.954285,10.46313191,10.2887622,11.75508004,5.988861161,10.3149397,7.824445931,2025-11-03 05:37:35.641484,397.96,0,1,0,0,0.8399817143,0.8399817143,0.0,1.377679609,0,0.1334813643,1,2500,0.84,50.959244,13.0,2.0,4,0,0.839981714
979,1984-05-27,WA,600,659,2,0.0,5000,2346.95,0.4694,157534.12,5.0,2.0,0.0,0.0,0,0,0,64.0,60.5,116.74,116.74,214.0,157.35,33673.79,2023-10-04 06:44:00,0.0,0,0.0,3900,Male,41,0,0.46939,0,1,2023-10-01,0,0.0,0.0,0.01489804241,0.46939,40.3933641,0.6017820513,1.282051282,1,1,0,0.0,0,88,214.0,116.74,8.634305128,1.210384615,0.46939,0,0.46939,1830.621,8.517393171,7.761297886,11.9674037,4.768478804,10.42450477,8.26898821,2025-11-03 05:39:35.641484,116.74,0,1,0,0,0.46939,0.46939,18.3918774,1.237434255,0,0.1304906678,1,3900,0.4694,40.3933641,5.0,0.0,2,1,0.46939
98,1974-05-10,WI,779,769,4,0.0,1000,148.83,0.0,28470.06,15.0,3.0,2.0,1.0,0,0,0,161.0,81.2,395.33,395.33,231.0,156.71,36199.45,2023-12-29 10:39:00,9.0,558,0.016129032,3100,Male,51,0,0.14883,1,0,2023-12-01,1,0.0,0.0,0.005227596991,0.14883,9.183890323,0.04800967742,0.3225806452,1,1,0,0.0,0,2,231.0,395.33,11.67724194,1.516548387,0.0,0,0.14883,461.373,6.908754779,5.009501318,10.25664341,5.982247198,10.49682683,8.039479919,2025-11-03 05:37:35.641484,395.33,0,1,0,0,0.14883,0.14883,0.0,1.368061037,0,0.2149836722,0,3100,0.0,9.183890323,15.0,2.0,4,0,0.14883
980,1966-07-28,MA,625,673,3,1.0,13000,4192.08,0.3225,4192.08,13.0,2.0,2.0,0.0,0,0,0,160.0,132.3,117.56,117.56,210.0,148.02,31084.23,2023-05-03 15:08:00,0.0,0,0.0,3500,Female,59,0,0.322467692,0,0,2023-05-01,0,0.3333333333,2500.0,0.4889038178,0.322467692,1.197737143,1.197737143,3.714285714,1,1,0,2.0,0,241,210.0,117.56,8.881208571,1.268742857,0.0,0,0.322467692,1128.636922,9.472781557,8.341190826,8.341190826,4.775419162,10.34448807,8.160803921,2025-11-03 05:39:35.641484,117.56,0,1,0,0,0.3224676923,0.3224676923,0.0,1.243488474,0,0.3369037023,1,3500,0.3225,1.197737143,13.0,2.0,3,0,0.322467692
981,2000-12-18,OH,533,744,2,0.0,10000,977.15,0.0977,102639.81,5.0,2.0,2.0,1.0,0,0,0,72.0,58.5,170.52,170.52,247.0,123.93,30609.81,2023-12-08 19:44:00,0.0,0,0.0,2900,Female,24,0,0.097715,0,1,2023-12-01,0,0.0,0.0,0.009520185199,0.097715,35.39303793,0.3369482759,3.448275862,1,1,0,0.0,0,22,247.0,170.52,10.5551069,1.282034483,0.097715,2,0.097715,283.3735,9.210440367,6.885663033,11.53899089,5.144699878,10.32910849,7.972810784,2025-11-03 05:39:35.641484,170.52,0,1,0,0,0.097715,0.097715,18.3918774,1.269447382,0,0.1401505972,1,2900,0.0977,35.39303793,5.0,2.0,2,1,0.097715
982,1971-08-04,IL,664,530,3,0.0,48500,20848.4875,0.4205,37961.68,7.0,3.0,1.0,0.0,0,0,0,145.0,91.3,468.27,468.27,246.0,125.27,30817.19,2022-06-17 16:48:00,0.0,0,0.0,3500,Male,54,0,0.4205156,0,0,2022-06-01,0,0.0,0.0,0.4889038178,0.4205156,10.84619429,6.007365714,14.28571429,1,1,0,0.0,0,561,246.0,468.27,8.804911429,1.073742857,0.0,0,0.4205156,1471.8046,10.81979828,9.953552142,10.54435885,6.151178296,10.33586038,8.160803921,2025-11-03 05:37:35.641484,468.27,0,1,0,0,0.4205156,0.4205156,0.0,1.360250194,0,0.1438914531,0,3500,0.4205,10.84619429,7.0,1.0,3,0,0.4205156
983,1972-01-02,OH,697,521,2,0.0,1000,494.43,0.0,39040.24,3.0,2.0,1.0,2.0,0,0,0,134.0,124.0,148.96,148.96,233.0,121.59,28330.45,2023-07-01 07:18:00,0.0,0,0.0,3100,Female,53,0,0.49443,0,1,2023-07-01,1,0.0,0.0,0.01266462501,0.49443,12.59362581,0.1594935484,0.3225806452,1,1,0,0.0,0,183,233.0,148.96,9.138854839,1.176677419,0.49443,1,0.49443,1532.733,6.908754779,6.205426072,10.5723738,5.010368592,10.25172777,8.039479919,2025-11-03 05:39:35.641484,148.96,0,1,0,0,0.49443,0.49443,18.3918774,1.290213987,0,0.1540174615,1,3100,0.0,12.59362581,3.0,1.0,2,1,0.49443
984,1973-04-27,PA,511,546,3,0.0,10000,2057.91,0.2058,83592.6,11.0,2.0,0.0,0.0,0,0,0,33.5,24.0,30.89,30.89,220.0,202.33,44513.29,2022-02-06 02:58:00,0.0,0,0.0,2800,Female,52,0,0.205791,0,0,2022-02-01,0,0.0,0.0,0.02461832746,0.205791,29.8545,0.7349678571,3.571428571,1,1,0,0.0,0,693,220.0,30.89,15.89760357,2.167821429,0.0,0,0.0,576.2148,9.210440367,7.629931996,11.33372224,3.462292481,10.70356554,7.937731775,2025-11-03 05:36:35.641484,30.89,0,1,0,0,0.205791,0.205791,0.0,1.095253596,0,0.1589708091,1,2800,0.2058,29.8545,11.0,0.0,3,0,0.205791
985,1988-11-21,TX,589,519,2,1.0,10000,4619.78,0.462,4885.55,5.0,2.0,0.0,0.0,0,0,0,159.0,156.0,47.65,47.65,237.0,158.76,37625.07,2023-03-05 12:46:00,0.0,0,0.0,3500,Male,36,0,0.461978,0,1,2023-03-01,0,0.5,2500.0,0.4889038178,0.461978,1.395871429,1.319937143,2.857142857,1,1,0,0.0,0,300,237.0,47.65,10.75002,1.3608,0.461978,0,0.461978,1616.923,9.210440367,8.438318801,8.494241812,3.884651809,10.53545244,8.160803921,2025-11-03 05:38:35.641484,47.65,0,1,0,0,0.461978,0.461978,19.3918774,1.174222294,0,0.1782303617,0,3500,0.462,1.395871429,5.0,0.0,2,1,0.461978
986,2002-10-09,TX,749,781,4,0.0,5000,2782.07,0.5564,190261.84,13.0,3.0,2.0,1.0,0,0,0,163.0,79.2,265.67,265.67,218.0,119.55,26061.37,2022-11-14 22:15:00,0.0,0,0.0,4400,Male,23,0,0.556414,0,0,2022-11-01,1,0.0,0.0,0.01462232258,0.556414,43.24132727,0.6322886364,1.136363636,1,1,0,0.0,0,411,218.0,265.67,5.923038636,0.8151136364,0.0,0,0.556414,2448.2216,8.517393171,7.931309914,12.15616176,5.586011939,10.16824779,8.389587067,2025-11-03 05:39:35.641484,265.67,0,1,0,0,0.556414,0.556414,0.0,1.371572557,0,0.3108024247,0,4400,0.5564,43.24132727,13.0,2.0,4,0,0.556414
987,1966-02-07,MA,615,696,4,2.0,35000,20848.4875,0.9473,539949.03,12.0,3.0,0.0,1.0,0,0,0,178.0,100.8,975.41,975.41,250.0,157.2,39299.37,2022-08-18 21:28:00,0.0,0,0.0,4000,Female,59,0,0.947287143,0,0,2022-08-01,0,0.5,2500.0,0.0614040366,0.947287143,134.9872575,6.45558796,8.75,1,1,0,0.0,0,499,250.0,975.41,9.8248425,1.179,0.0,0,0.947287143,3789.148572,10.46313191,10.40898048,13.19923188,6.88388258,10.57898921,8.294299609,2025-11-03 05:37:35.641484,975.41,0,1,0,0,0.9472871429,0.9472871429,0.0,1.37447194,0,0.1474847769,1,4000,0.9473,134.9872575,12.0,0.0,4,0,0.947287143
988,1973-02-28,NC,730,563,2,0.0,10000,2369.91,0.237,9429.32,3.0,2.0,2.0,1.0,0,0,0,161.0,131.5,532.25,532.25,236.0,96.9,22868.72,2023-07-22 10:02:00,0.0,0,0.0,3100,Male,52,0,0.236991,0,1,2023-07-01,1,0.0,0.0,0.2513341365,0.236991,3.041716129,0.7644870968,3.225806452,1,1,0,0.0,0,162,236.0,532.25,7.377006452,0.9377419355,0.236991,2,0.236991,734.6721,9.210440367,7.771029127,9.151685309,6.278990357,10.03756904,8.039479919,2025-11-03 05:39:35.641484,532.25,0,1,0,0,0.236991,0.236991,18.3918774,1.32364188,0,0.2310170765,1,3100,0.237,3.041716129,3.0,2.0,2,1,0.236991
989,1972-01-15,NY,738,728,3,1.0,6000,2299.58,0.3833,15014.48,11.0,3.0,2.0,1.0,0,0,0,136.0,61.3,690.06,690.06,238.0,102.5,24394.9,2023-01-22 09:41:00,0.0,0,0.0,3800,Female,53,0,0.383263333,0,0,2023-01-01,1,0.3333333333,2500.0,0.1531574853,0.383263333,3.951178947,0.6051526316,1.578947368,1,1,0,2.0,0,343,238.0,690.06,6.419710526,0.8092105263,0.0,0,0.383263333,1456.400665,8.699681401,7.740916544,9.616836948,6.538226651,10.10217036,8.243019469,2025-11-03 05:38:35.641484,690.06,0,1,0,0,0.3832633333,0.3832633333,0.0,1.322273277,0,0.2100207657,1,3800,0.3833,3.951178947,11.0,2.0,3,0,0.383263333
99,1978-12-11,AZ,641,566,2,0.0,1000,710.52,0.0,257735.8,3.0,3.0,0.0,0.0,0,0,0,40.0,20.5,958.43,958.43,222.0,104.06,23101.93,2022-01-10 06:34:00,0.0,1778,0.0,3100,Female,46,0,0.71052,0,1,2022-01-01,0,0.0,0.0,0.002756776513,0.71052,83.14058065,0.2292,0.3225806452,1,1,0,0.0,0,720,222.0,958.43,7.452235484,1.007032258,0.5846375,0,0.0,2202.612,6.908754779,6.567403527,12.45969419,6.866339358,10.04771473,8.039479919,2025-11-03 05:38:35.641484,958.43,0,1,0,0,0.71052,0.71052,19.3918774,1.261779006,0,0.2753125236,1,3100,0.0,83.14058065,3.0,0.0,2,1,0.71052
990,1975-10-14,PA,546,588,4,0.0,20000,17947.18,0.8974,322282.54,14.0,3.0,0.0,0.0,0,0,0,170.0,103.5,145.66,145.66,198.0,236.44625,48760.88,2022-12-30 20:15:00,0.0,0,0.0,3300,Male,50,0,0.897359,0,0,2022-12-01,0,0.0,0.0,0.05568772047,0.897359,97.66137576,5.438539394,6.060606061,1,1,0,0.0,0,365,198.0,145.66,14.77602424,2.238818182,0.0,0,0.897359,2961.2847,9.903537551,9.795243996,12.683187,4.988116983,10.79470414,8.101980732,2025-11-03 05:39:35.641484,145.66,0,1,0,0,0.897359,0.897359,0.0,1.041915005,0,0.2224089796,1,3300,0.8974,97.66137576,14.0,0.0,4,0,0.897359
991,1996-01-13,MI,722,560,2,0.0,30000,12085.11,0.4028,14431.94,6.0,3.0,2.0,1.0,0,0,0,75.0,53.0,132.78,132.78,247.0,117.69,29068.32,2022-05-12 01:40:00,0.0,0,0.0,3600,Female,29,0,0.402837,0,1,2022-05-01,1,0.0,0.0,0.4889038178,0.402837,4.008872222,3.356975,8.333333333,1,1,0,0.0,0,598,247.0,132.78,8.074533333,0.98075,0.402837,2,0.402837,1450.2132,10.30898599,9.399812138,9.577268373,4.89619666,10.2774386,8.188966864,2025-11-03 05:36:35.641484,132.78,0,1,0,0,0.402837,0.402837,21.3918774,1.236461546,0,0.227422609,0,3600,0.4028,4.008872222,6.0,2.0,2,1,0.402837
992,1976-06-07,WA,540,536,3,0.0,30000,20848.4875,0.7258,53363.85,6.0,3.0,1.0,2.0,0,0,0,179.0,73.3,48.17,48.17,234.0,169.14,39578.95,2022-06-24 02:55:00,0.0,0,0.0,3300,Female,49,0,0.725785333,0,0,2022-06-01,0,0.0,0.0,0.4080207856,0.725785333,16.17086364,6.45558796,9.090909091,1,1,0,0.0,0,555,234.0,48.17,11.99362121,1.537636364,0.0,0,0.725785333,2395.091599,10.30898599,9.988497595,10.88490757,3.895283681,10.58607796,8.101980732,2025-11-03 05:37:35.641484,48.17,0,1,0,0,0.7257853333,0.7257853333,0.0,1.169747591,0,0.2226018943,1,3300,0.7258,16.17086364,6.0,1.0,3,0,0.725785333
993,1982-05-15,IL,669,500,2,0.0,30000,4828.51,0.161,16351.22,6.0,3.0,1.0,1.0,1,1735,0,33.5,17.5,1120.67,1120.67,244.0,127.42,31091.56,2023-10-30 14:34:00,0.0,0,0.0,3000,Male,43,0,0.160950333,0,1,2023-10-01,0,0.0,0.0,0.2952996779,0.160950333,5.450406667,1.609503333,10.0,1,1,0,0.0,0,61,244.0,1120.67,10.36385333,1.2742,0.160950333,1,0.0,482.850999,10.30898599,8.482500292,9.702118947,7.636949874,10.34472384,8.006700845,2025-11-03 05:36:35.641484,1120.67,0,1,0,0,0.1609503333,0.1609503333,21.3918774,1.322375082,0,0.2192395405,1,3000,0.161,5.450406667,6.0,1.0,2,1,0.160950333
994,1967-10-20,WI,540,636,3,0.0,30000,20848.4875,0.8249,284687.01,4.0,2.0,0.0,1.0,0,0,0,121.0,69.0,64.6,64.6,249.0,124.96,31114.4,2022-04-19 17:07:00,0.0,0,0.0,3200,Female,58,0,0.824947,0,0,2022-04-01,0,0.0,0.0,0.08693199595,0.824947,88.96469063,6.45558796,9.375,1,1,0,0.0,0,620,249.0,64.6,9.72325,1.1715,0.0,0,0.824947,2639.8304,10.30898599,10.11655693,12.55914916,4.183575696,10.34545815,8.07121854,2025-11-03 05:39:35.641484,64.6,0,1,0,0,0.824947,0.824947,0.0,1.17120255,0,0.1831063216,1,3200,0.8249,88.96469063,4.0,0.0,3,0,0.824947
995,1980-11-10,CO,635,728,3,2.0,1000,682.98,0.0,404999.52,9.0,3.0,0.0,0.0,0,0,0,179.0,93.0,128.75,128.75,219.0,110.09,24108.65,2023-07-26 16:39:00,0.0,0,0.0,3600,Male,44,0,0.68298,0,0,2023-07-01,0,0.6666666667,500.0,0.001686372369,0.68298,112.4998667,0.1897166667,0.2777777778,1,1,0,0.0,0,157,219.0,128.75,6.696847222,0.9174166667,0.0,0,0.68298,2458.728,6.908754779,6.527928677,12.91164363,4.865609522,10.09036745,8.188966864,2025-11-03 05:39:35.641484,128.75,0,1,0,0,0.68298,0.68298,0.0,1.31086159,0,0.1451967659,1,3600,0.0,112.4998667,9.0,0.0,3,0,0.68298
996,1991-09-16,NY,553,781,4,1.0,1000,592.58,0.5926,72118.97,12.0,3.0,0.0,1.0,0,0,0,183.0,103.2,78.01,78.01,252.0,109.33,27550.67,2023-08-07 06:02:00,0.0,0,0.0,3200,Female,34,0,0.59258,0,0,2023-08-01,0,0.25,1000.0,0.008216700821,0.59258,22.53717813,0.18518125,0.3125,1,1,0,0.0,0,146,252.0,78.01,8.609584375,1.02496875,0.0,0,0.59258,1896.256,6.908754779,6.386171999,11.18608626,4.369574427,10.22381843,8.07121854,2025-11-03 05:38:35.641484,78.01,0,1,0,0,0.59258,0.59258,0.0,1.152015997,0,0.1764206825,1,3200,0.5926,22.53717813,12.0,0.0,4,0,0.59258
997,1970-05-13,IL,504,625,4,0.0,1000,894.73,0.0,392006.01,9.0,3.0,1.0,0.0,0,0,0,78.0,49.0,610.47,610.47,241.0,129.4,31186.09,2022-01-01 03:24:00,0.0,0,0.0,3000,Male,55,0,0.89473,0,0,2022-01-01,0,0.0,0.0,0.002282439496,0.89473,130.66867,0.2982433333,0.3333333333,1,1,0,0.0,0,729,241.0,610.47,10.39536333,1.294,0.0,0,0.89473,2684.19,6.908754779,6.797639028,12.879035,6.415865894,10.34775951,8.006700845,2025-11-03 05:37:35.641484,610.47,0,1,0,0,0.89473,0.89473,0.0,1.374846307,0,0.2440630051,1,3000,0.0,130.66867,9.0,1.0,4,0,0.89473
998,1991-04-21,TN,573,481,2,1.0,20000,3921.35,0.1961,3921.35,6.0,3.0,0.0,1.0,0,0,0,128.0,119.0,70.11,70.11,223.0,193.71,43196.54,2023-08-05 00:14:00,0.0,0,0.0,2700,Male,34,0,0.1960675,0,1,2023-08-01,0,0.5,2500.0,0.4889038178,0.1960675,1.452351852,1.452351852,7.407407407,1,1,0,0.0,0,148,223.0,70.11,15.99871852,2.152333333,0.1960675,0,0.1960675,529.38225,9.903537551,8.274446243,8.274446243,4.264227974,10.67353883,7.901377354,2025-11-03 05:38:35.641484,70.11,0,1,0,0,0.1960675,0.1960675,19.3918774,1.162195885,0,0.327636683,1,2700,0.1961,1.452351852,6.0,0.0,2,1,0.1960675
999,1980-11-26,IN,760,514,4,2.0,1000,352.03,0.0,24100.82,13.0,3.0,1.0,1.0,0,0,0,179.0,130.8,153.13,153.13,235.0,100.39,23592.79,2023-05-05 12:39:00,0.0,0,0.0,3500,Female,44,0,0.35203,0,0,2023-05-01,1,0.5,500.0,0.01460655696,0.35203,6.885948571,0.10058,0.2857142857,1,1,0,0.5,0,239,235.0,153.13,6.740797143,0.8604857143,0.0,0,0.35203,1232.105,6.908754779,5.866553039,10.09004264,5.037796402,10.06873882,8.160803921,2025-11-03 05:38:35.641484,153.13,0,1,0,0,0.35203,0.35203,0.0,1.265392834,0,0.1504802054,1,3500,0.0,6.885948571,13.0,1.0,4,0,0.35203
